iter,time,x,y,z,roll,pitch,yaw,fx,fz
0.000000000000000000e+00,0.000000000000000000e+00,4.750000000000000000e+00,1.000000000000000056e-01,0.000000000000000000e+00,0.000000000000000000e+00,0.000000000000000000e+00,5.000000000000000278e-02,-8.127392735332250595e-02,1.715103027643635869e+00
1.000000000000000000e+00,1.000000000000000021e-03,4.750000000000000000e+00,1.000000000000000056e-01,0.000000000000000000e+00,0.000000000000000000e+00,0.000000000000000000e+00,5.000000000000000278e-02,-8.141719643026590347e-02,2.026961439172737300e+00
2.000000000000000000e+00,2.000000000000000042e-03,4.749999952708305884e+00,9.999747361417254954e-02,-6.210684116586423858e-06,2.245396665146587312e-06,3.822692451249665169e-06,5.000864732430893023e-02,-8.738192729651927948e-02,3.280382171273231506e+00
3.000000000000000000e+00,3.000000000000000062e-03,4.749999853886748724e+00,9.999250505266291111e-02,-1.839534961836684581e-05,7.464290251571470414e-06,1.078137930132783140e-05,5.002607190800715392e-02,-9.537590667605400085e-02,3.882064212113618851e+00
4.000000000000000000e+00,4.000000000000000083e-03,4.749999682677908730e+00,9.998544099677471320e-02,-3.587155901745723224e-05,1.856504620975640840e-05,1.722661398440017422e-05,5.004991266053818860e-02,-1.025885362178087234e-01,4.272722899913787842e+00
5.000000000000000000e+00,5.000000000000000104e-03,4.749999420003967465e+00,9.997645732000015606e-02,-5.822928181468289182e-05,3.689837597405445924e-05,2.167898075566832006e-05,5.007858942927184698e-02,-1.060898024588823318e-01,4.470084846019744873e+00
6.000000000000000000e+00,6.000000000000000125e-03,4.749999050392073485e+00,9.996565972771652431e-02,-8.529034667428253406e-05,6.209104625140224321e-05,2.288585076248850214e-05,5.011106773095568012e-02,-5.597104690968990326e-02,4.440780133008956909e+00
7.000000000000000000e+00,7.000000000000000146e-03,4.749998564907675025e+00,9.995311686070100510e-02,-1.169375337603690830e-04,9.698090365623662779e-05,2.030563179933331242e-05,5.014664706097014812e-02,-5.387081950902938843e-02,4.407099202275276184e+00
8.000000000000000000e+00,8.000000000000000167e-03,4.749998012842285178e+00,9.993948777478231515e-02,-1.530430498859185889e-04,1.407050108186286286e-04,1.449855113899722880e-05,5.018139545857466799e-02,-5.388471763581037521e-02,4.516057237982749939e+00
9.000000000000000000e+00,9.000000000000001055e-03,4.749997402422930115e+00,9.992467711484899484e-02,-1.935060863673866585e-04,1.925767717563670045e-04,5.956264653494969252e-06,5.021608996049911622e-02,-5.354299768805503845e-02,4.525276459753513336e+00
1.000000000000000000e+01,1.000000000000000194e-02,4.749996736864352087e+00,9.990856121624486219e-02,-2.381046445222237276e-04,2.529495779049345527e-04,-5.100615694919596876e-06,5.025152815192530931e-02,-5.262679606676101685e-02,4.500201165676116943e+00
1.100000000000000000e+01,1.100000000000000283e-02,4.749996017229985767e+00,9.989109068524741619e-02,-2.867900657518449785e-04,3.224373864823479319e-04,-1.855460605826309006e-05,5.028793451680619447e-02,-5.637126695364713669e-02,4.525494880974292755e+00
1.200000000000000000e+01,1.200000000000000372e-02,4.749995241547289915e+00,9.987225416646899889e-02,-3.395517152043952755e-04,4.028580147407527512e-04,-3.425177745608465329e-05,5.032493457583650520e-02,-5.534627847373485565e-02,4.657024621963500977e+00
1.300000000000000000e+01,1.300000000000000461e-02,4.749994403312575386e+00,9.985203212930332528e-02,-3.963317245303969792e-04,4.960494330795324480e-04,-5.211950601613501988e-05,5.036256785905871003e-02,-4.790892871096730232e-02,4.623962469398975372e+00
1.400000000000000000e+01,1.400000000000000550e-02,4.749993500677524239e+00,9.983045580765467775e-02,-4.568818516881510672e-04,6.035683993098374389e-04,-7.195639707724410528e-05,5.040074624343149345e-02,-5.331227136775851250e-02,4.984585672616958618e+00
1.500000000000000000e+01,1.500000000000000638e-02,4.749992543378810161e+00,9.980751543014756977e-02,-5.212339008921378688e-04,7.260947725947694553e-04,-9.371192986273868542e-05,5.043945607327983416e-02,-5.644000228494405746e-02,5.055966407060623169e+00
1.600000000000000000e+01,1.600000000000000727e-02,4.749991524545438715e+00,9.978313627725594881e-02,-5.895579575409948389e-04,8.638641205413223612e-04,-1.196488645700544140e-04,5.047874722484839427e-02,-4.551607370376586914e-02,4.932761743664741516e+00
1.700000000000000000e+01,1.700000000000000816e-02,4.749990440548828907e+00,9.975730287471461233e-02,-6.616897067210156117e-04,1.016593371140156465e-03,-1.495607350929795132e-04,5.051882579751651448e-02,-5.487922299653291702e-02,4.811843827366828918e+00
1.800000000000000000e+01,1.800000000000000905e-02,4.749989304735110274e+00,9.973003688998532956e-02,-7.375260610467395620e-04,1.182576712159599808e-03,-1.825270767832343211e-04,5.055984145932020113e-02,-5.020444653928279877e-02,4.707349509000778198e+00
1.900000000000000000e+01,1.900000000000000994e-02,4.749988111305455618e+00,9.970131866419935929e-02,-8.170443491441829178e-04,1.357938319526963422e-03,-2.179057880853374485e-04,5.060311580331494641e-02,-3.727237135171890259e-02,4.689823612570762634e+00
2.000000000000000000e+01,2.000000000000001082e-02,4.749986873264843368e+00,9.967108740844633774e-02,-9.003710005589201683e-04,1.544045903614683912e-03,-2.556227558230261820e-04,5.064891635459528585e-02,-3.877272270619869232e-02,4.664304375648498535e+00
2.100000000000000000e+01,2.100000000000001171e-02,4.749985605650414833e+00,9.963940117738347146e-02,-9.875119655649909709e-04,1.738437988574332432e-03,-2.956164009075834542e-04,5.069686798949145368e-02,-3.880928270518779755e-02,4.751941487193107605e+00
2.200000000000000000e+01,2.200000000000001260e-02,4.749984307388083415e+00,9.960626848503149888e-02,-1.078429780910224395e-03,1.939928823559901316e-03,-3.376431819619440944e-04,5.074681229525530163e-02,-8.185089752078056335e-02,5.015983104705810547e+00
2.300000000000000000e+01,2.300000000000001349e-02,4.749982975487243131e+00,9.957177267748573701e-02,-1.173210188738728690e-03,2.147707658868836661e-03,-3.824000451433384740e-04,5.079827375962890634e-02,-1.025542002171278000e-01,4.964949369430541992e+00
2.400000000000000000e+01,2.400000000000001438e-02,4.749981539783534323e+00,9.953620767406348713e-02,-1.272182286838874875e-03,2.365448651479990644e-03,-4.322162469370116611e-04,5.084917886488879435e-02,-1.143548774998635054e-01,4.793245047330856323e+00
2.500000000000000000e+01,2.500000000000001527e-02,4.749979974431503216e+00,9.949950333314595829e-02,-1.375167790713249924e-03,2.595632187347055031e-03,-4.862597100878662815e-04,5.089946541750265535e-02,-1.159620871767401695e-01,4.656802237033843994e+00
2.600000000000000000e+01,2.600000000000001615e-02,4.749978261734109530e+00,9.946180188200787198e-02,-1.482117466414641961e-03,2.835828715120919385e-03,-5.435588699858051598e-04,5.094934297342711138e-02,-1.235946640372276306e-01,4.730082780122756958e+00
2.700000000000000000e+01,2.700000000000001704e-02,4.749976398173848757e+00,9.942317304582133641e-02,-1.593025895900731289e-03,3.086418187476003966e-03,-6.034515818804653264e-04,5.099861719696832663e-02,-1.205860115587711334e-01,4.766464114189147949e+00
2.800000000000000000e+01,2.800000000000001793e-02,4.749974372132766298e+00,9.938358638699038017e-02,-1.707814294230893979e-03,3.350783827022116995e-03,-6.660191100824608412e-04,5.104661624315992574e-02,-1.159410728141665459e-01,4.676113694906234741e+00
2.900000000000000000e+01,2.900000000000001882e-02,4.749972192050854858e+00,9.934284716415106575e-02,-1.826498158665365969e-03,3.632021388101383530e-03,-7.314843333272591508e-04,5.109419294413091589e-02,-1.097246725112199783e-01,4.579963356256484985e+00
3.000000000000000000e+01,3.000000000000001971e-02,4.749969874267749859e+00,9.930076353336583783e-02,-1.949105168357228137e-03,3.930847964184660398e-03,-7.995144538968101955e-04,5.114263223905747557e-02,-1.015595821663737297e-01,4.753946572542190552e+00
3.100000000000000000e+01,3.100000000000002059e-02,4.749967420679318764e+00,9.925743453931866467e-02,-2.075576195502046393e-03,4.244383194222996203e-03,-8.694598132206188268e-04,5.119125444670444280e-02,-1.003048964776098728e-01,4.761606618762016296e+00
3.200000000000000000e+01,3.200000000000002148e-02,4.749964850695466367e+00,9.921274659997213197e-02,-2.206422010844131133e-03,4.569814929095906281e-03,-9.438317275749508184e-04,5.124088579513412511e-02,-9.506568871438503265e-02,4.816708892583847046e+00
3.300000000000000000e+01,3.300000000000002237e-02,4.749962164991165636e+00,9.916681851474494491e-02,-2.341783464982669614e-03,4.902834862371203972e-03,-1.023130328500210240e-03,5.129093337119671608e-02,-1.184511356987059116e-01,4.997311234474182129e+00
3.400000000000000000e+01,3.400000000000002326e-02,4.749959359821946947e+00,9.912001557419873599e-02,-2.481873165279523032e-03,5.233927401604915319e-03,-1.108319554414594066e-03,5.134063977404050572e-02,-1.319409334100782871e-01,4.954142078757286072e+00
3.500000000000000000e+01,3.500000000000002415e-02,4.749956394451127828e+00,9.907270065621447130e-02,-2.627048928427082493e-03,5.566499074882449993e-03,-1.201429792042851830e-03,5.138894499672234245e-02,-1.326430418994277716e-01,4.818223819136619568e+00
3.600000000000000000e+01,3.600000000000002504e-02,4.749953241421208894e+00,9.902513000445031799e-02,-2.777403424740420256e-03,5.904310236876108425e-03,-1.302559283618442976e-03,5.143486421426206323e-02,-1.192541159689426422e-01,4.913721352815628052e+00
3.700000000000000000e+01,3.700000000000002592e-02,4.749949879976862910e+00,9.897769121960577066e-02,-2.932838632852865276e-03,6.249671225817789860e-03,-1.410732705014572375e-03,5.147586905258580425e-02,-1.227657548151910305e-01,4.917025879025459290e+00
3.800000000000000000e+01,3.800000000000002681e-02,4.749946333635110207e+00,9.893022297726414283e-02,-3.093392342847302995e-03,6.606791086379504990e-03,-1.526522710707967079e-03,5.151247427872017448e-02,-1.166098711546510458e-01,4.823328748345375061e+00
3.900000000000000000e+01,3.900000000000002770e-02,4.749942608570171032e+00,9.888264052050498021e-02,-3.258886495722470786e-03,6.971439671157091122e-03,-1.649359618141943429e-03,5.154625225482074857e-02,-1.116799288429319859e-01,4.963228255510330200e+00
4.000000000000000000e+01,4.000000000000002859e-02,4.749938720662712832e+00,9.883484335411166222e-02,-3.429400044373732970e-03,7.342030781323446303e-03,-1.779063732114449792e-03,5.157800064599372958e-02,-1.188715426251292229e-01,4.845899283885955811e+00
4.100000000000000000e+01,4.100000000000002948e-02,4.749934673154714737e+00,9.878687387839710232e-02,-3.604111586251409084e-03,7.718369065892495551e-03,-1.913578648140568106e-03,5.160794644615172844e-02,-1.098508381983265281e-01,4.728617683053016663e+00
4.200000000000000000e+01,4.200000000000003036e-02,4.749930453349024972e+00,9.873882419813614919e-02,-3.782961615045863681e-03,8.101809441981688842e-03,-2.052146489878836633e-03,5.163517929786979460e-02,-1.081393854692578316e-01,4.582658089697360992e+00
4.300000000000000000e+01,4.300000000000003125e-02,4.749926078004881980e+00,9.869070413136980802e-02,-3.966173512053002351e-03,8.492702103165147842e-03,-2.194957647456252658e-03,5.166074254372196584e-02,-9.934823098592460155e-02,4.528105296194553375e+00
4.400000000000000000e+01,4.400000000000003214e-02,4.749921546070916989e+00,9.864255412823920433e-02,-4.153918844617365998e-03,8.892442788336445136e-03,-2.341888249210111184e-03,5.168424881585030606e-02,-9.429157164413481951e-02,4.472166270017623901e+00
4.500000000000000000e+01,4.500000000000003303e-02,4.749916877976690266e+00,9.859418664673329225e-02,-4.346263427703312386e-03,9.306503649405439837e-03,-2.492902639596783487e-03,5.170699425356214962e-02,-9.125216747634112835e-02,4.385881900787353516e+00
4.600000000000000000e+01,4.600000000000003392e-02,4.749912084291632475e+00,9.854548008036741191e-02,-4.543099650432944579e-03,9.741003737217639180e-03,-2.647373653022144779e-03,5.172877211512012102e-02,-1.046734806150197983e-01,4.347088173031806946e+00
4.700000000000000000e+01,4.700000000000003481e-02,4.749907167460029278e+00,9.849649777990922284e-02,-4.744488150983788670e-03,1.019287656720559154e-02,-2.805088226102814275e-03,5.174886815485568031e-02,-8.710885350592434406e-02,4.596838980913162231e+00
4.800000000000000000e+01,4.800000000000003569e-02,4.749902098078776724e+00,9.844752631360977058e-02,-4.950398322614851451e-03,1.065519437044574677e-02,-2.965767745568115288e-03,5.176718141155643715e-02,-9.963084245100617409e-02,4.985537424683570862e+00
4.900000000000000000e+01,4.900000000000003658e-02,4.749896895772984351e+00,9.839859108577292401e-02,-5.159982105874639374e-03,1.112059345531009324e-02,-3.127778046949192259e-03,5.178277580556248094e-02,-1.086423699744045734e-01,4.967221036553382874e+00
5.000000000000000000e+01,5.000000000000003747e-02,4.749891553035634040e+00,9.834943911316533505e-02,-5.372219552195981775e-03,1.159621828037511737e-02,-3.289580234453470808e-03,5.179711529186498131e-02,-1.097887214273214340e-01,5.012977838516235352e+00
5.100000000000000000e+01,5.100000000000003836e-02,4.749886068131430328e+00,9.829987496031665495e-02,-5.587119060468932578e-03,1.208566888041618867e-02,-3.451122764872582849e-03,5.181179039349970150e-02,-1.179404871072620153e-01,5.157530963420867920e+00
5.200000000000000000e+01,5.200000000000003925e-02,4.749880437041220205e+00,9.824997067329031830e-02,-5.804953961020893789e-03,1.258918519014218251e-02,-3.613530260713870845e-03,5.182704828689783938e-02,-1.005575070157647133e-01,5.045878186821937561e+00
5.300000000000000000e+01,5.300000000000004013e-02,4.749874667036340981e+00,9.819956097019254260e-02,-6.026016190517731290e-03,1.310482923152649776e-02,-3.778450958926260483e-03,5.184395022703131711e-02,-9.286495763808488846e-02,4.931175589561462402e+00
5.400000000000000000e+01,5.400000000000004102e-02,4.749868783893577806e+00,9.814870633456106164e-02,-6.250383473865255175e-03,1.363207548839036332e-02,-3.945632382418517992e-03,5.186378457611590109e-02,-8.880656212568283081e-02,4.841801688075065613e+00
5.500000000000000000e+01,5.500000000000004191e-02,4.749862793258835758e+00,9.809744664447454798e-02,-6.478147507698156157e-03,1.417081366309346294e-02,-4.114833313677346283e-03,5.188579087064484896e-02,-9.256026288494467735e-02,4.861452519893646240e+00
5.600000000000000000e+01,5.600000000000004280e-02,4.749856709150137135e+00,9.804567245134115927e-02,-6.709478200577834346e-03,1.472066047435488176e-02,-4.286214503736118786e-03,5.191171499849990545e-02,-7.270862691802904010e-02,4.909342318773269653e+00
5.700000000000000000e+01,5.700000000000004369e-02,4.749850529728576909e+00,9.799338169816776412e-02,-6.944426941630156731e-03,1.528265457298424654e-02,-4.460048117119974620e-03,5.194216208563251502e-02,-7.680718926712870598e-02,5.093527987599372864e+00
5.800000000000000000e+01,5.800000000000004458e-02,4.749844265316611747e+00,9.794087290993108708e-02,-7.182957208414116057e-03,1.585484151519897175e-02,-4.636430772948729739e-03,5.197508149045133863e-02,-4.917345521971583366e-02,5.179280310869216919e+00
5.900000000000000000e+01,5.900000000000004546e-02,4.749837904779313114e+00,9.788812645327778228e-02,-7.424482664002032654e-03,1.643954956926238498e-02,-4.814288033684110957e-03,5.200991819394056026e-02,-7.343021989800035954e-02,5.182630330324172974e+00
6.000000000000000000e+01,6.000000000000004635e-02,4.749831485786262242e+00,9.783528078105525883e-02,-7.668740189911864291e-03,1.703496607104843658e-02,-4.993156090693284810e-03,5.204650079116177747e-02,-7.787520624697208405e-02,5.311140745878219604e+00
6.100000000000000000e+01,6.100000000000004724e-02,4.749824973118892402e+00,9.778235092702691755e-02,-7.915963435602470580e-03,1.764144062838668078e-02,-5.173826465853625933e-03,5.208471559497869496e-02,-5.684596579521894455e-02,5.629102140665054321e+00
6.200000000000000000e+01,6.200000000000004813e-02,4.749818356050729662e+00,9.772947579735509482e-02,-8.166114818049389004e-03,1.825457543414415670e-02,-5.356780230673541254e-03,5.212387487942274356e-02,-8.272623782977461815e-02,5.919695943593978882e+00
6.300000000000000000e+01,6.300000000000004208e-02,4.749811666385005182e+00,9.767669203952639156e-02,-8.419479504194431543e-03,1.887248594287237180e-02,-5.544451226569435676e-03,5.216315473362902189e-02,-7.942288834601640701e-02,6.109741762280464172e+00
6.400000000000000000e+01,6.400000000000004297e-02,4.749804859728195439e+00,9.762430285623334425e-02,-8.676295506198352867e-03,1.949309378849618801e-02,-5.738990414641875759e-03,5.220133741340195199e-02,-9.435294242575764656e-02,6.210820406675338745e+00
6.500000000000000000e+01,6.500000000000004385e-02,4.749797944682891959e+00,9.757222571062995620e-02,-8.936724093843013278e-03,2.011975588251180627e-02,-5.941822728343870708e-03,5.223828935015623065e-02,-9.697292000055313110e-02,6.204404607415199280e+00
6.600000000000000000e+01,6.600000000000004474e-02,4.749790902387291958e+00,9.752050461916089708e-02,-9.201021788217056060e-03,2.075595121005415628e-02,-6.154270177652687579e-03,5.227386464696672647e-02,-9.955456992611289024e-02,5.971939265727996826e+00
6.700000000000000000e+01,6.700000000000004563e-02,4.749783750145575745e+00,9.746887893737359032e-02,-9.469332011833510310e-03,2.140278051506595836e-02,-6.376792855307789054e-03,5.230997610852818058e-02,-8.262551249936223030e-02,5.841723352670669556e+00
6.800000000000000000e+01,6.800000000000004652e-02,4.749776477574753741e+00,9.741753890065545096e-02,-9.741671450182778566e-03,2.205716100056153567e-02,-6.608326459289770582e-03,5.234495415463583795e-02,-6.867478985805064440e-02,5.843287378549575806e+00
6.900000000000000000e+01,6.900000000000004741e-02,4.749769114285713911e+00,9.736637374141318690e-02,-1.001799910952312633e-02,2.271671035975325603e-02,-6.848159616098969948e-03,5.238078204423188278e-02,-9.917824389412999153e-02,5.959413826465606689e+00
7.000000000000000000e+01,7.000000000000004829e-02,4.749761684118305460e+00,9.731547159147956039e-02,-1.029843855811099149e-02,2.337992924039816386e-02,-7.096700925487198219e-03,5.241705179754660437e-02,-1.013229107484221458e-01,5.991854578256607056e+00
7.100000000000000000e+01,7.100000000000004918e-02,4.749754140498970045e+00,9.726499404526663117e-02,-1.058275506044870778e-02,2.404576519098404128e-02,-7.353735154860263634e-03,5.245397065556453575e-02,-1.100342776626348495e-01,5.965143099427223206e+00
7.200000000000000000e+01,7.200000000000005007e-02,4.749746493040145623e+00,9.721484820493850321e-02,-1.087059875988494011e-02,2.471545024922847458e-02,-7.618241967098926537e-03,5.249161455810899546e-02,-1.116680346895009279e-01,5.944530025124549866e+00
7.300000000000000000e+01,7.300000000000005096e-02,4.749738731997665830e+00,9.716509425485655993e-02,-1.116158457493099561e-02,2.538487377761221991e-02,-7.888842912453952749e-03,5.253093569445923400e-02,-1.115354580106213689e-01,5.889345049858093262e+00
7.400000000000000000e+01,7.400000000000005185e-02,4.749730847450668314e+00,9.711594403463078007e-02,-1.145564836685183246e-02,2.604719503596693991e-02,-8.165200098696479003e-03,5.257002581076993669e-02,-9.410776948789134622e-02,5.924903884530067444e+00
7.500000000000000000e+01,7.500000000000005274e-02,4.749722851727687711e+00,9.706732205500299970e-02,-1.175292922690200810e-02,2.669879789732589048e-02,-8.447567091319996280e-03,5.261146337218884639e-02,-1.157354841998312622e-01,5.834234133362770081e+00
7.600000000000000000e+01,7.600000000000005362e-02,4.749714760441481332e+00,9.701950038163571766e-02,-1.205354772342073950e-02,2.734013085367342083e-02,-8.736502823942338125e-03,5.265409703910584743e-02,-1.163951179478317499e-01,5.690174892544746399e+00
7.700000000000000000e+01,7.700000000000005451e-02,4.749706554089933697e+00,9.697238999107218871e-02,-1.235782524614022042e-02,2.797463404137450621e-02,-9.032660786165491729e-03,5.269903911684733350e-02,-1.076917828759178519e-01,5.532068490982055664e+00
7.800000000000000000e+01,7.800000000000005540e-02,4.749698227497986203e+00,9.692617870140801672e-02,-1.266583430009964387e-02,2.860115270876668198e-02,-9.335591712088753269e-03,5.274546909656486343e-02,-9.370238706469535828e-02,5.586695730686187744e+00
7.900000000000000000e+01,7.900000000000005629e-02,4.749689794349149174e+00,9.688084903411947613e-02,-1.297779605111437987e-02,2.922000145006025187e-02,-9.645250594279008993e-03,5.279218185852174727e-02,-8.960684947669506073e-02,5.801726132631301880e+00
8.000000000000000000e+01,8.000000000000005718e-02,4.749681272271382149e+00,9.683653229786309824e-02,-1.329346531265796286e-02,2.982413397906723967e-02,-9.961097023567733189e-03,5.283929444894733957e-02,-1.031767101958394051e-01,6.037860393524169922e+00
8.100000000000000000e+01,8.100000000000005806e-02,4.749672668182721935e+00,9.679322223113043244e-02,-1.361241265346350461e-02,3.041100197104977185e-02,-1.028274508028226286e-02,5.288745996525394399e-02,-1.093849835451692343e-01,6.050683856010437012e+00
8.200000000000000000e+01,8.200000000000005895e-02,4.749663956668957354e+00,9.675107918371693427e-02,-1.393427094550997100e-02,3.097887559574286770e-02,-1.061007158531923622e-02,5.293541795677065426e-02,-1.361925087403506041e-01,6.069282144308090210e+00
8.300000000000000000e+01,8.300000000000005984e-02,4.749655121796982016e+00,9.671026286271211525e-02,-1.425886796827752906e-02,3.152840466055049917e-02,-1.094257703923839919e-02,5.298305691993848709e-02,-1.546908104792237282e-01,5.988465398550033569e+00
8.400000000000000000e+01,8.400000000000006073e-02,4.749646128145077917e+00,9.667089393708865053e-02,-1.458616896891343218e-02,3.206232931508370271e-02,-1.128025681891786647e-02,5.303120309640323854e-02,-1.439412385225296021e-01,5.897582113742828369e+00
8.500000000000000000e+01,8.500000000000006162e-02,4.749636946898446510e+00,9.663295041937446095e-02,-1.491606886792872476e-02,3.258053786256377010e-02,-1.162236855653597800e-02,5.307928081662250525e-02,-1.315108072012662888e-01,5.901501953601837158e+00
8.600000000000000000e+01,8.600000000000006251e-02,4.749627583064479630e+00,9.659663914642697968e-02,-1.524836210223231084e-02,3.307987760746665395e-02,-1.196779103511946829e-02,5.312634684399429597e-02,-1.379332251381129026e-01,5.872302979230880737e+00
8.700000000000000000e+01,8.700000000000006339e-02,4.749618054686725266e+00,9.656186749770287459e-02,-1.558277031756970417e-02,3.356456313748636122e-02,-1.231559667266757252e-02,5.317188059326305449e-02,-1.381542067974805832e-01,5.877728521823883057e+00
8.800000000000000000e+01,8.800000000000006428e-02,4.749608354554982093e+00,9.652855017332176435e-02,-1.591929451254191566e-02,3.403510631678355325e-02,-1.266565263072649827e-02,5.321606572169515492e-02,-1.475874090101569891e-01,5.969622433185577393e+00
8.900000000000000000e+01,8.900000000000006517e-02,4.749598478645535415e+00,9.649678892323845791e-02,-1.625798212179599064e-02,3.449086479025717522e-02,-1.301812729275542146e-02,5.325818608398195930e-02,-1.828097160905599594e-01,6.148413062095642090e+00
9.000000000000000000e+01,9.000000000000006606e-02,4.749588410025800123e+00,9.646656338784084794e-02,-1.659864828654066676e-02,3.493035547288798892e-02,-1.337283711970771449e-02,5.329789007602531159e-02,-1.875528991222381592e-01,6.079823642969131470e+00
9.100000000000000000e+01,9.100000000000006695e-02,4.749578106413007816e+00,9.643773266162097846e-02,-1.694089821291471648e-02,3.535333515309495994e-02,-1.372933139276244496e-02,5.333613026531528606e-02,-1.786201978102326393e-01,5.993532389402389526e+00
9.200000000000000000e+01,9.200000000000006783e-02,4.749567569815712709e+00,9.641018972191361946e-02,-1.728483440537895849e-02,3.575833792787141974e-02,-1.408764781554938672e-02,5.337402403109174631e-02,-1.653161589056253433e-01,6.057221263647079468e+00
9.300000000000000000e+01,9.300000000000006872e-02,4.749556801273667972e+00,9.638408139444183675e-02,-1.763036616617296923e-02,3.614288153903563727e-02,-1.444707223599550616e-02,5.341077863098642187e-02,-1.553575675934553146e-01,6.148766309022903442e+00
9.400000000000000000e+01,9.400000000000006961e-02,4.749545808577761541e+00,9.635961199435075231e-02,-1.797728777666162889e-02,3.650283311688853199e-02,-1.480719745874203852e-02,5.344501583465818134e-02,-1.648949836380779743e-01,6.272062510251998901e+00
9.500000000000000000e+01,9.500000000000007050e-02,4.749534611882647361e+00,9.633673550180638090e-02,-1.832539946325147800e-02,3.683438654892649128e-02,-1.516783928035048135e-02,5.347837587496671180e-02,-1.668208371847867966e-01,6.314591944217681885e+00
9.600000000000000000e+01,9.600000000000007139e-02,4.749523191243565812e+00,9.631549772397074438e-02,-1.867450371359206593e-02,3.714331041065380146e-02,-1.552888482389080949e-02,5.350946836574832499e-02,-1.639808085747063160e-01,6.074177533388137817e+00
9.700000000000000000e+01,9.700000000000007228e-02,4.749511553649643503e+00,9.629581171566427289e-02,-1.902444274632935847e-02,3.743025146134890124e-02,-1.589004107854807835e-02,5.353977927626395183e-02,-1.479225829243659973e-01,5.929027318954467773e+00
9.800000000000000000e+01,9.800000000000007316e-02,4.749499708939715958e+00,9.627755496102481658e-02,-1.937570114247280650e-02,3.769967930453391181e-02,-1.625178419580985967e-02,5.356975290766413655e-02,-1.444788696244359016e-01,5.847913771867752075e+00
9.900000000000000000e+01,9.900000000000007405e-02,4.749487682357589335e+00,9.626081083056169108e-02,-1.972861044896808552e-02,3.795262694809946324e-02,-1.661453355189479453e-02,5.359959057020216577e-02,-1.354201734066009521e-01,5.854173362255096436e+00
1.000000000000000000e+02,1.000000000000000749e-01,4.749475473051707475e+00,9.624562696075689150e-02,-2.008337710674865453e-02,3.819326037285043773e-02,-1.697855622470290093e-02,5.362799474991816751e-02,-1.382179474458098412e-01,5.758792966604232788e+00
1.010000000000000000e+02,1.010000000000000758e-01,4.749463089472138577e+00,9.623209724827627709e-02,-2.044016970897756871e-02,3.842145133756932202e-02,-1.734440332561160147e-02,5.365354897865467348e-02,-1.464782673865556717e-01,5.732701241970062256e+00
1.020000000000000000e+02,1.020000000000000767e-01,4.749450539487063416e+00,9.622009786839838541e-02,-2.079928100511861319e-02,3.863473804612641005e-02,-1.771260778684990989e-02,5.367714052398891988e-02,-1.207450786605477333e-01,5.705022156238555908e+00
1.030000000000000000e+02,1.030000000000000776e-01,4.749437812340080889e+00,9.620960326063686396e-02,-2.116077530634635426e-02,3.883193351410667987e-02,-1.808325234155949701e-02,5.369858301593057742e-02,-1.320465221069753170e-01,5.858828365802764893e+00
1.040000000000000000e+02,1.040000000000000785e-01,4.749424947946146780e+00,9.620046912688250129e-02,-2.152441991948311067e-02,3.901004777719108141e-02,-1.845545096423295561e-02,5.371869702330805962e-02,-1.472505824640393257e-01,6.015569657087326050e+00
1.050000000000000000e+02,1.050000000000000794e-01,4.749411909027857703e+00,9.619285071810185217e-02,-2.188960194220640476e-02,3.916363449161858884e-02,-1.882789115216931819e-02,5.373633428415210828e-02,-1.383671949151903391e-01,6.236509114503860474e+00
1.060000000000000000e+02,1.060000000000000803e-01,4.749398668454794858e+00,9.618670883697785778e-02,-2.225597381975059560e-02,3.929473960052214804e-02,-1.920017286172459592e-02,5.375162318593692395e-02,-1.450039492920041084e-01,6.418852210044860840e+00
1.070000000000000000e+02,1.070000000000000812e-01,4.749385230731024699e+00,9.618203446495153519e-02,-2.262295193964043716e-02,3.940736694705006260e-02,-1.957138074066966382e-02,5.376378457815146616e-02,-1.517706271260976791e-01,6.471403926610946655e+00
1.080000000000000000e+02,1.080000000000000820e-01,4.749371595784721123e+00,9.617858787891818417e-02,-2.299021223209838510e-02,3.950651640400826975e-02,-1.994132615989552271e-02,5.377415725529226947e-02,-1.436552959494292736e-01,6.439257919788360596e+00
1.090000000000000000e+02,1.090000000000000829e-01,4.749357756309982470e+00,9.617629460107730843e-02,-2.335770930825616098e-02,3.959531406689879851e-02,-2.031011349863032223e-02,5.378307810658096433e-02,-1.517715648515149951e-01,6.546772330999374390e+00
1.100000000000000000e+02,1.100000000000000838e-01,4.749343729528601621e+00,9.617519883400033054e-02,-2.372564892308014553e-02,3.966964812190840878e-02,-2.067826144261442067e-02,5.379042496275828616e-02,-1.414107165765017271e-01,6.459501028060913086e+00
1.110000000000000000e+02,1.110000000000000847e-01,4.749329518096146785e+00,9.617496583566959023e-02,-2.409360824966724074e-02,3.972856151033010708e-02,-2.104493713839450386e-02,5.379891606633298295e-02,-1.547702369134640321e-01,6.375852018594741821e+00
1.120000000000000000e+02,1.120000000000000856e-01,4.749315124005706323e+00,9.617583805586357726e-02,-2.446164418576387070e-02,3.976983973107731801e-02,-2.140990783790308605e-02,5.380764247378064941e-02,-1.543622466269880533e-01,6.433303534984588623e+00
1.130000000000000000e+02,1.130000000000000865e-01,4.749300522498650423e+00,9.617800112897197107e-02,-2.482984997261299120e-02,3.978554967574401968e-02,-2.177309662156923231e-02,5.381650747970347093e-02,-1.251201108098030090e-01,6.662201523780822754e+00
1.140000000000000000e+02,1.140000000000000874e-01,4.749285714457238683e+00,9.618148710778602617e-02,-2.519832205371446907e-02,3.977439419515776259e-02,-2.213504700736668163e-02,5.382417642945979547e-02,-1.556087480857968330e-01,6.795392066240310669e+00
1.150000000000000000e+02,1.150000000000000883e-01,4.749270739546735953e+00,9.618644053067304522e-02,-2.556697730641492236e-02,3.973341642346656100e-02,-2.249655270623907022e-02,5.382996088764518960e-02,-1.379100203048437834e-01,6.890430957078933716e+00
1.160000000000000000e+02,1.160000000000000892e-01,4.749255559452122633e+00,9.619285637385058263e-02,-2.593591444930673159e-02,3.966410403838221271e-02,-2.285854990372659934e-02,5.383335182083828080e-02,-1.426909710280597210e-01,6.852520078420639038e+00
1.170000000000000000e+02,1.170000000000000900e-01,4.749240211055893113e+00,9.620062625405105539e-02,-2.630529481950368009e-02,3.956846519725984446e-02,-2.322200862593626347e-02,5.383436088814061438e-02,-1.364276430103927851e-01,6.760586261749267578e+00
1.180000000000000000e+02,1.180000000000000909e-01,4.749224692559094407e+00,9.620983826599285860e-02,-2.667549998800672340e-02,3.944656745495388889e-02,-2.358799983741488582e-02,5.383247676899607231e-02,-9.930009266827255487e-02,6.759326726198196411e+00
1.190000000000000000e+02,1.190000000000000918e-01,4.749209029971406260e+00,9.622022472670699322e-02,-2.704695282933370498e-02,3.930477737294196805e-02,-2.395750607913260666e-02,5.382872560858618927e-02,-9.119767457013949752e-02,6.698090165853500366e+00
1.200000000000000000e+02,1.200000000000000927e-01,4.749193283588870607e+00,9.623184411883731193e-02,-2.741995313163765949e-02,3.914014754920840111e-02,-2.433149706831083670e-02,5.382261566728595292e-02,-1.051164109085220844e-01,6.686359643936157227e+00
1.210000000000000000e+02,1.210000000000000936e-01,4.749177468574661276e+00,9.624470548066040021e-02,-2.779478805881223022e-02,3.895326681699694260e-02,-2.471062561991788087e-02,5.381374564821586604e-02,-1.104691910149995238e-01,6.756121128797531128e+00
1.220000000000000000e+02,1.220000000000000945e-01,4.749161571740855514e+00,9.625884708322073047e-02,-2.817172739327242562e-02,3.874257056705197183e-02,-2.509571598216031596e-02,5.380166533539582768e-02,-1.232752786017954350e-01,6.881410390138626099e+00
1.230000000000000000e+02,1.230000000000000954e-01,4.749145590057089805e+00,9.627422428093664053e-02,-2.855072744858905970e-02,3.850809001183726210e-02,-2.548695545144497032e-02,5.378648238876446164e-02,-1.343609364703297615e-01,6.880879521369934082e+00
1.240000000000000000e+02,1.240000000000000963e-01,4.749129518380054371e+00,9.629072108661763940e-02,-2.893174561875347037e-02,3.824942366081174328e-02,-2.588479230361451222e-02,5.376856840502562684e-02,-1.396119983401149511e-01,6.904016613960266113e+00
1.250000000000000000e+02,1.250000000000000833e-01,4.749113338781445925e+00,9.630849901245581990e-02,-2.931482254149038111e-02,3.796159957222085962e-02,-2.628937142087961476e-02,5.374784456089339718e-02,-1.227344949729740620e-01,6.934516519308090210e+00
1.260000000000000000e+02,1.260000000000000842e-01,4.749097052391564766e+00,9.632757214970558146e-02,-2.970016278620011066e-02,3.764078961966420278e-02,-2.670149971305280090e-02,5.372477231919355056e-02,-9.646300459280610085e-02,7.089674979448318481e+00
1.270000000000000000e+02,1.270000000000000850e-01,4.749080693802943287e+00,9.634758481018614040e-02,-3.008751727182217700e-02,3.728905838486000490e-02,-2.712052008814391790e-02,5.370075143934374684e-02,-1.027656088117510080e-01,7.281495839357376099e+00
1.280000000000000000e+02,1.280000000000000859e-01,4.749064294646333728e+00,9.636842553454930127e-02,-3.047646559549327394e-02,3.691058576666764179e-02,-2.754574326696990205e-02,5.367478888679362570e-02,-1.093265813542529941e-01,7.533352792263031006e+00
1.290000000000000000e+02,1.290000000000000868e-01,4.749047846273936280e+00,9.639000070841606538e-02,-3.086651561399284330e-02,3.650530825638956950e-02,-2.797645416127703122e-02,5.364731254190962390e-02,-1.299882918829098344e-01,7.740558713674545288e+00
1.300000000000000000e+02,1.300000000000000877e-01,4.749031349355159470e+00,9.641214637780060048e-02,-3.125734295781769367e-02,3.607575129104359513e-02,-2.841278559363269451e-02,5.361920817822396490e-02,-1.505167908035218716e-01,7.908042907714843750e+00
1.310000000000000000e+02,1.310000000000000886e-01,4.749014774746656009e+00,9.643479787018630067e-02,-3.164860849787743541e-02,3.562332151856112405e-02,-2.885459028959935779e-02,5.359033117922007428e-02,-1.382211809977889061e-01,7.794262021780014038e+00
1.320000000000000000e+02,1.320000000000000895e-01,4.748998089559026248e+00,9.645804954070874571e-02,-3.203999163031612252e-02,3.514727765222740857e-02,-2.930158090356549394e-02,5.355995120930533843e-02,-1.368261626921594143e-01,7.627554833889007568e+00
1.330000000000000000e+02,1.330000000000000904e-01,4.748981302815542094e+00,9.648200083909866387e-02,-3.243151872288520254e-02,3.464875160119393338e-02,-2.975331125765756646e-02,5.352767185719671528e-02,-1.415496775880455971e-01,7.615864425897598267e+00
1.340000000000000000e+02,1.340000000000000913e-01,4.748964422356650950e+00,9.650671849206256259e-02,-3.282369659594447375e-02,3.412518509481617807e-02,-3.021068407527760513e-02,5.349345621850527116e-02,-1.312324032187461853e-01,7.521400898694992065e+00
1.350000000000000000e+02,1.350000000000000921e-01,4.748947444728048417e+00,9.653210523855411396e-02,-3.321625134611302932e-02,3.357769886723215025e-02,-3.067275399817370740e-02,5.345830382821900595e-02,-1.211104048416018486e-01,7.308528453111648560e+00
1.360000000000000000e+02,1.360000000000000930e-01,4.748930398115136953e+00,9.655792773659457873e-02,-3.360925946009276494e-02,3.300742376071555406e-02,-3.113935378630761086e-02,5.342372434422690275e-02,-1.129864153917878866e-01,7.143494188785552979e+00
1.370000000000000000e+02,1.370000000000000939e-01,4.748913298785032211e+00,9.658420502456865897e-02,-3.400315723505243498e-02,3.241260882794031600e-02,-3.161091788289893678e-02,5.338922532263534054e-02,-1.047448844183236361e-01,7.165607899427413940e+00
1.380000000000000000e+02,1.380000000000000948e-01,4.748896170911383052e+00,9.661073514284132524e-02,-3.439823133308931441e-02,3.179389292838623315e-02,-3.208763765016153791e-02,5.335595349712295155e-02,-8.781990932766348124e-02,7.172970175743103027e+00
1.390000000000000000e+02,1.390000000000000957e-01,4.748879037878669607e+00,9.663729083843569656e-02,-3.479453459103686030e-02,3.115221829521475083e-02,-3.256981508044654028e-02,5.332503602006027910e-02,-8.692545699886977673e-02,7.337123304605484009e+00
1.400000000000000000e+02,1.400000000000000966e-01,4.748861923241222804e+00,9.666388951187281087e-02,-3.519226943759874021e-02,3.049261637228672939e-02,-3.305811794301982687e-02,5.329473690048754098e-02,-1.035508611239492893e-01,7.279783457517623901e+00
1.410000000000000000e+02,1.410000000000000975e-01,4.748844830892648083e+00,9.669045570314738214e-02,-3.559119392874781490e-02,2.981663834384733203e-02,-3.355254355977699277e-02,5.326583198247623885e-02,-1.124002053402364254e-01,7.195390433073043823e+00
1.420000000000000000e+02,1.420000000000000984e-01,4.748827717508598667e+00,9.671733592847957250e-02,-3.599117417861823903e-02,2.912400942401610626e-02,-3.405235823879548818e-02,5.323670965399486532e-02,-1.280895995441824198e-01,7.206613659858703613e+00
1.430000000000000000e+02,1.430000000000000993e-01,4.748810569889608146e+00,9.674472310613842219e-02,-3.639237559160074520e-02,2.841275581895362848e-02,-3.455769164002275851e-02,5.320633545650686747e-02,-1.322364383377134800e-01,7.237726449966430664e+00
1.440000000000000000e+02,1.440000000000001001e-01,4.748793371452591394e+00,9.677245560064277885e-02,-3.679459727580897815e-02,2.768036439239350902e-02,-3.506795126053652289e-02,5.317587119378271165e-02,-1.152858316199854016e-01,7.263190835714340210e+00
1.450000000000000000e+02,1.450000000000001010e-01,4.748776120011470425e+00,9.680052765136262782e-02,-3.719786595522402844e-02,2.692570969457248886e-02,-3.558337509199671622e-02,5.314526965195469355e-02,-1.019042502157390118e-01,7.276900202035903931e+00
1.460000000000000000e+02,1.460000000000001019e-01,4.748758840573876761e+00,9.682882402132340915e-02,-3.760209855722352473e-02,2.615258539607104304e-02,-3.610381710774879238e-02,5.311486010873360530e-02,-1.080069316085427999e-01,7.355626881122589111e+00
1.470000000000000000e+02,1.470000000000001028e-01,4.748741539613416052e+00,9.685721892113127729e-02,-3.800700405543266241e-02,2.536381279357071902e-02,-3.662837748916647485e-02,5.308428788544730659e-02,-9.850213350728154182e-02,7.427624225616455078e+00
1.480000000000000000e+02,1.480000000000001037e-01,4.748724215950953287e+00,9.688543498402621412e-02,-3.841219948051769612e-02,2.455953544830757201e-02,-3.715617906892432210e-02,5.305526832106306073e-02,-4.334100475534796715e-02,7.569348901510238647e+00
1.490000000000000000e+02,1.490000000000001046e-01,4.748706869179025070e+00,9.691359989094196214e-02,-3.881754758742204242e-02,2.373957369255936742e-02,-3.768709785237667198e-02,5.302656380007060577e-02,-5.195243749767541885e-02,7.523660600185394287e+00
1.500000000000000000e+02,1.500000000000001055e-01,4.748689561454132679e+00,9.694186171748883640e-02,-3.922269481145706366e-02,2.290513549133629465e-02,-3.822060656982251281e-02,5.299635180253489675e-02,-5.912578525021672249e-02,7.597551167011260986e+00
1.510000000000000000e+02,1.510000000000001064e-01,4.748672286404143961e+00,9.697022139897293336e-02,-3.962789019679207464e-02,2.205866113930553957e-02,-3.875730480594863359e-02,5.296400254082176545e-02,-7.724009081721305847e-02,7.680026024580001831e+00
1.520000000000000000e+02,1.520000000000001072e-01,4.748655028738403061e+00,9.699868681023478267e-02,-4.003297011818216650e-02,2.120455742685738512e-02,-3.929699491417038004e-02,5.292895897161742358e-02,-8.948837174102663994e-02,7.836253434419631958e+00
1.530000000000000000e+02,1.530000000000001081e-01,4.748637760256695373e+00,9.702709106197809907e-02,-4.043766099478508791e-02,2.035017592750180959e-02,-3.983917071660814102e-02,5.289184108176421539e-02,-9.736099746078252792e-02,7.846367657184600830e+00
1.540000000000000000e+02,1.540000000000001090e-01,4.748620468927064131e+00,9.705548173780209620e-02,-4.084177922127536081e-02,1.949447717496306451e-02,-4.038397284465178316e-02,5.285322495410493815e-02,-9.040504693984985352e-02,7.819255650043487549e+00
1.550000000000000000e+02,1.550000000000001099e-01,4.748603158903822674e+00,9.708368826809610219e-02,-4.124530910473268169e-02,1.863653658674370439e-02,-4.093140539268325107e-02,5.281432535653425575e-02,-6.799521902576088905e-02,7.634854137897491455e+00
1.560000000000000000e+02,1.560000000000001108e-01,4.748585855795393051e+00,9.711144235866388252e-02,-4.164828521168917330e-02,1.777723742418256883e-02,-4.148146699411925376e-02,5.277671350728722899e-02,-3.655207250267267227e-02,7.545745879411697388e+00
1.570000000000000000e+02,1.570000000000001117e-01,4.748568583431233670e+00,9.713889098904014696e-02,-4.205105091772885773e-02,1.692092399790005863e-02,-4.203442015181946267e-02,5.273952057428009377e-02,-3.913908591493964195e-02,7.512699991464614868e+00
1.580000000000000000e+02,1.580000000000001126e-01,4.748551385484531373e+00,9.716595141880336739e-02,-4.245372875617178798e-02,1.607192350114345150e-02,-4.259023908199632835e-02,5.270212974416328688e-02,-7.528101187199354172e-02,7.455153137445449829e+00
1.590000000000000000e+02,1.590000000000001135e-01,4.748534256507684681e+00,9.719275867981971850e-02,-4.285632292924719533e-02,1.522665246094707242e-02,-4.314879415843297927e-02,5.266510068358463276e-02,-7.890155492350459099e-02,7.508836001157760620e+00
1.600000000000000000e+02,1.600000000000001144e-01,4.748517147039042818e+00,9.721925686551682877e-02,-4.325885221907022071e-02,1.438414615545887884e-02,-4.370988347202042767e-02,5.262920210079351235e-02,-7.420181704219430685e-02,7.420050233602523804e+00
1.610000000000000000e+02,1.610000000000001152e-01,4.748500057672399244e+00,9.724557292766128347e-02,-4.366139788361698970e-02,1.353960958524383709e-02,-4.427403137237306829e-02,5.259439391489084681e-02,-7.566741458140313625e-02,7.335591554641723633e+00
1.620000000000000000e+02,1.620000000000001161e-01,4.748482996887135599e+00,9.727185774628958892e-02,-4.406429753651235071e-02,1.269262394242499925e-02,-4.484192557485289221e-02,5.255941373530012561e-02,-9.177901392104104161e-02,7.510355234146118164e+00
1.630000000000000000e+02,1.630000000000001170e-01,4.748465967427134338e+00,9.729799030147334715e-02,-4.446760793596805234e-02,1.184197204647839674e-02,-4.541335706627669389e-02,5.252477142116586395e-02,-7.973125937860459089e-02,7.640479534864425659e+00
1.640000000000000000e+02,1.640000000000001179e-01,4.748448944265725835e+00,9.732368117614685621e-02,-4.487084525353800257e-02,1.099451755598248454e-02,-4.598754169008034687e-02,5.249083568781782311e-02,-7.341822143644094467e-02,7.778551191091537476e+00
1.650000000000000000e+02,1.650000000000001188e-01,4.748431934329807369e+00,9.734905261276853572e-02,-4.527371201961159775e-02,1.015220908648078318e-02,-4.656410843715974579e-02,5.245744557042602424e-02,-7.406447688117623329e-02,7.700719535350799561e+00
1.660000000000000000e+02,1.660000000000001197e-01,4.748414945897785344e+00,9.737417919361339436e-02,-4.567603350046010174e-02,9.312944249648461709e-03,-4.714312409342436005e-02,5.242383728792554543e-02,-7.328936643898487091e-02,7.708532243967056274e+00
1.670000000000000000e+02,1.670000000000001206e-01,4.748397985741321214e+00,9.739907438791298167e-02,-4.607801049709327884e-02,8.477984695674564003e-03,-4.772488118295692416e-02,5.238972616700895979e-02,-7.701474218629300594e-02,7.701961725950241089e+00
1.680000000000000000e+02,1.680000000000001215e-01,4.748381072033661887e+00,9.742356529349521788e-02,-4.647985220403596379e-02,7.647894161739311747e-03,-4.831011909370142021e-02,5.235664556100342454e-02,-8.089518360793590546e-02,7.692139834165573120e+00
1.690000000000000000e+02,1.690000000000001223e-01,4.748364216737533283e+00,9.744756111943508881e-02,-4.688181911719530720e-02,6.824605419911238674e-03,-4.889966975077375544e-02,5.232537337976191083e-02,-6.297719385474920273e-02,7.792709738016128540e+00
1.700000000000000000e+02,1.700000000000001232e-01,4.748347407988691593e+00,9.747117454602351183e-02,-4.728395488508803368e-02,6.010435026374084944e-03,-4.949361573723409791e-02,5.229363793947293393e-02,-8.109600725583732128e-02,7.910494893789291382e+00
1.710000000000000000e+02,1.710000000000001241e-01,4.748330657978597102e+00,9.749445618368914046e-02,-4.768575906924010094e-02,5.205000421821707329e-03,-5.009077562792541016e-02,5.226172761130398747e-02,-9.227908193133771420e-02,7.840985566377639771e+00
1.720000000000000000e+02,1.720000000000001250e-01,4.748313941705331942e+00,9.751730473364197960e-02,-4.808689884133816178e-02,4.409944678530081791e-03,-5.069060354481802477e-02,5.223056327939422372e-02,-9.300870134029537439e-02,7.721095979213714600e+00
1.730000000000000000e+02,1.730000000000001259e-01,4.748297234609725415e+00,9.753969459984508650e-02,-4.848736945448801211e-02,3.630202461204393161e-03,-5.129274773233216678e-02,5.219907973988726496e-02,-8.360186638310551643e-02,7.685591429471969604e+00
1.740000000000000000e+02,1.740000000000001268e-01,4.748280530698791857e+00,9.756187290398826706e-02,-4.888736845646777379e-02,2.858336078107065470e-03,-5.189730375106860194e-02,5.216710492962827600e-02,-7.641764730215072632e-02,7.824303299188613892e+00
1.750000000000000000e+02,1.750000000000001277e-01,4.748263838671843651e+00,9.758389149927831907e-02,-4.928679296698390555e-02,2.093686207031906360e-03,-5.250376443728388409e-02,5.213515159628882845e-02,-1.135083916597068310e-01,7.882118791341781616e+00
1.760000000000000000e+02,1.760000000000001286e-01,4.748247152239249758e+00,9.760565984917238258e-02,-4.968506911454906999e-02,1.338831212907027474e-03,-5.311088009948172761e-02,5.210312091910168641e-02,-1.226725308224558830e-01,7.713163405656814575e+00
1.770000000000000000e+02,1.770000000000001295e-01,4.748230418744983972e+00,9.762700486741847372e-02,-5.008202052739329363e-02,5.939268207535257360e-04,-5.371833849543339312e-02,5.207131661201040707e-02,-1.388056969735771418e-01,7.742822468280792236e+00
1.780000000000000000e+02,1.780000000000001303e-01,4.748213629352510345e+00,9.764811700349394774e-02,-5.047811347321615183e-02,-1.428678040764769230e-04,-5.432688751336933741e-02,5.203876787322634506e-02,-1.568147663492709398e-01,7.875810980796813965e+00
1.790000000000000000e+02,1.790000000000001312e-01,4.748196747096271153e+00,9.766911377915417358e-02,-5.087313036197462640e-02,-8.724340673177989613e-04,-5.493594779055865907e-02,5.200477256170402129e-02,-1.201420510187745094e-01,7.969795048236846924e+00
1.800000000000000000e+02,1.800000000000001321e-01,4.748179747362905267e+00,9.768993930256951452e-02,-5.126677680660621933e-02,-1.599640085797719019e-03,-5.554517627571109450e-02,5.197012032073979049e-02,-1.067296471446752548e-01,7.910719573497772217e+00
1.810000000000000000e+02,1.810000000000001330e-01,4.748162678437220841e+00,9.771045615789278327e-02,-5.165872735316023867e-02,-2.321950956542678107e-03,-5.615393679802282989e-02,5.193519289999830313e-02,-1.166707763914018869e-01,7.861649304628372192e+00
1.820000000000000000e+02,1.820000000000001339e-01,4.748145559699905149e+00,9.773055760138917025e-02,-5.204901840558564391e-02,-3.038855764168200968e-03,-5.676207086198337137e-02,5.190024110505250809e-02,-1.031200661091133952e-01,7.685585558414459229e+00
1.830000000000000000e+02,1.830000000000001348e-01,4.748128375746163421e+00,9.775043953838792599e-02,-5.243787682105065240e-02,-3.751037169420514544e-03,-5.737010040928192112e-02,5.186437331964516284e-02,-1.007796414196491241e-01,7.663664877414703369e+00
1.840000000000000000e+02,1.840000000000001357e-01,4.748111134226065566e+00,9.777020444121151121e-02,-5.282549584360589356e-02,-4.456278319488537337e-03,-5.797783528225219918e-02,5.182669612572286810e-02,-1.153021421050652862e-01,7.601299315690994263e+00
1.850000000000000000e+02,1.850000000000001366e-01,4.748093843350837950e+00,9.778964330920940362e-02,-5.321186780697755025e-02,-5.151612158969663680e-03,-5.858514290572114369e-02,5.178822798056734178e-02,-1.174173446488566697e-01,7.641421258449554443e+00
1.860000000000000000e+02,1.860000000000001374e-01,4.748076498400424228e+00,9.780860958833932639e-02,-5.359717831684027156e-02,-5.841033853867208525e-03,-5.919234490829428097e-02,5.175004974665947666e-02,-1.187077227514237165e-01,7.491576433181762695e+00
1.870000000000000000e+02,1.870000000000001383e-01,4.748059096097685838e+00,9.782713340507465105e-02,-5.398136967236872447e-02,-6.523531087996820715e-03,-5.979943868666115492e-02,5.171209141720663205e-02,-1.099114161916077137e-01,7.358037590980529785e+00
1.880000000000000000e+02,1.880000000000001392e-01,4.748041637569225593e+00,9.784510975237879771e-02,-5.436461866945333649e-02,-7.197721199370496481e-03,-6.040629746887637985e-02,5.167519148659877742e-02,-7.995245140045881271e-02,7.424457550048828125e+00
1.890000000000000000e+02,1.890000000000001401e-01,4.748024151031973616e+00,9.786254792219836740e-02,-5.474741614279347163e-02,-7.862021349964748440e-03,-6.101391517781240559e-02,5.163912319743384216e-02,-1.060951862018555403e-01,7.440356045961380005e+00
1.900000000000000000e+02,1.900000000000001410e-01,4.748006691036927407e+00,9.787926048597232753e-02,-5.512974998464150594e-02,-8.509230684288729418e-03,-6.162255856225073991e-02,5.160422866442623130e-02,-1.061900710919871926e-01,7.406575083732604980e+00
1.910000000000000000e+02,1.910000000000001419e-01,4.747989214221710164e+00,9.789551143005270628e-02,-5.551162448235058555e-02,-9.142906812503528990e-03,-6.223231968925246882e-02,5.156991754128626565e-02,-1.049121957039460540e-01,7.413516402244567871e+00
1.920000000000000000e+02,1.920000000000001428e-01,4.747971719313661687e+00,9.791131283514763195e-02,-5.589303904421368679e-02,-9.765291241297963110e-03,-6.284303654570355668e-02,5.153644614331976542e-02,-1.102452101185917854e-01,7.469601720571517944e+00
1.930000000000000000e+02,1.930000000000001437e-01,4.747954175544036204e+00,9.792687471457291182e-02,-5.627356698310927163e-02,-1.037882962781197516e-02,-6.345333117460016936e-02,5.150316050499689075e-02,-1.237579435110092163e-01,7.682936608791351318e+00
1.940000000000000000e+02,1.940000000000001446e-01,4.747936572478321793e+00,9.794212596206056110e-02,-5.665306435905491378e-02,-1.098327043105451137e-02,-6.406299398244885701e-02,5.146982279178702324e-02,-1.148354737088084221e-01,7.685022264719009399e+00
1.950000000000000000e+02,1.950000000000001454e-01,4.747918891862735968e+00,9.795688063360667719e-02,-5.703115764977872981e-02,-1.157263571684825215e-02,-6.467178003930840191e-02,5.143760852392268573e-02,-1.218593576923012733e-01,7.735165238380432129e+00
1.960000000000000000e+02,1.960000000000001463e-01,4.747901145330621020e+00,9.797113656365460943e-02,-5.740781954673994381e-02,-1.214452592750589824e-02,-6.527960593993187288e-02,5.140650023231273236e-02,-1.192731484770774841e-01,7.755640596151351929e+00
1.970000000000000000e+02,1.970000000000001472e-01,4.747883315210146726e+00,9.798498308588858563e-02,-5.778291997387139528e-02,-1.270414064591394651e-02,-6.588628288953124468e-02,5.137609941631471333e-02,-1.249797232449054718e-01,7.948662430047988892e+00
1.980000000000000000e+02,1.980000000000001481e-01,4.747865394157620322e+00,9.799851866883518836e-02,-5.815624716628650659e-02,-1.325494469951857962e-02,-6.649120652002649123e-02,5.134659394238062086e-02,-1.028912607580423355e-01,8.017698079347610474e+00
1.990000000000000000e+02,1.990000000000001490e-01,4.747847367420945375e+00,9.801158651497747509e-02,-5.852736576786968237e-02,-1.378795607680621815e-02,-6.709383951120306833e-02,5.131807379076838704e-02,-1.180777456611394882e-01,8.009445428848266602e+00
2.000000000000000000e+02,2.000000000000001499e-01,4.747829255428516859e+00,9.802425855047022796e-02,-5.889613790166432772e-02,-1.430402984181929418e-02,-6.769404580411308991e-02,5.129045675810339766e-02,-1.292641218751668930e-01,7.971115380525588989e+00
2.010000000000000000e+02,2.010000000000001508e-01,4.747811039224641760e+00,9.803661276338739017e-02,-5.926264030951838152e-02,-1.480844256884471938e-02,-6.829204212947792563e-02,5.126384890157253266e-02,-1.087773125618696213e-01,7.912875264883041382e+00
2.020000000000000000e+02,2.020000000000001517e-01,4.747792694569475280e+00,9.804876461134259813e-02,-5.962692558407380050e-02,-1.530225898004259136e-02,-6.888782927531411637e-02,5.123727646798846569e-02,-1.272404622286558151e-01,7.851565957069396973e+00
2.030000000000000000e+02,2.030000000000001525e-01,4.747774259782700845e+00,9.806060678827098476e-02,-5.998915267495606024e-02,-1.578374922248975895e-02,-6.948165690503960157e-02,5.121105850039564533e-02,-8.860188536345958710e-02,7.953467279672622681e+00
2.040000000000000000e+02,2.040000000000001534e-01,4.747755722353494967e+00,9.807203099713274197e-02,-6.034954797227892048e-02,-1.625333677945040023e-02,-7.007398288024502264e-02,5.118569881776564856e-02,-1.009288206696510315e-01,7.899746805429458618e+00
2.050000000000000000e+02,2.050000000000001543e-01,4.747737146675183872e+00,9.808290570196440128e-02,-6.070798970252419546e-02,-1.671403863916830906e-02,-7.066487980724245332e-02,5.116215130131566285e-02,-1.018003001809120178e-01,7.829306542873382568e+00
2.060000000000000000e+02,2.060000000000001552e-01,4.747718523333356089e+00,9.809319382632868123e-02,-6.106467633778820542e-02,-1.716544073911852736e-02,-7.125475281342508183e-02,5.114028278029447011e-02,-1.184573955833911896e-01,7.746424496173858643e+00
2.070000000000000000e+02,2.070000000000001561e-01,4.747699841785575359e+00,9.810308789126941098e-02,-6.141974425392939668e-02,-1.760678081623244171e-02,-7.184373595553394942e-02,5.111844284924375870e-02,-1.002193093299865723e-01,7.654500335454940796e+00
2.080000000000000000e+02,2.080000000000001570e-01,4.747681076779246112e+00,9.811258702669818643e-02,-6.177324219882392164e-02,-1.803900917519221311e-02,-7.243158964074902784e-02,5.109748132728922365e-02,-1.024689786136150360e-01,7.690205603837966919e+00
2.090000000000000000e+02,2.090000000000001579e-01,4.747662261405821482e+00,9.812155352941358266e-02,-6.212533864120206584e-02,-1.845908604818245757e-02,-7.301843407580488332e-02,5.107777266514662573e-02,-7.529621385037899017e-02,7.595584571361541748e+00
2.100000000000000000e+02,2.100000000000001588e-01,4.747643405047140774e+00,9.813005484115004673e-02,-6.247616723815274664e-02,-1.886632220550970782e-02,-7.360486605390104131e-02,5.106005416690467813e-02,-9.029974415898323059e-02,7.655303269624710083e+00
2.110000000000000000e+02,2.110000000000001597e-01,4.747624541667743614e+00,9.813825756432499603e-02,-6.282592184000027058e-02,-1.926033600349443681e-02,-7.419110156689678881e-02,5.104261466522706098e-02,-8.692235872149467468e-02,7.658477097749710083e+00
2.120000000000000000e+02,2.120000000000001605e-01,4.747605642769688217e+00,9.814626849995322644e-02,-6.317449618129773736e-02,-1.964219216998075793e-02,-7.477707032075242566e-02,5.102516831148468102e-02,-8.008616883307695389e-02,7.609990030527114868e+00
2.130000000000000000e+02,2.130000000000001614e-01,4.747586707509825921e+00,9.815411674715331103e-02,-6.352183751227705177e-02,-2.001170927441946190e-02,-7.536262001254634413e-02,5.100720472940890871e-02,-9.366234019398689270e-02,7.580591887235641479e+00
2.140000000000000000e+02,2.140000000000001623e-01,4.747567754068245272e+00,9.816168734133774720e-02,-6.386808351448418353e-02,-2.036768796288836864e-02,-7.594797425582289208e-02,5.098911723945932090e-02,-1.145029105246067047e-01,7.621490180492401123e+00
2.150000000000000000e+02,2.150000000000001632e-01,4.747548752856149079e+00,9.816899250280933242e-02,-6.421315385235125406e-02,-2.070889298331751033e-02,-7.653272364227681201e-02,5.097101868836202004e-02,-8.975185640156269073e-02,7.651344776153564453e+00
2.160000000000000000e+02,2.160000000000001641e-01,4.747529669506880268e+00,9.817605135390672366e-02,-6.455689769504145692e-02,-2.103489207784869225e-02,-7.711655724726207417e-02,5.095326590706299869e-02,-8.445982076227664948e-02,7.756138652563095093e+00
2.170000000000000000e+02,2.170000000000001650e-01,4.747510542910993614e+00,9.818282890926045836e-02,-6.489927844228381149e-02,-2.134740145610810116e-02,-7.769948205253496276e-02,5.093675874201829268e-02,-7.565993085154332221e-02,7.755981415510177612e+00
2.180000000000000000e+02,2.180000000000001659e-01,4.747491372554740963e+00,9.818925750118988327e-02,-6.524002453406899105e-02,-2.164647478816388027e-02,-7.828109774997260573e-02,5.092135471952209669e-02,-8.970373030751943588e-02,7.745098620653152466e+00
2.190000000000000000e+02,2.190000000000001668e-01,4.747472161775042387e+00,9.819545036419381756e-02,-6.557910546899059501e-02,-2.193101236777943164e-02,-7.886131282729658132e-02,5.090613141184741064e-02,-1.029502432793378830e-01,7.803882777690887451e+00
2.200000000000000000e+02,2.200000000000001676e-01,4.747452891090313543e+00,9.820145788933574982e-02,-6.591659421095429072e-02,-2.219652997075334533e-02,-7.944031987027844188e-02,5.089065408716605954e-02,-1.043223282322287560e-01,7.763919174671173096e+00
2.210000000000000000e+02,2.210000000000001685e-01,4.747433548990745322e+00,9.820717806080132839e-02,-6.625243430334065708e-02,-2.244402421509423401e-02,-8.001819652775932212e-02,5.087593629296154746e-02,-8.913848677184432745e-02,7.743949651718139648e+00
2.220000000000000000e+02,2.220000000000001694e-01,4.747414129464469390e+00,9.821282701185710118e-02,-6.658669921749074683e-02,-2.267777792521954300e-02,-8.059500699145627500e-02,5.086139272744404777e-02,-7.497889641672372818e-02,7.783578008413314819e+00
2.230000000000000000e+02,2.230000000000001703e-01,4.747394647184687955e+00,9.821840660880670759e-02,-6.691931900801219302e-02,-2.289722042889053705e-02,-8.117042479731373383e-02,5.084711038838352765e-02,-7.680413033813238144e-02,7.770028144121170044e+00
2.240000000000000000e+02,2.240000000000001712e-01,4.747375133109515311e+00,9.822375270510508294e-02,-6.725030488223544822e-02,-2.310133288105958860e-02,-8.174467408571239879e-02,5.083347632084997403e-02,-9.616191429086029530e-02,7.765267193317413330e+00
2.250000000000000000e+02,2.250000000000001721e-01,4.747355596907705255e+00,9.822894502715158460e-02,-6.757985389065063186e-02,-2.329332668504986714e-02,-8.231835149348509795e-02,5.082019566696141522e-02,-1.014957496663555503e-01,7.785391241312026978e+00
2.260000000000000000e+02,2.260000000000001730e-01,4.747336011524478927e+00,9.823404775075743334e-02,-6.790802283695773767e-02,-2.347686539996335017e-02,-8.289162788056780862e-02,5.080696961180827809e-02,-9.376758895814418793e-02,7.733599126338958740e+00
2.270000000000000000e+02,2.270000000000001739e-01,4.747316382615816899e+00,9.823913291632073441e-02,-6.823499952959216630e-02,-2.364708212925124842e-02,-8.346524393056009572e-02,5.079244796091966774e-02,-1.113248611800372601e-01,7.774402111768722534e+00
2.280000000000000000e+02,2.280000000000001747e-01,4.747296733760192566e+00,9.824404245593031104e-02,-6.856094964879312637e-02,-2.380421679642893279e-02,-8.403949315414327437e-02,5.077747458556760435e-02,-1.206704517826437950e-01,7.732215821743011475e+00
2.290000000000000000e+02,2.290000000000001756e-01,4.747277024961002567e+00,9.824889628834707067e-02,-6.888568495908964362e-02,-2.395034312375460966e-02,-8.461394711408654068e-02,5.076172002901060271e-02,-9.997898526489734650e-02,7.739366561174392700e+00
2.300000000000000000e+02,2.300000000000001765e-01,4.747257235399345632e+00,9.825369490937425898e-02,-6.920915960983284321e-02,-2.408631380480535239e-02,-8.518825650941996841e-02,5.074522624540734467e-02,-1.041573718539439142e-01,7.671604931354522705e+00
2.310000000000000000e+02,2.310000000000001774e-01,4.747237407762476380e+00,9.825833920608138816e-02,-6.953143583792499582e-02,-2.421449800899972207e-02,-8.576265976134211932e-02,5.072861861621286161e-02,-1.019428337458521128e-01,7.686169266700744629e+00
2.320000000000000000e+02,2.320000000000001783e-01,4.747217535192742588e+00,9.826290044812947821e-02,-6.985259726960113547e-02,-2.433804635545855355e-02,-8.633711948035860395e-02,5.071177727560650939e-02,-9.011996816843748093e-02,7.659672409296035767e+00
2.330000000000000000e+02,2.330000000000001792e-01,4.747197620368367232e+00,9.826738107045575321e-02,-7.017264066078786333e-02,-2.445335121686114527e-02,-8.691169384368779838e-02,5.069450980951812485e-02,-7.763978838920593262e-02,7.554170906543731689e+00
2.340000000000000000e+02,2.340000000000001801e-01,4.747177672999885800e+00,9.827184119127156670e-02,-7.049158294898812127e-02,-2.456159589441278546e-02,-8.748631931627426361e-02,5.067629270169689282e-02,-1.017544101923704147e-01,7.538714379072189331e+00
2.350000000000000000e+02,2.350000000000001810e-01,4.747157726521587406e+00,9.827616837599123523e-02,-7.080967322615280835e-02,-2.466629577792901415e-02,-8.806132427588142519e-02,5.065765679407108202e-02,-1.075219400227069855e-01,7.648503452539443970e+00
2.360000000000000000e+02,2.360000000000001819e-01,4.747137734849367519e+00,9.828064156096338877e-02,-7.112692225758780740e-02,-2.476435737832909101e-02,-8.863666772392142512e-02,5.063799864555834640e-02,-1.240342408418655396e-01,7.661346733570098877e+00
2.370000000000000000e+02,2.370000000000001827e-01,4.747117677940569713e+00,9.828529956961432057e-02,-7.144303795261672252e-02,-2.485526740419521929e-02,-8.921189779299920630e-02,5.061739180531803217e-02,-1.407654173672199249e-01,7.756394773721694946e+00
2.380000000000000000e+02,2.380000000000001836e-01,4.747097526154391289e+00,9.829000149069656855e-02,-7.175787067575045697e-02,-2.494022919226368540e-02,-8.978657758396990651e-02,5.059628039771070507e-02,-1.435744604095816612e-01,7.766619652509689331e+00
2.390000000000000000e+02,2.390000000000001845e-01,4.747077248418213102e+00,9.829464085481082192e-02,-7.207113240943077703e-02,-2.501856496411994021e-02,-9.036020144688206024e-02,5.057506549082388392e-02,-1.408740244805812836e-01,7.759671896696090698e+00
2.400000000000000000e+02,2.400000000000001854e-01,4.747056840348606421e+00,9.829933748328509302e-02,-7.238286445538888447e-02,-2.509147533034494088e-02,-9.093296439625553340e-02,5.055308813358205117e-02,-1.363342013210058212e-01,7.744857639074325562e+00
2.410000000000000000e+02,2.410000000000001863e-01,4.747036299649487034e+00,9.830420291241828701e-02,-7.269312030733669772e-02,-2.515809480599763559e-02,-9.150502124797155190e-02,5.052931672005095409e-02,-1.328018754720687866e-01,7.705361008644104004e+00
2.420000000000000000e+02,2.420000000000001872e-01,4.747015628995415071e+00,9.830908449099462487e-02,-7.300183543374662298e-02,-2.521570576630956934e-02,-9.207607299756093155e-02,5.050458342230473158e-02,-1.232027970254421234e-01,7.714733153581619263e+00
2.430000000000000000e+02,2.430000000000001881e-01,4.746994832200014613e+00,9.831391132276616485e-02,-7.330901790732735623e-02,-2.526415288481659999e-02,-9.264594199573128463e-02,5.047983530056612128e-02,-1.380854845046997070e-01,7.741841524839401245e+00
2.440000000000000000e+02,2.440000000000001890e-01,4.746973922635521426e+00,9.831871457666771508e-02,-7.361464231038207517e-02,-2.530369962292670222e-02,-9.321458796354886722e-02,5.045518342536072648e-02,-1.383423283696174622e-01,7.772329777479171753e+00
2.450000000000000000e+02,2.450000000000001898e-01,4.746952902249622852e+00,9.832335626600612055e-02,-7.391888935874599276e-02,-2.533205337499354337e-02,-9.378273401485293093e-02,5.043102447503186592e-02,-1.334501747041940689e-01,7.728747934103012085e+00
2.460000000000000000e+02,2.460000000000001907e-01,4.746931772223264900e+00,9.832787279576622741e-02,-7.422177006142499645e-02,-2.534763855270166788e-02,-9.435055626080735003e-02,5.040731479383160629e-02,-1.322898883372545242e-01,7.639766216278076172e+00
2.470000000000000000e+02,2.470000000000001916e-01,4.746910547002705094e+00,9.833234078199634687e-02,-7.452348092960237036e-02,-2.535244984666049778e-02,-9.491851982795407316e-02,5.038303746252022902e-02,-1.288846377283334732e-01,7.627100497484207153e+00
2.480000000000000000e+02,2.480000000000001925e-01,4.746889206390341620e+00,9.833691029677135709e-02,-7.482399561151756306e-02,-2.534463637573429462e-02,-9.548611941070017650e-02,5.035755769183017372e-02,-1.204567719250917435e-01,7.552810907363891602e+00
2.490000000000000000e+02,2.490000000000001934e-01,4.746867756153205775e+00,9.834148505954344588e-02,-7.512327601462183424e-02,-2.532704138186205739e-02,-9.605315775995815208e-02,5.033178416214457301e-02,-1.452675312757492065e-01,7.583913505077362061e+00
2.500000000000000000e+02,2.500000000000001665e-01,4.746846222114504243e+00,9.834604958039069866e-02,-7.542156724905614562e-02,-2.529976748889392613e-02,-9.662009379132530107e-02,5.030592269388416138e-02,-1.522289961576461792e-01,7.603279113769531250e+00
2.510000000000000000e+02,2.510000000000001674e-01,4.746824577285599034e+00,9.835066776560638657e-02,-7.571893585192507325e-02,-2.526322179462672790e-02,-9.718730713293255441e-02,5.027939732907209247e-02,-1.601021569222211838e-01,7.569228887557983398e+00
2.520000000000000000e+02,2.520000000000001683e-01,4.746802800965470581e+00,9.835533157106068902e-02,-7.601523827623887786e-02,-2.521846674706138339e-02,-9.775440415252378834e-02,5.025259468529880147e-02,-1.582849211990833282e-01,7.522634059190750122e+00
2.530000000000000000e+02,2.530000000000001692e-01,4.746780866641727492e+00,9.836002414192933363e-02,-7.631035817786398223e-02,-2.516640379748109196e-02,-9.832083587378348533e-02,5.022564723704148887e-02,-1.447520405054092407e-01,7.457184851169586182e+00
2.540000000000000000e+02,2.540000000000001701e-01,4.746758767845915550e+00,9.836469455041309262e-02,-7.660426915641085910e-02,-2.510422593386958667e-02,-9.888629138742799363e-02,5.019864994615376441e-02,-1.406851001083850861e-01,7.441441088914871216e+00
2.550000000000000000e+02,2.550000000000001710e-01,4.746736529380866543e+00,9.836936277866381584e-02,-7.689713858929164703e-02,-2.502865836106771963e-02,-9.945100830935893477e-02,5.017182513988616838e-02,-1.508954428136348724e-01,7.484785616397857666e+00
2.560000000000000000e+02,2.560000000000001719e-01,4.746714154848450384e+00,9.837410829106857380e-02,-7.718898526704492946e-02,-2.494354635899123651e-02,-1.000149893680049029e-01,5.014456210695392158e-02,-1.489568278193473816e-01,7.455050051212310791e+00
2.570000000000000000e+02,2.570000000000001728e-01,4.746691613500710005e+00,9.837896428406420202e-02,-7.747961157443435110e-02,-2.485201767006416790e-02,-1.005777933420941572e-01,5.011635890379653041e-02,-1.448254473507404327e-01,7.457757592201232910e+00
2.580000000000000000e+02,2.580000000000001736e-01,4.746668901023923581e+00,9.838402980134046405e-02,-7.776902756644460402e-02,-2.475204449433408144e-02,-1.011392989351660443e-01,5.008753644375135011e-02,-1.274793706834316254e-01,7.437837362289428711e+00
2.590000000000000000e+02,2.590000000000001745e-01,4.746646023380617585e+00,9.838930500382668531e-02,-7.805720850118298693e-02,-2.464404924571446387e-02,-1.016994383678277991e-01,5.005823282581936540e-02,-1.279109977185726166e-01,7.416599482297897339e+00
2.600000000000000000e+02,2.600000000000001754e-01,4.746623017148094981e+00,9.839470517753395873e-02,-7.834422791697126520e-02,-2.453279000135292001e-02,-1.022583802827032873e-01,5.002829612501127898e-02,-1.159038320183753967e-01,7.354015737771987915e+00
2.610000000000000000e+02,2.610000000000001763e-01,4.746599883259738917e+00,9.840025358628491647e-02,-7.863017625128024268e-02,-2.441704581130055285e-02,-1.028163248981011080e-01,4.999743528946014315e-02,-1.174392327666282654e-01,7.448596537113189697e+00
2.620000000000000000e+02,2.620000000000001772e-01,4.746576647061629295e+00,9.840580126245422610e-02,-7.891518828256456619e-02,-2.429609619817329341e-02,-1.033734137530506469e-01,4.996632049201705367e-02,-9.275729581713676453e-02,7.295151174068450928e+00
2.630000000000000000e+02,2.630000000000001781e-01,4.746553315719787669e+00,9.841129139447787888e-02,-7.919916992796093014e-02,-2.416814087008938711e-02,-1.039297775487209030e-01,4.993549682122040007e-02,-8.142702654004096985e-02,7.274987697601318359e+00
2.640000000000000000e+02,2.640000000000001790e-01,4.746529917372060758e+00,9.841679407963027648e-02,-7.948228106146096317e-02,-2.403130561254757450e-02,-1.044852343961701902e-01,4.990435708258368630e-02,-9.404931217432022095e-02,7.363393068313598633e+00
2.650000000000000000e+02,2.650000000000001799e-01,4.746506452702037748e+00,9.842244090650852095e-02,-7.976446734413344952e-02,-2.388274979107184171e-02,-1.050395127981875731e-01,4.987225701251618570e-02,-1.020557992160320282e-01,7.335118502378463745e+00
2.660000000000000000e+02,2.660000000000001807e-01,4.746482890052460490e+00,9.842836572329692613e-02,-8.004554297110788585e-02,-2.372308284361932668e-02,-1.055924167456416818e-01,4.983862862186940607e-02,-1.004166603088378906e-01,7.347192823886871338e+00
2.670000000000000000e+02,2.670000000000001816e-01,4.746459233231848707e+00,9.843446667137492612e-02,-8.032566442402774842e-02,-2.355446443323773453e-02,-1.061443326411135590e-01,4.980373220661130085e-02,-1.166860163211822510e-01,7.367407917976379395e+00
2.680000000000000000e+02,2.680000000000001825e-01,4.746435492224249764e+00,9.844069051036341556e-02,-8.060487681156576489e-02,-2.337614135979745877e-02,-1.066954633834269472e-01,4.976783971849182975e-02,-9.951810166239738464e-02,7.292964547872543335e+00
2.690000000000000000e+02,2.690000000000001834e-01,4.746411652917886137e+00,9.844703248490939418e-02,-8.088318024304304299e-02,-2.318907337300687294e-02,-1.072459020710498923e-01,4.973151781483054618e-02,-8.192361891269683838e-02,7.273841291666030884e+00
2.700000000000000000e+02,2.700000000000001843e-01,4.746387741209544764e+00,9.845365394072595755e-02,-8.116072803860924223e-02,-2.299175111025352630e-02,-1.077958182798344211e-01,4.969399313010366276e-02,-9.256626665592193604e-02,7.303881078958511353e+00
2.710000000000000000e+02,2.710000000000001852e-01,4.746363763769518407e+00,9.846051756472697092e-02,-8.143736404404416929e-02,-2.278289289616068983e-02,-1.083446023505600930e-01,4.965533286097063848e-02,-8.853679895401000977e-02,7.345467358827590942e+00
2.720000000000000000e+02,2.720000000000001861e-01,4.746339726995649322e+00,9.846763724223453473e-02,-8.171324482335884376e-02,-2.256425460450689480e-02,-1.088929134316474201e-01,4.961574491970571765e-02,-7.752568647265434265e-02,7.274689495563507080e+00
2.730000000000000000e+02,2.730000000000001870e-01,4.746315637995578207e+00,9.847481525312919148e-02,-8.198828921162942818e-02,-2.233508729411396235e-02,-1.094406653994475231e-01,4.957606510249040754e-02,-7.745831087231636047e-02,7.224020153284072876e+00
2.740000000000000000e+02,2.740000000000001878e-01,4.746291517021036022e+00,9.848211674329974963e-02,-8.226266079353131144e-02,-2.209739951477577430e-02,-1.099880632590222174e-01,4.953634899317493206e-02,-9.284359961748123169e-02,7.226683974266052246e+00
2.750000000000000000e+02,2.750000000000001887e-01,4.746267365348706413e+00,9.848960442215116962e-02,-8.253645837801119878e-02,-2.185238392611910108e-02,-1.105352037790656716e-01,4.949613759414114855e-02,-1.013540141284465790e-01,7.255673050880432129e+00
2.760000000000000000e+02,2.760000000000001896e-01,4.746243166297527516e+00,9.849710220075398592e-02,-8.280965587176054854e-02,-2.159535623094794091e-02,-1.110820189126504598e-01,4.945562488722606009e-02,-9.930086135864257812e-02,7.265803188085556030e+00
2.770000000000000000e+02,2.770000000000001905e-01,4.746218893848672238e+00,9.850462092321164709e-02,-8.308209966026214310e-02,-2.133301626881443577e-02,-1.116281274175985327e-01,4.941513290819327109e-02,-9.748813882470130920e-02,7.232824921607971191e+00
2.780000000000000000e+02,2.780000000000001914e-01,4.746194560733400181e+00,9.851224476863941482e-02,-8.335388296471016312e-02,-2.106966505161431136e-02,-1.121738849305289332e-01,4.937469690940646250e-02,-9.305683150887489319e-02,7.257623672485351562e+00
2.790000000000000000e+02,2.790000000000001923e-01,4.746170177185987882e+00,9.852013398252879028e-02,-8.362520606902247577e-02,-2.079572508910308010e-02,-1.127198100314874551e-01,4.933318231578954355e-02,-9.120529890060424805e-02,7.223851382732391357e+00
2.800000000000000000e+02,2.800000000000001932e-01,4.746145726504042095e+00,9.852826671579621720e-02,-8.389581256223202499e-02,-2.051431700318617768e-02,-1.132651659498755681e-01,4.929078052408780719e-02,-8.921245858073234558e-02,7.210942834615707397e+00
2.810000000000000000e+02,2.810000000000001941e-01,4.746121204496041024e+00,9.853660694046337265e-02,-8.416568423961728884e-02,-2.022928387641207554e-02,-1.138097317447730461e-01,4.924758538387854351e-02,-1.107933707535266876e-01,7.323179990053176880e+00
2.820000000000000000e+02,2.820000000000001950e-01,4.746096609904993713e+00,9.854501212331791271e-02,-8.443476626606699620e-02,-1.993856983144996070e-02,-1.143532599068863842e-01,4.920405625906305175e-02,-1.227824352681636810e-01,7.293179750442504883e+00
2.830000000000000000e+02,2.830000000000001958e-01,4.746071916849568417e+00,9.855346733513374591e-02,-8.470292519030760137e-02,-1.964079021677543613e-02,-1.148958400040194228e-01,4.916025062692770675e-02,-1.153544038534164429e-01,7.302852094173431396e+00
2.840000000000000000e+02,2.840000000000001967e-01,4.746047118532785269e+00,9.856205238829042481e-02,-8.497032604111123821e-02,-1.934012772965276739e-02,-1.154378762960202032e-01,4.911610926354328943e-02,-1.158492043614387512e-01,7.319068014621734619e+00
2.850000000000000000e+02,2.850000000000001976e-01,4.746022217870907944e+00,9.857089824494853769e-02,-8.523693053894569605e-02,-1.903421864051592360e-02,-1.159792961071706152e-01,4.907082041120013061e-02,-1.055066660046577454e-01,7.315286636352539062e+00
2.860000000000000000e+02,2.860000000000001985e-01,4.745997183897156191e+00,9.857996370386468143e-02,-8.550242365625157492e-02,-1.872066752363940947e-02,-1.165191227233797200e-01,4.902484165663430205e-02,-1.005654931068420410e-01,7.283790469169616699e+00
2.870000000000000000e+02,2.870000000000001994e-01,4.745972032270066698e+00,9.858912657746525532e-02,-8.576678333154293121e-02,-1.840320970122206329e-02,-1.170572672902525646e-01,4.897836956599516817e-02,-9.319027885794639587e-02,7.241190403699874878e+00
2.880000000000000000e+02,2.880000000000002003e-01,4.745946769415169797e+00,9.859831190008463975e-02,-8.603004903007059612e-02,-1.808592845155669246e-02,-1.175937167353118262e-01,4.893118643318049299e-02,-9.602759405970573425e-02,7.282510280609130859e+00
2.890000000000000000e+02,2.890000000000002012e-01,4.745921414971838281e+00,9.860756866097133977e-02,-8.629233967692236107e-02,-1.776287138517654296e-02,-1.181286509946157803e-01,4.888414466331687802e-02,-1.009444743394851685e-01,7.337012827396392822e+00
2.900000000000000000e+02,2.900000000000002021e-01,4.745895962047814720e+00,9.861688113975286551e-02,-8.655357352075923605e-02,-1.743501294358775974e-02,-1.186619944804843119e-01,4.883723138540210784e-02,-1.023699082434177399e-01,7.315724313259124756e+00
2.910000000000000000e+02,2.910000000000002029e-01,4.745870387322821848e+00,9.862635212303984267e-02,-8.681360417729926116e-02,-1.710346313457778919e-02,-1.191935259460714658e-01,4.878947410673588336e-02,-9.783698990941047668e-02,7.279409736394882202e+00
2.920000000000000000e+02,2.920000000000002038e-01,4.745844687289333841e+00,9.863615551416821114e-02,-8.707249166650392336e-02,-1.676710098554102732e-02,-1.197233448754049245e-01,4.874046605711640501e-02,-1.005884297192096710e-01,7.222706019878387451e+00
2.930000000000000000e+02,2.930000000000002047e-01,4.745818871331310973e+00,9.864619368196936300e-02,-8.733029880379072907e-02,-1.642763958669432242e-02,-1.202514807740968639e-01,4.869075983769570459e-02,-9.970561787486076355e-02,7.247862815856933594e+00
2.940000000000000000e+02,2.940000000000002056e-01,4.745792953428327188e+00,9.865637978226592109e-02,-8.758719968929561117e-02,-1.609077188794950930e-02,-1.207782480514174583e-01,4.864067861095576484e-02,-9.341793693602085114e-02,7.133004069328308105e+00
2.950000000000000000e+02,2.950000000000002065e-01,4.745766970653318317e+00,9.866656940042931034e-02,-8.784341754846619610e-02,-1.575553624051721779e-02,-1.213045082990444890e-01,4.859059737534439372e-02,-9.889559634029865265e-02,7.327012568712234497e+00
2.960000000000000000e+02,2.960000000000002074e-01,4.745740912030605330e+00,9.867669902571096774e-02,-8.809895933115581557e-02,-1.541609751859876476e-02,-1.218297333839388763e-01,4.854070571012619739e-02,-1.133383698761463165e-01,7.358356863260269165e+00
2.970000000000000000e+02,2.970000000000002083e-01,4.745714751537847498e+00,9.868686597814645134e-02,-8.835340211364227370e-02,-1.507701944474355502e-02,-1.223534418005332025e-01,4.849062268909125339e-02,-8.978604152798652649e-02,7.020066738128662109e+00
2.980000000000000000e+02,2.980000000000002092e-01,4.745688471989969237e+00,9.869713167123980724e-02,-8.860672431099461677e-02,-1.474016472286272458e-02,-1.228757095446002534e-01,4.844045962318148379e-02,-8.477452024817466736e-02,7.133848965167999268e+00
