iter,umax,divmax,pmax,pargmax_i,pargmax_j,pargmax_k,force_lin_sum,force_lin_max
0,0.000000e+00,0.000000e+00,0.000000e+00,0,0,0,0.000000e+00,0.000000e+00
1,0.000000e+00,0.000000e+00,0.000000e+00,0,0,0,0.000000e+00,0.000000e+00
2,5.864698e-03,2.367700e-01,0.000000e+00,0,0,0,5.475250e-06,1.405829e-06
3,9.930683e-03,4.275475e-01,0.000000e+00,0,0,0,1.015535e-05,2.537361e-06
4,1.097789e-02,6.764612e-02,1.904994e+02,385,83,13,2.169870e+00,5.104828e-01
5,1.549357e-02,5.059385e-01,0.000000e+00,0,0,0,1.348038e-05,2.900368e-06
6,1.259982e-02,7.190844e-02,1.657495e+02,414,85,14,1.190718e+00,2.460573e-01
7,1.693168e-02,4.632936e-02,1.210096e+02,414,87,14,8.108437e-01,1.678566e-01
8,2.141274e-02,3.842294e-02,1.146064e+02,414,87,14,4.904947e-01,1.012217e-01
9,2.564704e-02,3.878263e-02,1.126511e+02,414,85,14,4.746720e-01,9.485219e-02
10,2.993256e-02,3.988150e-02,1.140756e+02,414,87,14,5.467080e-01,1.082619e-01
11,3.446040e-02,4.117247e-02,1.145053e+02,414,87,14,5.831628e-01,1.150740e-01
12,3.881888e-02,4.158688e-02,1.120032e+02,414,87,14,5.382787e-01,1.077845e-01
13,4.295298e-02,4.158938e-02,1.083519e+02,414,87,14,4.788601e-01,1.017332e-01
14,4.688799e-02,4.162627e-02,1.050585e+02,414,87,14,4.500083e-01,9.589619e-02
15,5.490525e-02,5.597835e-01,0.000000e+00,0,0,0,1.571111e-05,3.441962e-06
16,5.281324e-02,6.538385e-02,1.679033e+02,415,85,14,7.376601e-01,1.527316e-01
17,6.097154e-02,5.546449e-01,0.000000e+00,0,0,0,1.736131e-05,3.817373e-06
18,5.859979e-02,6.606543e-02,1.616051e+02,414,87,14,7.508534e-01,1.580859e-01
19,6.619508e-02,5.240712e-01,0.000000e+00,0,0,0,1.758886e-05,3.907840e-06
20,6.392770e-02,6.526512e-02,1.527872e+02,414,87,14,5.819361e-01,1.241552e-01
21,7.083342e-02,4.873213e-01,0.000000e+00,0,0,0,1.728299e-05,3.850735e-06
22,6.868754e-02,6.317639e-02,1.403010e+02,414,87,14,4.525267e-01,9.119900e-02
23,7.478792e-02,4.407633e-01,0.000000e+00,0,0,0,1.696220e-05,3.771127e-06
24,7.273432e-02,5.968249e-02,1.252540e+02,414,87,14,3.582358e-01,6.781454e-02
25,7.795055e-02,3.900162e-01,0.000000e+00,0,0,0,1.655072e-05,3.673182e-06
26,7.602747e-02,5.586207e-02,1.089722e+02,414,87,14,2.683612e-01,5.045461e-02
27,8.026749e-02,3.365524e-01,0.000000e+00,0,0,0,1.603908e-05,3.553617e-06
28,8.215758e-02,5.560862e-01,0.000000e+00,0,0,0,1.581933e-05,3.495387e-06
29,7.872737e-02,5.928060e-02,1.092999e+02,414,87,14,2.342103e-01,4.505099e-02
30,8.202592e-02,2.766102e-01,0.000000e+00,0,0,0,1.530405e-05,3.379796e-06
31,8.319178e-02,4.477820e-01,0.000000e+00,0,0,0,1.488731e-05,3.271862e-06
32,8.041470e-02,5.922800e-02,8.744778e+01,414,87,14,1.291676e-01,2.935466e-02
33,8.248519e-02,2.025675e-01,0.000000e+00,0,0,0,1.423038e-05,3.130764e-06
34,8.303143e-02,3.735264e-01,0.000000e+00,0,0,0,1.390985e-05,3.006446e-06
35,8.308033e-02,4.972824e-01,0.000000e+00,0,0,0,1.354741e-05,2.858767e-06
36,8.079534e-02,6.270128e-02,6.721429e+01,414,87,14,2.543933e-01,5.527848e-02
37,8.190107e-02,2.151962e-01,0.000000e+00,0,0,0,1.279863e-05,2.696262e-06
38,8.206456e-02,3.862591e-01,0.000000e+00,0,0,0,1.251505e-05,2.519568e-06
39,8.184609e-02,5.024236e-01,0.000000e+00,0,0,0,1.194035e-05,2.346216e-06
40,8.044874e-02,5.888072e-02,4.929872e+01,359,81,14,4.966986e-01,1.033190e-01
41,8.058424e-02,2.271272e-01,0.000000e+00,0,0,0,1.128666e-05,2.201543e-06
42,8.018737e-02,3.802403e-01,0.000000e+00,0,0,0,1.116333e-05,2.210414e-06
43,7.963649e-02,4.827907e-01,0.000000e+00,0,0,0,1.049343e-05,2.080985e-06
44,7.889696e-02,5.472943e-01,0.000000e+00,0,0,0,9.761460e-06,1.934211e-06
45,7.865800e-02,6.124514e-02,7.911610e+01,359,81,14,7.496668e-01,1.641981e-01
46,7.764669e-02,2.264380e-01,0.000000e+00,0,0,0,9.513315e-06,1.852742e-06
47,7.676055e-02,3.534384e-01,0.000000e+00,0,0,0,9.772612e-06,1.977751e-06
48,7.594402e-02,4.389387e-01,0.000000e+00,0,0,0,9.171949e-06,1.854312e-06
49,7.503852e-02,4.914607e-01,0.000000e+00,0,0,0,8.524233e-06,1.708587e-06
50,7.404451e-02,5.196439e-01,0.000000e+00,0,0,0,7.857629e-06,1.565462e-06
51,7.309396e-02,5.319446e-01,0.000000e+00,0,0,0,7.354413e-06,1.526226e-06
52,7.221845e-02,5.332810e-01,0.000000e+00,0,0,0,7.054352e-06,1.538229e-06
53,7.140069e-02,5.267909e-01,0.000000e+00,0,0,0,6.784599e-06,1.548562e-06
54,7.063197e-02,5.613483e-01,0.000000e+00,0,0,0,6.721115e-06,1.556738e-06
55,7.343123e-02,6.958285e-02,1.595800e+02,359,81,13,1.517425e+00,3.292959e-01
56,7.133906e-02,2.357565e-01,0.000000e+00,0,0,0,6.974486e-06,1.420863e-06
57,7.053579e-02,2.981533e-01,0.000000e+00,0,0,0,8.620988e-06,1.740210e-06
58,7.011860e-02,3.552524e-01,0.000000e+00,0,0,0,8.643105e-06,1.671558e-06
59,6.967038e-02,3.911751e-01,0.000000e+00,0,0,0,8.474191e-06,1.619516e-06
60,6.909696e-02,4.078059e-01,0.000000e+00,0,0,0,8.288895e-06,1.566822e-06
61,6.841099e-02,4.579348e-01,0.000000e+00,0,0,0,8.303629e-06,1.500126e-06
62,6.765369e-02,5.062832e-01,0.000000e+00,0,0,0,8.404625e-06,1.475489e-06
63,6.686769e-02,5.477962e-01,0.000000e+00,0,0,0,8.450407e-06,1.475661e-06
64,6.974097e-02,6.333657e-02,1.394971e+02,360,86,13,1.352325e+00,2.911479e-01
65,6.762332e-02,2.182147e-01,0.000000e+00,0,0,0,7.114484e-06,1.345394e-06
66,6.639512e-02,2.362882e-01,0.000000e+00,0,0,0,7.217278e-06,1.456672e-06
67,6.573451e-02,2.906863e-01,0.000000e+00,0,0,0,7.201239e-06,1.399376e-06
68,6.496325e-02,3.437088e-01,0.000000e+00,0,0,0,6.878434e-06,1.306575e-06
69,6.390262e-02,3.951910e-01,0.000000e+00,0,0,0,6.553034e-06,1.227834e-06
70,6.255375e-02,4.494343e-01,0.000000e+00,0,0,0,6.058582e-06,1.174876e-06
71,6.097729e-02,5.135688e-01,0.000000e+00,0,0,0,5.482497e-06,1.113962e-06
72,6.531414e-02,5.783789e-02,1.050558e+02,415,85,14,1.011364e+00,2.025954e-01
73,6.118046e-02,2.518013e-01,0.000000e+00,0,0,0,4.381780e-06,9.979312e-07
74,5.858673e-02,3.827541e-01,0.000000e+00,0,0,0,4.790034e-06,9.460146e-07
75,5.630765e-02,4.803060e-01,0.000000e+00,0,0,0,4.374740e-06,8.894638e-07
76,6.064023e-02,5.689374e-02,1.103189e+02,415,85,14,5.905449e-01,1.188813e-01
77,5.609849e-02,2.638659e-01,0.000000e+00,0,0,0,3.827146e-06,8.184080e-07
78,5.303991e-02,4.189832e-01,0.000000e+00,0,0,0,4.121739e-06,8.135005e-07
79,5.087196e-02,5.326020e-01,0.000000e+00,0,0,0,3.722887e-06,7.677372e-07
80,5.539762e-02,6.317061e-02,1.248414e+02,415,85,14,6.733421e-01,1.428902e-01
81,5.047936e-02,2.796159e-01,0.000000e+00,0,0,0,3.414696e-06,7.039200e-07
82,4.736011e-02,4.316280e-01,0.000000e+00,0,0,0,3.862738e-06,6.925204e-07
83,4.630767e-02,5.405791e-01,0.000000e+00,0,0,0,3.742462e-06,6.508054e-07
84,5.006157e-02,6.418263e-02,1.272741e+02,415,85,14,6.172230e-01,1.246997e-01
85,4.528096e-02,2.701976e-01,0.000000e+00,0,0,0,3.482581e-06,6.062936e-07
86,4.301326e-02,4.188352e-01,0.000000e+00,0,0,0,3.758976e-06,6.047080e-07
87,4.211220e-02,5.179439e-01,0.000000e+00,0,0,0,3.798305e-06,7.233654e-07
88,4.509528e-02,6.138086e-02,1.204624e+02,415,85,14,5.481111e-01,1.086693e-01
89,4.077952e-02,2.447993e-01,0.000000e+00,0,0,0,3.612724e-06,6.772397e-07
90,3.925803e-02,3.795403e-01,0.000000e+00,0,0,0,3.829469e-06,7.087195e-07
91,3.849833e-02,4.646055e-01,0.000000e+00,0,0,0,3.910009e-06,8.101721e-07
92,3.779657e-02,5.268633e-01,0.000000e+00,0,0,0,3.989606e-06,9.355535e-07
93,4.038571e-02,5.983184e-02,1.212935e+02,415,85,14,5.569220e-01,1.074974e-01
94,3.662703e-02,2.185206e-01,0.000000e+00,0,0,0,3.765433e-06,7.996171e-07
95,3.565929e-02,3.312909e-01,0.000000e+00,0,0,0,3.944943e-06,7.806632e-07
96,3.508867e-02,3.959914e-01,0.000000e+00,0,0,0,4.043771e-06,8.373181e-07
97,3.457901e-02,4.397767e-01,0.000000e+00,0,0,0,4.135701e-06,9.201912e-07
98,3.413202e-02,4.691465e-01,0.000000e+00,0,0,0,4.291291e-06,1.013290e-06
99,3.387788e-02,4.678578e-01,0.000000e+00,0,0,0,4.913443e-06,1.148187e-06
100,3.382237e-02,4.393271e-01,0.000000e+00,0,0,0,5.854153e-06,1.312577e-06
101,3.393302e-02,4.200953e-01,0.000000e+00,0,0,0,6.945128e-06,1.488142e-06
102,3.417150e-02,4.003943e-01,0.000000e+00,0,0,0,8.066277e-06,1.660238e-06
103,3.455154e-02,4.068470e-01,0.000000e+00,0,0,0,9.143765e-06,1.819247e-06
104,3.582308e-02,4.358700e-01,0.000000e+00,0,0,0,1.013671e-05,1.959740e-06
105,3.719343e-02,4.582442e-01,0.000000e+00,0,0,0,1.102671e-05,2.079268e-06
106,3.854384e-02,4.741930e-01,0.000000e+00,0,0,0,1.180899e-05,2.177342e-06
107,3.986111e-02,4.842376e-01,0.000000e+00,0,0,0,1.248730e-05,2.254692e-06
108,4.113831e-02,4.890350e-01,0.000000e+00,0,0,0,1.306658e-05,2.312781e-06
109,4.237244e-02,4.893031e-01,0.000000e+00,0,0,0,1.355687e-05,2.353469e-06
110,4.356201e-02,4.901453e-01,0.000000e+00,0,0,0,1.396853e-05,2.378763e-06
111,4.470653e-02,4.895967e-01,0.000000e+00,0,0,0,1.431139e-05,2.433836e-06
112,4.580549e-02,4.865689e-01,0.000000e+00,0,0,0,1.459452e-05,2.501076e-06
113,4.685885e-02,4.815095e-01,0.000000e+00,0,0,0,1.482611e-05,2.559109e-06
114,4.786964e-02,4.749479e-01,0.000000e+00,0,0,0,1.501775e-05,2.610013e-06
115,4.891269e-02,5.124567e-01,0.000000e+00,0,0,0,1.525959e-05,2.675455e-06
116,4.994172e-02,5.601320e-01,0.000000e+00,0,0,0,1.554027e-05,2.746937e-06
117,4.636204e-02,6.707709e-02,1.291060e+02,358,81,13,2.092265e+00,4.699540e-01
118,4.981850e-02,1.639509e-01,0.000000e+00,0,0,0,1.196965e-05,2.091782e-06
119,5.002247e-02,2.031533e-01,0.000000e+00,0,0,0,8.245836e-06,1.227692e-06
120,5.243243e-02,3.319296e-01,0.000000e+00,0,0,0,9.761635e-06,1.428026e-06
121,5.477390e-02,4.525345e-01,0.000000e+00,0,0,0,1.149347e-05,1.664776e-06
122,5.651947e-02,5.503280e-01,0.000000e+00,0,0,0,1.279268e-05,1.844787e-06
123,5.202831e-02,6.141588e-02,1.106057e+02,414,85,14,9.669824e-01,1.659246e-01
124,5.590088e-02,1.995417e-01,0.000000e+00,0,0,0,1.198613e-05,1.770363e-06
125,5.688317e-02,2.855589e-01,0.000000e+00,0,0,0,1.075315e-05,1.674216e-06
126,5.809213e-02,3.791438e-01,0.000000e+00,0,0,0,1.169392e-05,1.845583e-06
127,5.893651e-02,4.460449e-01,0.000000e+00,0,0,0,1.260037e-05,2.039800e-06
128,5.936589e-02,4.844474e-01,0.000000e+00,0,0,0,1.323852e-05,2.217258e-06
129,5.946802e-02,5.007014e-01,0.000000e+00,0,0,0,1.364755e-05,2.370389e-06
130,5.934813e-02,5.020665e-01,0.000000e+00,0,0,0,1.389844e-05,2.502352e-06
131,5.913503e-02,4.968247e-01,0.000000e+00,0,0,0,1.410140e-05,2.629387e-06
132,5.884170e-02,5.129570e-01,0.000000e+00,0,0,0,1.428957e-05,2.760186e-06
133,5.846732e-02,5.421182e-01,0.000000e+00,0,0,0,1.447101e-05,2.897480e-06
134,5.391937e-02,8.141384e-02,1.180135e+02,360,81,13,1.118126e+00,2.466440e-01
135,5.573140e-02,1.944746e-01,0.000000e+00,0,0,0,1.242570e-05,2.267378e-06
136,5.605138e-02,2.410376e-01,0.000000e+00,0,0,0,1.130607e-05,2.157622e-06
137,5.652152e-02,3.059904e-01,0.000000e+00,0,0,0,1.214738e-05,2.325096e-06
138,5.663095e-02,3.845934e-01,0.000000e+00,0,0,0,1.302239e-05,2.576830e-06
139,5.635444e-02,4.635291e-01,0.000000e+00,0,0,0,1.368617e-05,2.839194e-06
140,5.578630e-02,5.321438e-01,0.000000e+00,0,0,0,1.430466e-05,3.088015e-06
141,5.373553e-02,7.943277e-02,1.069340e+02,360,81,13,1.001086e+00,2.229060e-01
142,5.354699e-02,2.144444e-01,0.000000e+00,0,0,0,1.297352e-05,2.721129e-06
143,5.319083e-02,2.797820e-01,0.000000e+00,0,0,0,1.230441e-05,2.661427e-06
144,5.296945e-02,3.511434e-01,0.000000e+00,0,0,0,1.293991e-05,2.830271e-06
145,5.250772e-02,4.314538e-01,0.000000e+00,0,0,0,1.379299e-05,3.068174e-06
146,5.180804e-02,5.075800e-01,0.000000e+00,0,0,0,1.452075e-05,3.311951e-06
147,5.156867e-02,7.676452e-02,9.743087e+01,361,81,13,9.149576e-01,2.024995e-01
148,5.018479e-02,2.107246e-01,0.000000e+00,0,0,0,1.371309e-05,3.047849e-06
149,4.939546e-02,2.922372e-01,0.000000e+00,0,0,0,1.316333e-05,3.028476e-06
150,4.881063e-02,3.772240e-01,0.000000e+00,0,0,0,1.406703e-05,3.226821e-06
151,4.804223e-02,4.688682e-01,0.000000e+00,0,0,0,1.501466e-05,3.498949e-06
152,4.706585e-02,5.577232e-01,0.000000e+00,0,0,0,1.583401e-05,3.784803e-06
153,4.842447e-02,8.703175e-02,1.093314e+02,361,81,13,1.074312e+00,2.249672e-01
154,4.575650e-02,2.274028e-01,0.000000e+00,0,0,0,1.489613e-05,3.503716e-06
155,4.439362e-02,3.260118e-01,0.000000e+00,0,0,0,1.425979e-05,3.456065e-06
156,4.356415e-02,4.220155e-01,0.000000e+00,0,0,0,1.511446e-05,3.646559e-06
157,4.263345e-02,5.105386e-01,0.000000e+00,0,0,0,1.600619e-05,3.915810e-06
158,4.495472e-02,8.137721e-02,9.559551e+01,361,81,14,9.304398e-01,1.963455e-01
159,4.187205e-02,2.259395e-01,0.000000e+00,0,0,0,1.551460e-05,3.769035e-06
160,4.013771e-02,3.687120e-01,0.000000e+00,0,0,0,1.503617e-05,3.747401e-06
161,4.088432e-02,4.774369e-01,0.000000e+00,0,0,0,1.580777e-05,3.926859e-06
162,4.214205e-02,5.541465e-01,0.000000e+00,0,0,0,1.659011e-05,4.168980e-06
163,4.115937e-02,8.282810e-02,9.402988e+01,359,85,14,8.977619e-01,1.880809e-01
164,4.251240e-02,2.335559e-01,0.000000e+00,0,0,0,1.611968e-05,4.021700e-06
165,4.298679e-02,4.135477e-01,0.000000e+00,0,0,0,1.571256e-05,3.996699e-06
166,4.407310e-02,5.350399e-01,0.000000e+00,0,0,0,1.649914e-05,4.184105e-06
167,4.248976e-02,7.251158e-02,8.512411e+01,414,85,14,7.667507e-01,1.542007e-01
168,4.479424e-02,2.509749e-01,0.000000e+00,0,0,0,1.659434e-05,4.212206e-06
169,4.553083e-02,4.497069e-01,0.000000e+00,0,0,0,1.644538e-05,4.256678e-06
170,4.432961e-02,6.743354e-02,7.451827e+01,413,88,14,6.092035e-01,1.242524e-01
171,4.646158e-02,2.641122e-01,0.000000e+00,0,0,0,1.686008e-05,4.329827e-06
172,4.735897e-02,4.745908e-01,0.000000e+00,0,0,0,1.692879e-05,4.420062e-06
173,4.619497e-02,7.078320e-02,7.373202e+01,414,85,14,6.055021e-01,1.222229e-01
174,4.831231e-02,2.791352e-01,0.000000e+00,0,0,0,1.725228e-05,4.500164e-06
175,4.917847e-02,5.022252e-01,0.000000e+00,0,0,0,1.726952e-05,4.575935e-06
176,4.794794e-02,7.504180e-02,7.340025e+01,414,85,14,5.744841e-01,1.185903e-01
177,4.996428e-02,2.940991e-01,0.000000e+00,0,0,0,1.754306e-05,4.636385e-06
178,5.075745e-02,5.292750e-01,0.000000e+00,0,0,0,1.753698e-05,4.698933e-06
179,4.946867e-02,7.897016e-02,7.143463e+01,414,85,14,5.439226e-01,1.121006e-01
180,5.137630e-02,3.047135e-01,0.000000e+00,0,0,0,1.783312e-05,4.775885e-06
181,5.216721e-02,5.494359e-01,0.000000e+00,0,0,0,1.786615e-05,4.849626e-06
182,5.091706e-02,8.135670e-02,7.321497e+01,414,85,14,5.637960e-01,1.119462e-01
183,5.284572e-02,3.117407e-01,0.000000e+00,0,0,0,1.819184e-05,4.939730e-06
184,5.218783e-02,6.974345e-02,5.880427e+01,414,88,13,4.042373e-01,8.412281e-02
185,5.353542e-02,3.152428e-01,0.000000e+00,0,0,0,1.820082e-05,4.950112e-06
186,5.330721e-02,6.863838e-02,5.570410e+01,414,88,13,3.907043e-01,7.605524e-02
187,5.441274e-02,3.151745e-01,0.000000e+00,0,0,0,1.848541e-05,5.043756e-06
188,5.442812e-02,6.760943e-02,5.557470e+01,414,85,14,3.933738e-01,7.776301e-02
189,5.534758e-02,3.117273e-01,0.000000e+00,0,0,0,1.877290e-05,5.140779e-06
190,5.627488e-02,5.616153e-01,0.000000e+00,0,0,0,1.907187e-05,5.259301e-06
191,5.587524e-02,7.999691e-02,7.449182e+01,414,85,14,5.443689e-01,1.076474e-01
192,5.697630e-02,2.991218e-01,0.000000e+00,0,0,0,1.940116e-05,5.337708e-06
193,5.779840e-02,5.504597e-01,0.000000e+00,0,0,0,1.933754e-05,5.376566e-06
194,5.728670e-02,7.982463e-02,7.508089e+01,414,85,14,5.102412e-01,1.048885e-01
195,5.841587e-02,2.853653e-01,0.000000e+00,0,0,0,1.961413e-05,5.397413e-06
196,5.956785e-02,5.297132e-01,0.000000e+00,0,0,0,1.957433e-05,5.412999e-06
197,5.852428e-02,7.741380e-02,7.640569e+01,414,85,14,5.062788e-01,9.765675e-02
198,6.015442e-02,2.717569e-01,0.000000e+00,0,0,0,1.991664e-05,5.453683e-06
199,6.136848e-02,5.127848e-01,0.000000e+00,0,0,0,1.993713e-05,5.481402e-06
200,5.975200e-02,7.561481e-02,8.089761e+01,414,85,14,5.204223e-01,9.949875e-02
201,6.200457e-02,2.624519e-01,0.000000e+00,0,0,0,2.025372e-05,5.513263e-06
202,6.324167e-02,5.031275e-01,0.000000e+00,0,0,0,2.028894e-05,5.539861e-06
203,6.135973e-02,7.511848e-02,8.417123e+01,414,85,14,5.205021e-01,9.935762e-02
204,6.385481e-02,2.584549e-01,0.000000e+00,0,0,0,2.060709e-05,5.578238e-06
205,6.509691e-02,5.017398e-01,0.000000e+00,0,0,0,2.068164e-05,5.601340e-06
206,6.312571e-02,7.548553e-02,8.474660e+01,414,85,14,5.097555e-01,9.824967e-02
207,6.562323e-02,2.590322e-01,0.000000e+00,0,0,0,2.095251e-05,5.630997e-06
208,6.685139e-02,5.063021e-01,0.000000e+00,0,0,0,2.099852e-05,5.647348e-06
209,6.477632e-02,7.617587e-02,8.252079e+01,414,85,14,4.860297e-01,9.469668e-02
210,6.722982e-02,2.623177e-01,0.000000e+00,0,0,0,2.119506e-05,5.658706e-06
211,6.813508e-02,5.138554e-01,0.000000e+00,0,0,0,2.072268e-05,5.571894e-06
212,6.551329e-02,7.670820e-02,8.840828e+01,414,85,14,3.559677e-01,6.897193e-02
213,6.690374e-02,2.908304e-01,0.000000e+00,0,0,0,1.948689e-05,5.267733e-06
214,6.707666e-02,5.185299e-01,0.000000e+00,0,0,0,1.860165e-05,5.007349e-06
215,6.413233e-02,7.687557e-02,1.005302e+02,414,85,14,4.155975e-01,6.916334e-02
216,6.460858e-02,3.024139e-01,0.000000e+00,0,0,0,1.744441e-05,4.735815e-06
217,6.464058e-02,5.156123e-01,0.000000e+00,0,0,0,1.698732e-05,4.492470e-06
218,6.180608e-02,7.595146e-02,9.663300e+01,414,85,14,4.985607e-01,8.198059e-02
219,6.156050e-02,2.791185e-01,0.000000e+00,0,0,0,1.578109e-05,4.267339e-06
220,6.151948e-02,4.982990e-01,0.000000e+00,0,0,0,1.546372e-05,4.041647e-06
221,5.908838e-02,7.250559e-02,8.303838e+01,414,85,14,5.359626e-01,9.679440e-02
222,5.820158e-02,2.701088e-01,0.000000e+00,0,0,0,1.434941e-05,3.860800e-06
223,5.815038e-02,4.729847e-01,0.000000e+00,0,0,0,1.415041e-05,3.658675e-06
224,5.606696e-02,6.742024e-02,6.403101e+01,415,85,14,5.420274e-01,1.050282e-01
225,5.480985e-02,2.577013e-01,0.000000e+00,0,0,0,1.313837e-05,3.514912e-06
226,5.477355e-02,4.443561e-01,0.000000e+00,0,0,0,1.301102e-05,3.334847e-06
227,5.297295e-02,6.202281e-02,4.797463e+01,359,85,14,5.212952e-01,1.123696e-01
228,5.154692e-02,2.438134e-01,0.000000e+00,0,0,0,1.211270e-05,3.220533e-06
229,5.154415e-02,4.187272e-01,0.000000e+00,0,0,0,1.203659e-05,3.062044e-06
230,5.086985e-02,5.334796e-01,0.000000e+00,0,0,0,1.104369e-05,2.787888e-06
231,4.900868e-02,6.723958e-02,6.390561e+01,359,85,14,6.517930e-01,1.476314e-01
232,4.740795e-02,2.355767e-01,0.000000e+00,0,0,0,1.080594e-05,2.847298e-06
233,4.767742e-02,4.009624e-01,0.000000e+00,0,0,0,1.116229e-05,2.788590e-06
234,4.716876e-02,5.107951e-01,0.000000e+00,0,0,0,1.030189e-05,2.565135e-06
235,4.553941e-02,6.143609e-02,6.102880e+01,360,86,13,5.763487e-01,1.376481e-01
236,4.406798e-02,2.238331e-01,0.000000e+00,0,0,0,1.003489e-05,2.621987e-06
237,4.436769e-02,3.786091e-01,0.000000e+00,0,0,0,1.033268e-05,2.576903e-06
238,4.398167e-02,4.808840e-01,0.000000e+00,0,0,0,9.602044e-06,2.388531e-06
239,4.334712e-02,5.436347e-01,0.000000e+00,0,0,0,8.868002e-06,2.179358e-06
240,4.186151e-02,6.354141e-02,6.773503e+01,360,86,13,6.398105e-01,1.499116e-01
241,4.051870e-02,2.080034e-01,0.000000e+00,0,0,0,9.210059e-06,2.387108e-06
242,4.109685e-02,3.511879e-01,0.000000e+00,0,0,0,9.828793e-06,2.426611e-06
243,4.118460e-02,4.466775e-01,0.000000e+00,0,0,0,9.811010e-06,2.373372e-06
244,4.132660e-02,5.053875e-01,0.000000e+00,0,0,0,1.014186e-05,2.370714e-06
245,4.170797e-02,5.413786e-01,0.000000e+00,0,0,0,1.083006e-05,2.453672e-06
246,4.050063e-02,4.549330e-02,4.516302e+01,414,88,14,1.199326e-01,5.571790e-02
247,4.179950e-02,1.909530e-01,0.000000e+00,0,0,0,1.270669e-05,3.013557e-06
248,4.371717e-02,3.281890e-01,0.000000e+00,0,0,0,1.409465e-05,3.351075e-06
249,4.557035e-02,4.251012e-01,0.000000e+00,0,0,0,1.554908e-05,3.673225e-06
250,4.750395e-02,4.968123e-01,0.000000e+00,0,0,0,1.699993e-05,4.008191e-06
251,4.597788e-02,6.794158e-02,9.307061e+01,359,81,14,9.875222e-01,2.050217e-01
252,4.939775e-02,2.406395e-01,0.000000e+00,0,0,0,1.725424e-05,4.130641e-06
253,5.105701e-02,3.623988e-01,0.000000e+00,0,0,0,1.731999e-05,4.290207e-06
254,5.332041e-02,5.170506e-01,0.000000e+00,0,0,0,1.909668e-05,4.651292e-06
255,5.208784e-02,8.542967e-02,1.067562e+02,359,81,14,1.122559e+00,2.126600e-01
256,5.614292e-02,3.080369e-01,0.000000e+00,0,0,0,1.982724e-05,4.790452e-06
257,5.793786e-02,4.546305e-01,0.000000e+00,0,0,0,1.995476e-05,4.961579e-06
258,5.707467e-02,8.057612e-02,9.236989e+01,359,81,14,9.773947e-01,1.932670e-01
259,6.108458e-02,3.174838e-01,0.000000e+00,0,0,0,2.127597e-05,5.130091e-06
260,6.303382e-02,4.984916e-01,0.000000e+00,0,0,0,2.172297e-05,5.344088e-06
261,6.193981e-02,8.725926e-02,1.030587e+02,412,85,14,1.026577e+00,1.983060e-01
262,6.609286e-02,3.527067e-01,0.000000e+00,0,0,0,2.284392e-05,5.498494e-06
263,6.529982e-02,6.740049e-02,9.466509e+01,413,85,14,7.288306e-01,1.492298e-01
264,6.897981e-02,3.701200e-01,0.000000e+00,0,0,0,2.324884e-05,5.586522e-06
265,6.830765e-02,6.729543e-02,1.012511e+02,413,85,14,7.179768e-01,1.371381e-01
266,7.209113e-02,3.989515e-01,0.000000e+00,0,0,0,2.419843e-05,5.793423e-06
267,7.136542e-02,6.985724e-02,1.084410e+02,413,85,14,7.278842e-01,1.397796e-01
268,7.522526e-02,4.197916e-01,0.000000e+00,0,0,0,2.505671e-05,5.996823e-06
269,7.434783e-02,7.144159e-02,1.126802e+02,413,85,14,7.139152e-01,1.387398e-01
270,7.820237e-02,4.296966e-01,0.000000e+00,0,0,0,2.578371e-05,6.168812e-06
271,7.717402e-02,7.220083e-02,1.143038e+02,413,85,14,6.895411e-01,1.341965e-01
272,8.098417e-02,4.313585e-01,0.000000e+00,0,0,0,2.641514e-05,6.315523e-06
273,7.980873e-02,7.248944e-02,1.135924e+02,413,85,14,6.599219e-01,1.282280e-01
274,8.354647e-02,4.227563e-01,0.000000e+00,0,0,0,2.694915e-05,6.439073e-06
275,8.215845e-02,7.503122e-02,1.123689e+02,413,85,14,6.188846e-01,1.196823e-01
276,8.568303e-02,4.314702e-01,0.000000e+00,0,0,0,2.729431e-05,6.508850e-06
277,8.410491e-02,8.032525e-02,1.150006e+02,414,85,14,5.843732e-01,1.128994e-01
278,8.748361e-02,4.389821e-01,0.000000e+00,0,0,0,2.757813e-05,6.564410e-06
279,8.579623e-02,8.467680e-02,1.165885e+02,414,85,14,5.575879e-01,1.094337e-01
280,8.907586e-02,4.373879e-01,0.000000e+00,0,0,0,2.785784e-05,6.617777e-06
281,8.729915e-02,8.750057e-02,1.162841e+02,414,85,14,5.286704e-01,1.036509e-01
282,9.048269e-02,4.420123e-01,0.000000e+00,0,0,0,2.811028e-05,6.673743e-06
283,8.863433e-02,8.803105e-02,1.140167e+02,414,85,14,4.951983e-01,9.678857e-02
284,9.167910e-02,4.325353e-01,0.000000e+00,0,0,0,2.827043e-05,6.669457e-06
285,8.977594e-02,8.741057e-02,1.099410e+02,414,85,14,4.565965e-01,8.909618e-02
286,9.269201e-02,4.385942e-01,0.000000e+00,0,0,0,2.840504e-05,6.678078e-06
287,9.074045e-02,8.763337e-02,1.042084e+02,414,85,14,4.178941e-01,8.081859e-02
288,9.353848e-02,4.430117e-01,0.000000e+00,0,0,0,2.849893e-05,6.686438e-06
289,9.152968e-02,8.753860e-02,9.732377e+01,414,85,14,3.777687e-01,7.231192e-02
290,9.420978e-02,4.491055e-01,0.000000e+00,0,0,0,2.854316e-05,6.686651e-06
291,9.205724e-02,8.714688e-02,9.158003e+01,414,85,14,3.462685e-01,6.684063e-02
292,9.448499e-02,4.603521e-01,0.000000e+00,0,0,0,2.840259e-05,6.645265e-06
293,9.218962e-02,8.703119e-02,9.115337e+01,414,85,14,3.338482e-01,6.726854e-02
294,9.445177e-02,4.695776e-01,0.000000e+00,0,0,0,2.824006e-05,6.598777e-06
295,9.211718e-02,8.682179e-02,9.042328e+01,414,85,14,3.153712e-01,6.439129e-02
296,9.428702e-02,4.759198e-01,0.000000e+00,0,0,0,2.812098e-05,6.557383e-06
297,9.194229e-02,8.673388e-02,8.880071e+01,414,85,14,2.939130e-01,6.012488e-02
298,9.405386e-02,4.836111e-01,0.000000e+00,0,0,0,2.801780e-05,6.517383e-06
299,9.173170e-02,8.657324e-02,8.613151e+01,414,85,14,2.722354e-01,5.545840e-02
300,9.565178e-02,4.861931e-01,0.000000e+00,0,0,0,2.792560e-05,6.476225e-06
301,9.371958e-02,8.529180e-02,8.242215e+01,414,85,14,2.495404e-01,5.040690e-02
302,9.753752e-02,4.818751e-01,0.000000e+00,0,0,0,2.782209e-05,6.419318e-06
303,9.603882e-02,8.226538e-02,7.782918e+01,413,85,14,2.269861e-01,4.520198e-02
304,9.984590e-02,4.715001e-01,0.000000e+00,0,0,0,2.773458e-05,6.363774e-06
305,9.830085e-02,7.772005e-02,7.291484e+01,413,85,14,2.056196e-01,4.014455e-02
306,1.017857e-01,4.941667e-01,0.000000e+00,0,0,0,2.767138e-05,6.337137e-06
307,1.002683e-01,7.475078e-02,6.999640e+01,413,85,14,1.929129e-01,3.775792e-02
308,1.037967e-01,5.013012e-01,0.000000e+00,0,0,0,2.744505e-05,6.296704e-06
309,1.021723e-01,7.465208e-02,7.317959e+01,413,85,14,2.215224e-01,4.379926e-02
310,1.058526e-01,5.103829e-01,0.000000e+00,0,0,0,2.723766e-05,6.265045e-06
311,1.041450e-01,7.495677e-02,7.566740e+01,413,85,14,2.311119e-01,4.567837e-02
312,1.079181e-01,5.155484e-01,0.000000e+00,0,0,0,2.711435e-05,6.246671e-06
313,1.062132e-01,7.509685e-02,7.699769e+01,413,85,14,2.265449e-01,4.496989e-02
314,1.099316e-01,5.113258e-01,0.000000e+00,0,0,0,2.703776e-05,6.238030e-06
315,1.082824e-01,7.336777e-02,7.708627e+01,413,85,14,2.152220e-01,4.306854e-02
316,1.118458e-01,5.025148e-01,0.000000e+00,0,0,0,2.699957e-05,6.239892e-06
317,1.102870e-01,7.081163e-02,7.599477e+01,413,85,14,1.994161e-01,4.022399e-02
318,1.136449e-01,4.936160e-01,0.000000e+00,0,0,0,2.699250e-05,6.254677e-06
319,1.121216e-01,6.747687e-02,7.408952e+01,413,85,14,1.828097e-01,3.687371e-02
320,1.152587e-01,4.804807e-01,0.000000e+00,0,0,0,2.699744e-05,6.272456e-06
321,1.137830e-01,6.285548e-02,7.145782e+01,413,85,14,1.672212e-01,3.334630e-02
322,1.166642e-01,4.604739e-01,0.000000e+00,0,0,0,2.699981e-05,6.287187e-06
323,1.153574e-01,6.103817e-02,7.078910e+01,413,85,14,1.727716e-01,3.456555e-02
324,1.183745e-01,4.316778e-01,0.000000e+00,0,0,0,2.685772e-05,6.264516e-06
325,1.170916e-01,6.213292e-02,7.574902e+01,413,85,14,2.294993e-01,4.442545e-02
326,1.203160e-01,4.248028e-01,0.000000e+00,0,0,0,2.671359e-05,6.218362e-06
327,1.189992e-01,6.333765e-02,7.876661e+01,413,85,14,2.408876e-01,4.692551e-02
328,1.223059e-01,4.257954e-01,0.000000e+00,0,0,0,2.665138e-05,6.197615e-06
329,1.210188e-01,6.400871e-02,8.044989e+01,413,85,14,2.339307e-01,4.653834e-02
330,1.243032e-01,4.297441e-01,0.000000e+00,0,0,0,2.660624e-05,6.169125e-06
331,1.230493e-01,6.406578e-02,8.065530e+01,413,85,14,2.213411e-01,4.497007e-02
332,1.262145e-01,4.354192e-01,0.000000e+00,0,0,0,2.656737e-05,6.124459e-06
333,1.249851e-01,6.344911e-02,8.001918e+01,414,85,14,2.041700e-01,4.224519e-02
334,1.279618e-01,4.399073e-01,0.000000e+00,0,0,0,2.652493e-05,6.074102e-06
335,1.267639e-01,6.220645e-02,7.855289e+01,414,85,14,1.859759e-01,3.909357e-02
336,1.294948e-01,4.423756e-01,0.000000e+00,0,0,0,2.649545e-05,6.029113e-06
337,1.283059e-01,6.045860e-02,7.643058e+01,414,85,14,1.691197e-01,3.578311e-02
338,1.307282e-01,4.434473e-01,0.000000e+00,0,0,0,2.645689e-05,5.991142e-06
339,1.295554e-01,5.741087e-02,7.312660e+01,414,85,14,1.120717e-01,2.306356e-02
340,1.314912e-01,4.347802e-01,0.000000e+00,0,0,0,2.552782e-05,5.894850e-06
341,1.302908e-01,5.156893e-02,6.037038e+01,414,85,14,1.637381e-01,4.136978e-02
342,1.310969e-01,4.192479e-01,0.000000e+00,0,0,0,2.411528e-05,5.696788e-06
343,1.299892e-01,4.967374e-02,4.253732e+01,359,83,15,3.019840e-01,7.097042e-02
344,1.295212e-01,4.009756e-01,0.000000e+00,0,0,0,2.262080e-05,5.447780e-06
345,1.283481e-01,5.556574e-02,4.028455e+01,359,83,15,4.211870e-01,9.335189e-02
346,1.267252e-01,3.868971e-01,0.000000e+00,0,0,0,2.106609e-05,5.154772e-06
347,1.250408e-01,6.174052e-02,5.120764e+01,359,85,13,5.189117e-01,1.103248e-01
348,1.227468e-01,3.701024e-01,0.000000e+00,0,0,0,1.948951e-05,4.831215e-06
349,1.229844e-01,6.448027e-02,6.029095e+01,360,85,13,5.952431e-01,1.230425e-01
350,1.196615e-01,3.519967e-01,0.000000e+00,0,0,0,1.792971e-05,4.487566e-06
351,1.199312e-01,6.494316e-02,6.799334e+01,414,87,14,6.508267e-01,1.314959e-01
352,1.158517e-01,3.320988e-01,0.000000e+00,0,0,0,1.642378e-05,4.134871e-06
353,1.127909e-01,5.500258e-01,0.000000e+00,0,0,0,1.548514e-05,3.806309e-06
354,1.145944e-01,8.056062e-02,1.109266e+02,414,87,14,1.038752e+00,2.078458e-01
355,1.095747e-01,3.506576e-01,0.000000e+00,0,0,0,1.383524e-05,3.538034e-06
356,1.100267e-01,6.145397e-02,1.060603e+02,414,87,14,7.095329e-01,1.407755e-01
357,1.052228e-01,3.356444e-01,0.000000e+00,0,0,0,1.324584e-05,3.309087e-06
358,1.018714e-01,5.559620e-01,0.000000e+00,0,0,0,1.243893e-05,2.995029e-06
359,1.037498e-01,7.081106e-02,1.371657e+02,414,87,14,1.016642e+00,1.983514e-01
360,9.854230e-02,3.559832e-01,0.000000e+00,0,0,0,1.109417e-05,2.778006e-06
361,9.886202e-02,5.331469e-02,1.174593e+02,414,87,14,6.781067e-01,1.372548e-01
362,9.426922e-02,3.215718e-01,0.000000e+00,0,0,0,1.076595e-05,2.598851e-06
363,9.124264e-02,5.223243e-01,0.000000e+00,0,0,0,1.016190e-05,2.320569e-06
364,9.293557e-02,5.882964e-02,1.382287e+02,414,87,14,9.150091e-01,1.737202e-01
365,8.839024e-02,3.204886e-01,0.000000e+00,0,0,0,9.247500e-06,2.163281e-06
366,8.569667e-02,5.037630e-01,0.000000e+00,0,0,0,9.237820e-06,1.954252e-06
367,8.736029e-02,5.258358e-02,1.373232e+02,414,87,14,8.265109e-01,1.634314e-01
368,8.334925e-02,2.918382e-01,0.000000e+00,0,0,0,8.577522e-06,1.887472e-06
369,8.102904e-02,4.575187e-01,0.000000e+00,0,0,0,8.649658e-06,1.726570e-06
370,8.248129e-02,4.696313e-02,1.259951e+02,414,87,13,7.079508e-01,1.410349e-01
371,7.949540e-02,2.299074e-01,0.000000e+00,0,0,0,8.644490e-06,1.663130e-06
372,7.839704e-02,3.362443e-01,0.000000e+00,0,0,0,9.543399e-06,1.878146e-06
373,7.822414e-02,4.171813e-01,0.000000e+00,0,0,0,1.003209e-05,2.007858e-06
374,7.862703e-02,4.615629e-01,0.000000e+00,0,0,0,1.084775e-05,2.183985e-06
375,7.945590e-02,4.802409e-01,0.000000e+00,0,0,0,1.195777e-05,2.412279e-06
376,8.062758e-02,4.796772e-01,0.000000e+00,0,0,0,1.329217e-05,2.683853e-06
377,8.212615e-02,4.747527e-01,0.000000e+00,0,0,0,1.480218e-05,2.988997e-06
378,8.341002e-02,5.138119e-02,9.291660e+01,394,83,14,1.550929e+00,3.159904e-01
379,8.601428e-02,2.985584e-01,0.000000e+00,0,0,0,1.589183e-05,3.228789e-06
380,8.804997e-02,5.025443e-01,0.000000e+00,0,0,0,1.557579e-05,3.265602e-06
381,8.719729e-02,5.832547e-02,1.336670e+02,415,85,14,8.586845e-01,1.847809e-01
382,9.469914e-02,5.201447e-01,0.000000e+00,0,0,0,1.791789e-05,3.706796e-06
383,9.324774e-02,6.453872e-02,1.386603e+02,415,85,14,6.836780e-01,1.456084e-01
384,9.769807e-02,4.255342e-02,8.969567e+01,415,85,14,5.321833e-01,1.146539e-01
385,1.058075e-01,5.519449e-01,0.000000e+00,0,0,0,1.859851e-05,3.827708e-06
386,1.042212e-01,6.888193e-02,1.478689e+02,415,85,14,5.828359e-01,1.183939e-01
387,1.090101e-01,4.754561e-02,9.883984e+01,415,85,14,5.236690e-01,1.155863e-01
388,1.134832e-01,4.748428e-02,9.763715e+01,415,85,14,4.068214e-01,8.813787e-02
389,1.177372e-01,4.698312e-02,9.663081e+01,415,85,14,3.722138e-01,7.665008e-02
390,1.219456e-01,4.796398e-02,9.696761e+01,415,85,14,3.872521e-01,8.027402e-02
391,1.261627e-01,4.922867e-02,9.754117e+01,415,85,14,4.072904e-01,8.670831e-02
392,1.303041e-01,4.970491e-02,9.746905e+01,414,84,14,4.089561e-01,8.731838e-02
393,1.342874e-01,4.955244e-02,9.731675e+01,414,84,14,3.952773e-01,8.257508e-02
394,1.380811e-01,4.903245e-02,9.683117e+01,414,84,14,3.810146e-01,7.776968e-02
395,1.416598e-01,4.807770e-02,9.624162e+01,414,84,14,3.731960e-01,7.557828e-02
396,1.450339e-01,4.701912e-02,9.532487e+01,414,84,14,3.678690e-01,7.457458e-02
397,1.481849e-01,4.547381e-02,9.387993e+01,414,84,14,3.590899e-01,7.247485e-02
398,1.552712e-01,5.409138e-01,0.000000e+00,0,0,0,2.577619e-05,5.104791e-06
399,1.521793e-01,6.945616e-02,1.604682e+02,414,84,14,5.794762e-01,1.144761e-01
400,1.594960e-01,5.159134e-01,0.000000e+00,0,0,0,2.710040e-05,5.366257e-06
401,1.560985e-01,7.306302e-02,1.607344e+02,414,84,14,6.123815e-01,1.212198e-01
402,1.628775e-01,4.678102e-01,0.000000e+00,0,0,0,2.753673e-05,5.430053e-06
403,1.597652e-01,7.739693e-02,1.547384e+02,414,84,14,5.372539e-01,1.025714e-01
404,1.665293e-01,4.547075e-01,0.000000e+00,0,0,0,2.768749e-05,5.430252e-06
405,1.637340e-01,7.957119e-02,1.528599e+02,415,84,14,4.628184e-01,8.909958e-02
406,1.710282e-01,4.618552e-01,0.000000e+00,0,0,0,2.778361e-05,5.427888e-06
407,1.687896e-01,8.043107e-02,1.485055e+02,415,84,14,3.978323e-01,8.190846e-02
408,1.757933e-01,4.643925e-01,0.000000e+00,0,0,0,2.774227e-05,5.405603e-06
409,1.733287e-01,7.849988e-02,1.421547e+02,415,84,14,3.458832e-01,7.291178e-02
410,1.796308e-01,4.482510e-01,0.000000e+00,0,0,0,2.758714e-05,5.362495e-06
411,1.765903e-01,7.326570e-02,1.337331e+02,415,84,14,2.974092e-01,6.344369e-02
412,1.821545e-01,4.262735e-01,0.000000e+00,0,0,0,2.734999e-05,5.308372e-06
413,1.791065e-01,6.560802e-02,1.227318e+02,415,84,14,2.506463e-01,5.391849e-02
414,1.847007e-01,4.167638e-01,0.000000e+00,0,0,0,2.705063e-05,5.249298e-06
415,1.821736e-01,5.650693e-02,1.117553e+02,416,84,14,2.193228e-01,4.450158e-02
416,1.869020e-01,4.060576e-01,0.000000e+00,0,0,0,2.669509e-05,5.176810e-06
417,1.843233e-01,5.289400e-02,1.009426e+02,416,84,14,1.933609e-01,3.582203e-02
418,1.883394e-01,3.838568e-01,0.000000e+00,0,0,0,2.630145e-05,5.098865e-06
419,1.859870e-01,5.193400e-02,9.143530e+01,416,84,14,2.003159e-01,3.666843e-02
420,1.898150e-01,3.921767e-01,0.000000e+00,0,0,0,2.589911e-05,5.008098e-06
421,1.875810e-01,5.168474e-02,8.656528e+01,416,84,14,2.852069e-01,5.135852e-02
422,1.909527e-01,3.880970e-01,0.000000e+00,0,0,0,2.545526e-05,4.912016e-06
423,1.888669e-01,5.016845e-02,7.978423e+01,416,84,14,3.332624e-01,6.085415e-02
424,1.916861e-01,3.645993e-01,0.000000e+00,0,0,0,2.495852e-05,4.808646e-06
425,1.898580e-01,4.649222e-02,7.197373e+01,416,84,14,3.581946e-01,6.718785e-02
426,1.920625e-01,3.489605e-01,0.000000e+00,0,0,0,2.445534e-05,4.707846e-06
427,1.904554e-01,4.448551e-02,6.402266e+01,416,84,14,3.676483e-01,7.347784e-02
428,1.920364e-01,3.360795e-01,0.000000e+00,0,0,0,2.395357e-05,4.610930e-06
429,1.905823e-01,4.346478e-02,5.600955e+01,416,84,14,3.660460e-01,7.701146e-02
430,1.915924e-01,3.306451e-01,0.000000e+00,0,0,0,2.346003e-05,4.515181e-06
431,1.901852e-01,4.133183e-02,4.933315e+01,416,84,14,3.578066e-01,7.843301e-02
432,1.907968e-01,3.395203e-01,0.000000e+00,0,0,0,2.299719e-05,4.431830e-06
433,1.891942e-01,4.159272e-02,4.431561e+01,413,84,14,3.441114e-01,7.818571e-02
434,1.894386e-01,3.017712e-01,0.000000e+00,0,0,0,2.257181e-05,4.357852e-06
435,1.890884e-01,4.366968e-01,0.000000e+00,0,0,0,2.241530e-05,4.320625e-06
436,1.857825e-01,3.834069e-02,5.956598e+01,416,84,14,5.741042e-01,1.198657e-01
437,1.867016e-01,5.483721e-01,0.000000e+00,0,0,0,2.191119e-05,4.207806e-06
438,1.867753e-01,7.523203e-02,8.015719e+01,416,85,14,4.660137e-01,1.008774e-01
439,1.873628e-01,5.297446e-02,5.102864e+01,416,85,14,3.639805e-01,6.684227e-02
440,1.877024e-01,4.588038e-02,5.023637e+01,416,85,14,2.360216e-01,5.014893e-02
441,1.878589e-01,4.192543e-02,4.783085e+01,416,85,14,2.297789e-01,5.073789e-02
442,1.878171e-01,3.800973e-02,4.413689e+01,416,85,14,2.672487e-01,5.527139e-02
443,1.878249e-01,5.527583e-01,0.000000e+00,0,0,0,2.129087e-05,4.187806e-06
444,1.869942e-01,5.862673e-02,6.939325e+01,416,85,14,4.514161e-01,9.864692e-02
445,1.870977e-01,4.930172e-01,0.000000e+00,0,0,0,2.108764e-05,4.152900e-06
446,1.859054e-01,5.459807e-02,6.947756e+01,416,85,14,4.583085e-01,1.049141e-01
447,1.858629e-01,4.650998e-01,0.000000e+00,0,0,0,2.088463e-05,4.122242e-06
448,1.844536e-01,4.945612e-02,7.044353e+01,416,85,14,4.162547e-01,9.699890e-02
449,1.843782e-01,4.441909e-01,0.000000e+00,0,0,0,2.072754e-05,4.099980e-06
450,1.833195e-01,4.543296e-02,7.104155e+01,416,85,14,3.901133e-01,9.054197e-02
451,1.828794e-01,4.133790e-01,0.000000e+00,0,0,0,2.068234e-05,4.087495e-06
452,1.829906e-01,4.283631e-02,6.889639e+01,416,85,14,4.515036e-01,9.557076e-02
453,1.824019e-01,3.866812e-01,0.000000e+00,0,0,0,2.088163e-05,4.089717e-06
454,1.827815e-01,4.116082e-02,6.739963e+01,416,85,14,4.943445e-01,1.034959e-01
455,1.822567e-01,3.527113e-01,0.000000e+00,0,0,0,2.117112e-05,4.081089e-06
456,1.825426e-01,4.179776e-02,6.537297e+01,416,85,14,5.009128e-01,1.071782e-01
457,1.820081e-01,3.196894e-01,0.000000e+00,0,0,0,2.143952e-05,4.066006e-06
458,1.812438e-01,5.355925e-01,0.000000e+00,0,0,0,2.188048e-05,4.091650e-06
459,1.817850e-01,6.312096e-02,7.781199e+01,416,85,14,7.126870e-01,1.524998e-01
460,1.811696e-01,3.197676e-01,0.000000e+00,0,0,0,2.185538e-05,4.013455e-06
461,1.813966e-01,5.019295e-02,6.328840e+01,416,85,14,4.472589e-01,1.084615e-01
462,1.807832e-01,3.578021e-01,0.000000e+00,0,0,0,2.184456e-05,4.016434e-06
463,1.809245e-01,5.181026e-02,5.951251e+01,416,85,14,4.325133e-01,9.659521e-02
464,1.802281e-01,3.880049e-01,0.000000e+00,0,0,0,2.200030e-05,3.999378e-06
465,1.802711e-01,5.354697e-02,5.759204e+01,416,85,14,4.103828e-01,9.356214e-02
466,1.795402e-01,4.072701e-01,0.000000e+00,0,0,0,2.204538e-05,3.971930e-06
467,1.796328e-01,5.402136e-02,5.454718e+01,416,85,14,4.111815e-01,9.186515e-02
468,1.791992e-01,4.067921e-01,0.000000e+00,0,0,0,2.246176e-05,3.981498e-06
469,1.791150e-01,5.596733e-02,5.562766e+01,414,84,14,4.899386e-01,1.013851e-01
470,1.789081e-01,4.004567e-01,0.000000e+00,0,0,0,2.294269e-05,3.988218e-06
471,1.786828e-01,5.623895e-02,5.649331e+01,414,84,14,5.143032e-01,1.080956e-01
472,1.786666e-01,3.915209e-01,0.000000e+00,0,0,0,2.329541e-05,3.980316e-06
473,1.789631e-01,5.511338e-02,5.670080e+01,359,84,13,5.147693e-01,1.106448e-01
474,1.804336e-01,3.800507e-01,0.000000e+00,0,0,0,2.357709e-05,3.967227e-06
475,1.803328e-01,5.331522e-02,5.697654e+01,359,84,13,5.029807e-01,1.103420e-01
476,1.815876e-01,3.654293e-01,0.000000e+00,0,0,0,2.379388e-05,3.949666e-06
477,1.807251e-01,5.075875e-02,5.634609e+01,359,84,13,4.829104e-01,1.079482e-01
478,1.817593e-01,3.437302e-01,0.000000e+00,0,0,0,2.394984e-05,3.929225e-06
479,1.805441e-01,4.654199e-02,5.499204e+01,359,84,13,4.564357e-01,1.039442e-01
480,1.816474e-01,3.177084e-01,0.000000e+00,0,0,0,2.405888e-05,3.907681e-06
481,1.802895e-01,4.217038e-02,5.308240e+01,359,84,13,4.271901e-01,9.876801e-02
482,1.815685e-01,3.134760e-01,0.000000e+00,0,0,0,2.407821e-05,3.879200e-06
483,1.794287e-01,3.797628e-02,4.839363e+01,417,84,14,3.306846e-01,8.192199e-02
484,1.783351e-01,3.425256e-01,0.000000e+00,0,0,0,2.154171e-05,3.473054e-06
485,1.762649e-01,4.486167e-02,5.982834e+01,415,85,15,5.209950e-01,9.980574e-02
486,1.723620e-01,4.053660e-01,0.000000e+00,0,0,0,1.862980e-05,2.989776e-06
487,1.711878e-01,5.139309e-02,8.914213e+01,415,85,14,6.560825e-01,1.244309e-01
488,1.648916e-01,4.693057e-01,0.000000e+00,0,0,0,1.648181e-05,2.606920e-06
489,1.657077e-01,5.421349e-02,1.196679e+02,415,85,14,7.165726e-01,1.394611e-01
490,1.573060e-01,5.250557e-01,0.000000e+00,0,0,0,1.474712e-05,2.324236e-06
491,1.588627e-01,5.676779e-02,1.441061e+02,415,85,14,7.370917e-01,1.465907e-01
492,1.492692e-01,5.565962e-01,0.000000e+00,0,0,0,1.341825e-05,2.112971e-06
493,1.511921e-01,5.978595e-02,1.607219e+02,415,85,14,7.226024e-01,1.477714e-01
494,1.463849e-01,4.218248e-02,1.113130e+02,415,85,14,5.611928e-01,1.133076e-01
495,1.402496e-01,5.202872e-01,0.000000e+00,0,0,0,1.317475e-05,2.160627e-06
496,1.386874e-01,5.858028e-02,1.579871e+02,414,83,14,4.838646e-01,1.045523e-01
497,1.340692e-01,4.109757e-02,1.123975e+02,415,85,14,4.656073e-01,9.871083e-02
498,1.323711e-01,5.298842e-01,0.000000e+00,0,0,0,1.211184e-05,2.302622e-06
499,1.291879e-01,6.341439e-02,1.589659e+02,415,85,14,5.204243e-01,1.169963e-01
500,1.275455e-01,5.454735e-01,0.000000e+00,0,0,0,1.153412e-05,2.471966e-06
501,1.243885e-01,6.610721e-02,1.647760e+02,415,85,14,5.904741e-01,1.306166e-01
502,1.228853e-01,5.252115e-01,0.000000e+00,0,0,0,1.149821e-05,2.616886e-06
503,1.198432e-01,6.513548e-02,1.587713e+02,415,85,14,5.374104e-01,1.161202e-01
504,1.185062e-01,4.902413e-01,0.000000e+00,0,0,0,1.167330e-05,2.716175e-06
505,1.156067e-01,6.290692e-02,1.498578e+02,415,85,14,4.914153e-01,1.039466e-01
506,1.144323e-01,4.515836e-01,0.000000e+00,0,0,0,1.182487e-05,2.801375e-06
507,1.117178e-01,5.983010e-02,1.393866e+02,415,85,14,4.493575e-01,9.379012e-02
508,1.110410e-01,4.091039e-01,0.000000e+00,0,0,0,1.200638e-05,2.875417e-06
509,1.086749e-01,5.577394e-02,1.278039e+02,415,85,14,4.036100e-01,8.278345e-02
510,1.086158e-01,3.647718e-01,0.000000e+00,0,0,0,1.219668e-05,2.932464e-06
511,1.065140e-01,5.340433e-02,1.160889e+02,414,85,14,3.558479e-01,7.162808e-02
512,1.064588e-01,3.200953e-01,0.000000e+00,0,0,0,1.237552e-05,2.971511e-06
513,1.064086e-01,5.195482e-01,0.000000e+00,0,0,0,1.260193e-05,3.068642e-06
514,1.041152e-01,5.974397e-02,1.270896e+02,414,85,14,4.330478e-01,8.643629e-02
515,1.040645e-01,2.340111e-01,0.000000e+00,0,0,0,1.413163e-05,3.240764e-06
516,1.040167e-01,4.034087e-01,0.000000e+00,0,0,0,1.682555e-05,3.589088e-06
517,1.039691e-01,5.431210e-01,0.000000e+00,0,0,0,1.995700e-05,4.075676e-06
518,1.036395e-01,8.649901e-02,1.120248e+02,359,84,13,1.550058e+00,3.304027e-01
519,1.035860e-01,3.105633e-01,0.000000e+00,0,0,0,2.223965e-05,4.212426e-06
520,1.035302e-01,4.837337e-01,0.000000e+00,0,0,0,2.275897e-05,4.508352e-06
521,1.048091e-01,7.884201e-02,1.095546e+02,415,83,14,1.531305e+00,2.908049e-01
522,1.069968e-01,3.601866e-01,0.000000e+00,0,0,0,2.602033e-05,4.690922e-06
523,1.063489e-01,6.302753e-02,1.184605e+02,415,83,14,1.057169e+00,1.748469e-01
524,1.120935e-01,4.230490e-01,0.000000e+00,0,0,0,2.705441e-05,4.857991e-06
525,1.111824e-01,8.107144e-02,1.391718e+02,415,83,14,1.045075e+00,1.664353e-01
526,1.175177e-01,4.695374e-01,0.000000e+00,0,0,0,2.869549e-05,5.080486e-06
527,1.164288e-01,9.439448e-02,1.489015e+02,415,83,14,9.714787e-01,1.473639e-01
528,1.225627e-01,4.825935e-01,0.000000e+00,0,0,0,2.969174e-05,5.237167e-06
529,1.213984e-01,1.012463e-01,1.507406e+02,415,83,14,8.610279e-01,1.293659e-01
530,1.271329e-01,4.772526e-01,0.000000e+00,0,0,0,3.033353e-05,5.343211e-06
531,1.259393e-01,1.056061e-01,1.489517e+02,415,83,14,7.705488e-01,1.161651e-01
532,1.312267e-01,4.741412e-01,0.000000e+00,0,0,0,3.097302e-05,5.474568e-06
533,1.299653e-01,1.032616e-01,1.428665e+02,415,83,14,7.118255e-01,1.109855e-01
534,1.346289e-01,4.437612e-01,0.000000e+00,0,0,0,3.148893e-05,5.632913e-06
535,1.333230e-01,9.478576e-02,1.310215e+02,415,83,14,6.439162e-01,1.066859e-01
536,1.373075e-01,4.144654e-01,0.000000e+00,0,0,0,3.183326e-05,5.786370e-06
537,1.359809e-01,8.503924e-02,1.161320e+02,415,83,14,5.888377e-01,1.016986e-01
538,1.392982e-01,3.857320e-01,0.000000e+00,0,0,0,3.206227e-05,5.929499e-06
539,1.379272e-01,7.377851e-02,1.002684e+02,415,83,14,5.440630e-01,1.001635e-01
540,1.407552e-01,3.616461e-01,0.000000e+00,0,0,0,3.220668e-05,6.063106e-06
541,1.393631e-01,6.194337e-02,8.483707e+01,415,83,14,5.026795e-01,9.814826e-02
542,1.416631e-01,3.406845e-01,0.000000e+00,0,0,0,3.229540e-05,6.187794e-06
543,1.402314e-01,4.979233e-02,7.102483e+01,415,83,14,4.660690e-01,9.579619e-02
544,1.421004e-01,3.555707e-01,0.000000e+00,0,0,0,3.233675e-05,6.302543e-06
545,1.406632e-01,4.410499e-02,6.128843e+01,359,81,12,4.320849e-01,9.324504e-02
546,1.421725e-01,3.705964e-01,0.000000e+00,0,0,0,3.234658e-05,6.406813e-06
547,1.407385e-01,4.213101e-02,6.231996e+01,359,81,12,4.259604e-01,9.290852e-02
548,1.420019e-01,3.835924e-01,0.000000e+00,0,0,0,3.256975e-05,6.554256e-06
549,1.405041e-01,4.391420e-02,6.523557e+01,359,81,12,4.873389e-01,1.023820e-01
550,1.414674e-01,3.950443e-01,0.000000e+00,0,0,0,3.286050e-05,6.742457e-06
551,1.399252e-01,4.683495e-02,6.800142e+01,359,81,12,5.354418e-01,1.125104e-01
552,1.405896e-01,4.069935e-01,0.000000e+00,0,0,0,3.312054e-05,6.936690e-06
553,1.391203e-01,5.045402e-02,7.009851e+01,359,81,12,5.672713e-01,1.198079e-01
554,1.394158e-01,4.195238e-01,0.000000e+00,0,0,0,3.337011e-05,7.128138e-06
555,1.380211e-01,5.446553e-02,7.144177e+01,359,81,12,5.870421e-01,1.244419e-01
556,1.380009e-01,4.332659e-01,0.000000e+00,0,0,0,3.361880e-05,7.314348e-06
557,1.366015e-01,6.078311e-02,7.237061e+01,359,84,14,5.960730e-01,1.267129e-01
558,1.364169e-01,5.622918e-01,0.000000e+00,0,0,0,3.387648e-05,7.495371e-06
559,1.348858e-01,8.965057e-02,8.479243e+01,358,81,14,5.953389e-01,1.272251e-01
560,1.339602e-01,6.245044e-02,5.450735e+01,358,81,14,4.450034e-01,8.566784e-02
561,1.330341e-01,5.372930e-02,4.920292e+01,358,81,14,2.762849e-01,6.202040e-02
562,1.321814e-01,5.007437e-02,5.029208e+01,358,81,14,2.580819e-01,5.874547e-02
563,1.313432e-01,5.026776e-02,5.272417e+01,358,81,14,3.196114e-01,6.359159e-02
564,1.304606e-01,5.108625e-02,5.456074e+01,358,81,14,3.613605e-01,6.987301e-02
565,1.295393e-01,5.167004e-02,5.563609e+01,358,81,14,3.676543e-01,7.082423e-02
566,1.285902e-01,5.210213e-02,5.661966e+01,358,81,14,3.631567e-01,7.070636e-02
567,1.276016e-01,5.285512e-02,5.773328e+01,358,81,14,3.640650e-01,7.137774e-02
568,1.265594e-01,5.383606e-02,5.895376e+01,358,81,14,3.700720e-01,7.217930e-02
569,1.254701e-01,5.475482e-02,6.010706e+01,358,81,14,3.756747e-01,7.276849e-02
570,1.243459e-01,5.594021e-02,6.111917e+01,358,81,14,3.771468e-01,7.304274e-02
571,1.231950e-01,5.774006e-02,6.207148e+01,358,81,14,3.755943e-01,7.340509e-02
572,1.220204e-01,5.904430e-02,6.266362e+01,358,81,14,3.724652e-01,7.334284e-02
573,1.208249e-01,6.067157e-02,6.297824e+01,358,81,14,3.689366e-01,7.276699e-02
574,1.196158e-01,6.191039e-02,6.331656e+01,358,81,14,3.650996e-01,7.243234e-02
575,1.184034e-01,6.281495e-02,6.367164e+01,358,81,14,3.604950e-01,7.215128e-02
576,1.171963e-01,6.330603e-02,6.401701e+01,358,81,14,3.549457e-01,7.205287e-02
577,1.160001e-01,6.331873e-02,6.406921e+01,358,81,14,3.481681e-01,7.166750e-02
578,1.148220e-01,6.292826e-02,6.380230e+01,358,81,14,3.401526e-01,7.083330e-02
579,1.136651e-01,6.279200e-02,6.379442e+01,358,81,14,3.535882e-01,7.094062e-02
580,1.128082e-01,6.294709e-02,6.420581e+01,358,81,14,3.701514e-01,7.209884e-02
581,1.121536e-01,6.314427e-02,6.469416e+01,358,81,14,3.800730e-01,7.340068e-02
582,1.114886e-01,6.342304e-02,6.526244e+01,358,81,14,3.846857e-01,7.462816e-02
583,1.118981e-01,6.390142e-02,6.564735e+01,358,81,14,3.866715e-01,7.498736e-02
584,1.133217e-01,6.423587e-02,6.613621e+01,358,81,14,3.881913e-01,7.515200e-02
585,1.147733e-01,6.437880e-02,6.673858e+01,358,81,14,3.892792e-01,7.532126e-02
586,1.164492e-01,6.432664e-02,6.735933e+01,358,81,14,3.888566e-01,7.548183e-02
587,1.181381e-01,6.407475e-02,6.801495e+01,358,81,14,3.866657e-01,7.551790e-02
588,1.197426e-01,6.413925e-02,6.874918e+01,358,81,14,3.832005e-01,7.549924e-02
589,1.212713e-01,6.493938e-02,6.933007e+01,358,81,14,3.787601e-01,7.498568e-02
590,1.226471e-01,6.546569e-02,6.963749e+01,358,81,14,3.728804e-01,7.382333e-02
591,1.238505e-01,6.573141e-02,6.978519e+01,358,81,14,3.658669e-01,7.232720e-02
592,1.249381e-01,6.571603e-02,6.976225e+01,358,81,14,3.579784e-01,7.071643e-02
593,1.262470e-01,6.543851e-02,7.061024e+01,358,84,14,3.493760e-01,6.894474e-02
594,1.274861e-01,6.507313e-02,7.227941e+01,358,84,14,3.409267e-01,6.736861e-02
595,1.286567e-01,6.540298e-02,7.395437e+01,358,84,14,3.474878e-01,6.613488e-02
596,1.298049e-01,6.683791e-02,7.589021e+01,358,84,14,3.556250e-01,6.578673e-02
597,1.309528e-01,6.926370e-02,7.776453e+01,358,84,14,3.597921e-01,6.729483e-02
598,1.321011e-01,7.159686e-02,7.934264e+01,358,84,14,3.601815e-01,6.744613e-02
599,1.332493e-01,7.367480e-02,8.105627e+01,358,84,13,3.598889e-01,6.725162e-02
600,1.343901e-01,7.544219e-02,8.247218e+01,358,84,13,3.612550e-01,6.721555e-02
601,1.355766e-01,7.712770e-02,8.365425e+01,358,84,13,3.615422e-01,6.718251e-02
602,1.367086e-01,7.828176e-02,8.398783e+01,358,84,13,3.608390e-01,6.671823e-02
603,1.377729e-01,8.011878e-02,8.369640e+01,358,84,13,3.583013e-01,6.586687e-02
604,1.387793e-01,8.194375e-02,8.292864e+01,358,84,13,3.549831e-01,6.478778e-02
605,1.397535e-01,8.327925e-02,8.215275e+01,358,84,13,3.516033e-01,6.358120e-02
606,1.407008e-01,8.375371e-02,8.112975e+01,358,84,13,3.476186e-01,6.435736e-02
607,1.416221e-01,8.342242e-02,8.013056e+01,358,82,15,3.420434e-01,6.429211e-02
608,1.425086e-01,8.280277e-02,7.942327e+01,358,82,15,3.347647e-01,6.302516e-02
609,1.433506e-01,8.203626e-02,7.861008e+01,358,82,15,3.265457e-01,6.127775e-02
610,1.440450e-01,8.101761e-02,7.744234e+01,358,82,15,3.110226e-01,5.988154e-02
611,1.442167e-01,8.448398e-02,7.245203e+01,358,82,15,2.538752e-01,4.813783e-02
612,1.436081e-01,9.192312e-02,6.746687e+01,415,84,13,3.400834e-01,6.027420e-02
613,1.423879e-01,9.706259e-02,7.474889e+01,415,84,13,3.833160e-01,6.648451e-02
614,1.407097e-01,9.892702e-02,7.994347e+01,415,84,13,4.097897e-01,6.710244e-02
615,1.386701e-01,9.897184e-02,8.402035e+01,415,84,13,4.375830e-01,7.134178e-02
616,1.363479e-01,9.769225e-02,8.698909e+01,414,85,14,4.709188e-01,7.599264e-02
617,1.338232e-01,9.535885e-02,8.833725e+01,414,85,14,4.923019e-01,7.895781e-02
618,1.311642e-01,9.241724e-02,8.793626e+01,414,85,14,4.959568e-01,7.980432e-02
619,1.285417e-01,8.924305e-02,8.618458e+01,414,85,14,4.898670e-01,7.943490e-02
620,1.264646e-01,8.605289e-02,8.348989e+01,415,84,13,4.795386e-01,7.929280e-02
621,1.242832e-01,8.291447e-02,8.027991e+01,415,84,13,4.667065e-01,7.906047e-02
622,1.220359e-01,7.970583e-02,7.648560e+01,415,84,13,4.503508e-01,7.808999e-02
623,1.197587e-01,7.639050e-02,7.224214e+01,415,84,13,4.323719e-01,7.656840e-02
624,1.174716e-01,7.343221e-02,6.775073e+01,415,84,13,4.159041e-01,7.473151e-02
625,1.152104e-01,6.981003e-02,6.306214e+01,415,84,13,4.015692e-01,7.253537e-02
626,1.129860e-01,6.586659e-02,5.833102e+01,415,84,13,3.862631e-01,7.009047e-02
627,1.108128e-01,6.192333e-02,5.363684e+01,415,84,13,3.700824e-01,6.922746e-02
628,1.087003e-01,5.796427e-02,4.904101e+01,415,84,13,3.536671e-01,6.861588e-02
629,1.060186e-01,5.471151e-01,0.000000e+00,0,0,0,2.493011e-05,6.912699e-06
630,1.049938e-01,8.394462e-02,6.922426e+01,415,84,13,5.711373e-01,1.194865e-01
631,1.019647e-01,5.093803e-01,0.000000e+00,0,0,0,2.330826e-05,6.496499e-06
632,1.013592e-01,7.851154e-02,6.337734e+01,360,80,14,5.706445e-01,1.256610e-01
633,9.858825e-02,4.888903e-01,0.000000e+00,0,0,0,2.256319e-05,6.234669e-06
634,9.806121e-02,6.824011e-02,5.860714e+01,360,80,14,4.990619e-01,1.166756e-01
635,9.554069e-02,4.706079e-01,0.000000e+00,0,0,0,2.196293e-05,6.013464e-06
636,9.503128e-02,6.028676e-02,5.521797e+01,360,80,14,4.636937e-01,1.099182e-01
637,9.272022e-02,4.516991e-01,0.000000e+00,0,0,0,2.140634e-05,5.815399e-06
638,9.225025e-02,5.363381e-02,5.197129e+01,360,80,13,4.301205e-01,1.034038e-01
639,9.014890e-02,4.330562e-01,0.000000e+00,0,0,0,2.095431e-05,5.651867e-06
640,8.970907e-02,4.952788e-02,4.968642e+01,361,82,15,3.938955e-01,9.586772e-02
641,8.781861e-02,4.160181e-01,0.000000e+00,0,0,0,2.059434e-05,5.519652e-06
642,8.743585e-02,4.597992e-02,5.160039e+01,416,83,14,3.396808e-01,8.547433e-02
643,8.645073e-02,3.995588e-01,0.000000e+00,0,0,0,2.174708e-05,5.642880e-06
644,8.678316e-02,3.946429e-02,6.122953e+01,416,83,14,2.538540e-01,5.899294e-02
645,8.765484e-02,3.852726e-01,0.000000e+00,0,0,0,2.546172e-05,6.312337e-06
646,8.820785e-02,5.863273e-02,7.198682e+01,415,83,14,6.838040e-01,1.218215e-01
647,9.055187e-02,3.677805e-01,0.000000e+00,0,0,0,2.910593e-05,7.123897e-06
648,9.125108e-02,6.919223e-02,7.865172e+01,360,85,13,9.364743e-01,1.704311e-01
649,9.531046e-02,4.277074e-01,0.000000e+00,0,0,0,3.238919e-05,7.934497e-06
650,9.546234e-02,8.347058e-02,1.006143e+02,359,85,13,1.099483e+00,2.087846e-01
651,1.014015e-01,4.784937e-01,0.000000e+00,0,0,0,3.539455e-05,8.721693e-06
652,1.015063e-01,9.394717e-02,1.178676e+02,359,85,13,1.211030e+00,2.486069e-01
653,1.079172e-01,5.193588e-01,0.000000e+00,0,0,0,3.812227e-05,9.463493e-06
654,1.078314e-01,1.020226e-01,1.301166e+02,359,85,13,1.302774e+00,2.771052e-01
655,1.145156e-01,5.500150e-01,0.000000e+00,0,0,0,4.055008e-05,1.015181e-05
656,1.141362e-01,1.084075e-01,1.382628e+02,359,85,13,1.360069e+00,2.954605e-01
657,1.181773e-01,7.062823e-02,9.709893e+01,359,85,13,1.032343e+00,2.088587e-01
658,1.233595e-01,5.336813e-01,0.000000e+00,0,0,0,4.173543e-05,1.065868e-05
659,1.228266e-01,1.020140e-01,1.213761e+02,359,85,13,1.097401e+00,2.537617e-01
660,1.264018e-01,7.259393e-02,9.712178e+01,359,85,13,1.015777e+00,2.092634e-01
661,1.317791e-01,5.494562e-01,0.000000e+00,0,0,0,4.496278e-05,1.152846e-05
662,1.307214e-01,1.117976e-01,1.339754e+02,359,85,14,1.238695e+00,2.746049e-01
663,1.340476e-01,8.083403e-02,1.037567e+02,359,85,13,1.060090e+00,2.183619e-01
664,1.374471e-01,7.416379e-02,8.428829e+01,359,85,13,7.452081e-01,1.658201e-01
665,1.405248e-01,7.416558e-02,8.043440e+01,359,85,13,6.774071e-01,1.527583e-01
666,1.437132e-01,7.804596e-02,8.500549e+01,359,85,13,7.461286e-01,1.600815e-01
667,1.470143e-01,8.096886e-02,8.898559e+01,359,85,13,7.915195e-01,1.663448e-01
668,1.502787e-01,8.408558e-02,8.989316e+01,412,85,14,7.797141e-01,1.654219e-01
669,1.534332e-01,8.837342e-02,9.203330e+01,412,85,14,7.476182e-01,1.610369e-01
670,1.564883e-01,9.153229e-02,9.384028e+01,412,85,14,7.247742e-01,1.566885e-01
671,1.594790e-01,9.324425e-02,9.550546e+01,412,85,14,7.132699e-01,1.530838e-01
672,1.624125e-01,9.351379e-02,9.668484e+01,413,85,14,7.026191e-01,1.495052e-01
673,1.652585e-01,9.264356e-02,9.717370e+01,413,85,14,6.859733e-01,1.450273e-01
674,1.679763e-01,9.377331e-02,9.706754e+01,413,85,14,6.632731e-01,1.397893e-01
675,1.704903e-01,9.788746e-02,9.842831e+01,413,85,14,6.385313e-01,1.322329e-01
676,1.728228e-01,1.017576e-01,1.006303e+02,413,85,14,6.171465e-01,1.256903e-01
677,1.750164e-01,1.046315e-01,1.026471e+02,413,85,14,6.019524e-01,1.196604e-01
678,1.770848e-01,1.070226e-01,1.042428e+02,413,85,14,5.878360e-01,1.144107e-01
679,1.790461e-01,1.090885e-01,1.054924e+02,413,85,14,5.699058e-01,1.084753e-01
680,1.809263e-01,1.109784e-01,1.063733e+02,413,85,14,5.488179e-01,1.060436e-01
681,1.827353e-01,1.113814e-01,1.067327e+02,413,85,14,5.348439e-01,1.036955e-01
682,1.844942e-01,1.112187e-01,1.065019e+02,413,85,14,5.212532e-01,1.008998e-01
683,1.861744e-01,1.107925e-01,1.057569e+02,413,85,14,5.053772e-01,9.745154e-02
684,1.877600e-01,1.101027e-01,1.045443e+02,413,85,14,4.884394e-01,9.347422e-02
685,1.892533e-01,1.088316e-01,1.029121e+02,413,85,14,4.712100e-01,8.947064e-02
686,1.906519e-01,1.068275e-01,1.008490e+02,413,85,14,4.549883e-01,8.542360e-02
687,1.919478e-01,1.034021e-01,9.834491e+01,413,85,14,4.400668e-01,8.323270e-02
688,1.931363e-01,9.929740e-02,9.551336e+01,413,85,14,4.240056e-01,8.228704e-02
689,1.942256e-01,1.012670e-01,9.242931e+01,413,85,14,4.056057e-01,7.985297e-02
690,1.952188e-01,1.016973e-01,8.917610e+01,413,85,14,3.879542e-01,7.743935e-02
691,1.960374e-01,1.008645e-01,8.801203e+01,413,85,14,3.686695e-01,7.407540e-02
692,1.967552e-01,1.024932e-01,8.812329e+01,413,85,14,3.687495e-01,7.195207e-02
693,1.974041e-01,1.003096e-01,8.836507e+01,413,85,14,3.662074e-01,7.137046e-02
694,1.979756e-01,9.646472e-02,8.842577e+01,413,85,14,3.572292e-01,6.945705e-02
695,1.984632e-01,9.193645e-02,8.843449e+01,413,85,14,3.472458e-01,6.730381e-02
696,1.988793e-01,9.033298e-02,8.831005e+01,413,85,14,3.382227e-01,6.565706e-02
697,1.992382e-01,8.867300e-02,8.792843e+01,413,85,14,3.297568e-01,6.387691e-02
698,1.995724e-01,8.503449e-02,8.712063e+01,413,85,14,3.226851e-01,6.379064e-02
699,2.015630e-01,8.134985e-02,8.600382e+01,413,85,14,3.126054e-01,6.282433e-02
700,2.038455e-01,8.069015e-02,8.464072e+01,413,85,14,3.010754e-01,6.083255e-02
701,2.060964e-01,8.522969e-02,8.385156e+01,357,83,13,2.898626e-01,5.887920e-02
702,2.090860e-01,9.547198e-02,9.314187e+01,357,83,13,2.790207e-01,5.701480e-02
703,2.123866e-01,1.000123e-01,9.781516e+01,357,83,13,2.684090e-01,5.490813e-02
704,2.141320e-01,9.562975e-02,9.482066e+01,357,83,13,2.588590e-01,5.262593e-02
705,2.139334e-01,8.499771e-02,8.669682e+01,357,83,13,2.514374e-01,5.084822e-02
706,2.123336e-01,7.357728e-02,7.806684e+01,357,83,13,2.444288e-01,4.954766e-02
707,2.099907e-01,7.271528e-02,7.740266e+01,359,84,15,2.463894e-01,4.673720e-02
708,2.074901e-01,7.458901e-02,7.787881e+01,359,85,12,2.576529e-01,5.028611e-02
709,2.051370e-01,7.692266e-02,7.879112e+01,359,83,15,2.628632e-01,5.234351e-02
710,2.030701e-01,7.969618e-02,8.036870e+01,359,83,15,2.620944e-01,5.247270e-02
711,2.009632e-01,8.255053e-02,8.248653e+01,359,83,15,2.602108e-01,5.218742e-02
712,1.986639e-01,8.476663e-02,8.508430e+01,359,83,15,2.598097e-01,5.218541e-02
713,1.976603e-01,8.533192e-02,8.718079e+01,358,83,15,2.617182e-01,5.221150e-02
714,1.970962e-01,8.540630e-02,8.675069e+01,358,83,15,2.621537e-01,5.180413e-02
715,1.965688e-01,8.518791e-02,8.502212e+01,413,85,14,2.602536e-01,5.104597e-02
716,1.961262e-01,8.580303e-02,8.518081e+01,413,85,14,2.550579e-01,5.005560e-02
717,1.957715e-01,8.752656e-02,8.518286e+01,413,85,14,2.484076e-01,4.910185e-02
718,1.954988e-01,8.818746e-02,8.492032e+01,413,85,14,2.428218e-01,4.807285e-02
719,1.952738e-01,8.686697e-02,8.441728e+01,413,85,14,2.404325e-01,4.693663e-02
720,1.950558e-01,8.423615e-02,8.365752e+01,413,85,14,2.390215e-01,4.576563e-02
721,1.948218e-01,8.136451e-02,8.283878e+01,413,85,14,2.355213e-01,4.474729e-02
722,1.945755e-01,7.851934e-02,8.242686e+01,359,85,12,2.306942e-01,4.347357e-02
723,1.942157e-01,7.762396e-02,8.415363e+01,413,85,14,2.388113e-01,4.639698e-02
724,1.937588e-01,7.676148e-02,8.735017e+01,413,85,14,2.490237e-01,4.985020e-02
725,1.932545e-01,7.704127e-02,9.023614e+01,413,85,14,2.541559e-01,5.155578e-02
726,1.927311e-01,7.680750e-02,9.261242e+01,413,85,14,2.539516e-01,5.176177e-02
727,1.921979e-01,7.590866e-02,9.445408e+01,413,85,14,2.527505e-01,5.155393e-02
728,1.916626e-01,7.479024e-02,9.592439e+01,413,85,14,2.523611e-01,5.145281e-02
729,1.911456e-01,7.320631e-02,9.706553e+01,413,85,14,2.519707e-01,5.133236e-02
730,1.906530e-01,7.106578e-02,9.817726e+01,414,85,14,2.518137e-01,5.090410e-02
731,1.901904e-01,6.894851e-02,9.898077e+01,414,85,14,2.492846e-01,5.010882e-02
732,1.897481e-01,7.119370e-02,9.938303e+01,414,85,14,2.458081e-01,4.910083e-02
733,1.893189e-01,7.331741e-02,9.948006e+01,414,85,14,2.420745e-01,4.770322e-02
734,1.888997e-01,7.500732e-02,9.916679e+01,414,85,14,2.377369e-01,4.667053e-02
735,1.884789e-01,7.522619e-02,9.852473e+01,414,85,14,2.345022e-01,4.560164e-02
736,1.881349e-01,7.540727e-02,9.777241e+01,414,85,14,2.334824e-01,4.432011e-02
737,1.878595e-01,7.392609e-02,9.723885e+01,414,85,14,2.304755e-01,4.295173e-02
738,1.875733e-01,7.040691e-02,9.613277e+01,414,85,14,2.247289e-01,4.146311e-02
739,1.870372e-01,6.581998e-02,9.776070e+01,414,85,14,1.564832e-01,3.100141e-02
740,1.860719e-01,6.707209e-02,9.776812e+01,414,85,14,2.024641e-01,3.782174e-02
741,1.865627e-01,6.572384e-02,9.458656e+01,414,85,14,3.046454e-01,5.808539e-02
742,1.879862e-01,6.209493e-02,8.917132e+01,414,85,14,3.660924e-01,6.956904e-02
743,1.889684e-01,6.246781e-02,8.282224e+01,414,85,14,4.179029e-01,7.978659e-02
744,1.894742e-01,6.264234e-02,7.580761e+01,414,85,14,4.681326e-01,9.758014e-02
745,1.893874e-01,6.417024e-02,6.842224e+01,415,84,14,5.244706e-01,1.128468e-01
746,1.886090e-01,6.637585e-02,7.153676e+01,415,84,14,5.735710e-01,1.256360e-01
747,1.870997e-01,6.872368e-02,7.484453e+01,415,84,14,6.150278e-01,1.363216e-01
748,1.849455e-01,7.091403e-02,7.766869e+01,415,84,14,6.503154e-01,1.453259e-01
749,1.826024e-01,7.253790e-02,7.969646e+01,415,84,14,6.811161e-01,1.528891e-01
750,1.798964e-01,7.350516e-02,8.127016e+01,415,84,14,7.055401e-01,1.581094e-01
751,1.769070e-01,7.408285e-02,8.269563e+01,415,84,14,7.260175e-01,1.634936e-01
752,1.736927e-01,7.392073e-02,8.423806e+01,415,84,14,7.414967e-01,1.673692e-01
753,1.702824e-01,7.332075e-02,8.592603e+01,415,84,14,7.519794e-01,1.699680e-01
754,1.667204e-01,7.206500e-02,8.766772e+01,415,84,14,7.579599e-01,1.714475e-01
755,1.630510e-01,7.057500e-02,8.956913e+01,415,84,14,7.592685e-01,1.718031e-01
756,1.595396e-01,6.890953e-02,9.126683e+01,415,84,14,7.569879e-01,1.711776e-01
757,1.562600e-01,6.713152e-02,9.276091e+01,415,84,14,7.509623e-01,1.698209e-01
758,1.528552e-01,6.527781e-02,9.392342e+01,415,84,14,7.420233e-01,1.676735e-01
759,1.493623e-01,6.333911e-02,9.498528e+01,415,84,14,7.296170e-01,1.646824e-01
760,1.458230e-01,6.133294e-02,9.558400e+01,415,84,14,7.147141e-01,1.609670e-01
761,1.422722e-01,6.040859e-02,9.560640e+01,415,84,14,6.975701e-01,1.567108e-01
762,1.387390e-01,6.078839e-02,9.516309e+01,415,84,14,6.781175e-01,1.520317e-01
763,1.352500e-01,6.107128e-02,9.440286e+01,415,84,14,6.564028e-01,1.469265e-01
764,1.318302e-01,6.102252e-02,9.335582e+01,415,84,14,6.327417e-01,1.412297e-01
765,1.284976e-01,6.062111e-02,9.198805e+01,415,84,14,6.077216e-01,1.355615e-01
766,1.252677e-01,5.996656e-02,9.028954e+01,415,84,14,5.812646e-01,1.295291e-01
767,1.221559e-01,5.956265e-02,8.827206e+01,415,84,14,5.535529e-01,1.231787e-01
768,1.191768e-01,5.951646e-02,8.613255e+01,415,84,14,5.248323e-01,1.165919e-01
769,1.163394e-01,5.936944e-02,8.395561e+01,415,84,14,4.954278e-01,1.098839e-01
770,1.131419e-01,5.608964e-01,0.000000e+00,0,0,0,2.418954e-05,4.883119e-06
771,1.119665e-01,9.337932e-02,1.446565e+02,416,84,14,6.273569e-01,1.624490e-01
772,1.094626e-01,5.110090e-01,0.000000e+00,0,0,0,2.468000e-05,4.782480e-06
773,1.089057e-01,8.290282e-02,1.257339e+02,416,84,14,3.823436e-01,1.113528e-01
774,1.084309e-01,4.524963e-01,0.000000e+00,0,0,0,2.733726e-05,5.219842e-06
775,1.082069e-01,6.078158e-02,9.648241e+01,416,84,14,4.791016e-01,1.070285e-01
776,1.100066e-01,3.830654e-01,0.000000e+00,0,0,0,3.062561e-05,5.850739e-06
777,1.099628e-01,5.866683e-02,8.099598e+01,414,85,14,7.420536e-01,1.725672e-01
778,1.138203e-01,4.846576e-01,0.000000e+00,0,0,0,3.414254e-05,6.548429e-06
779,1.138964e-01,6.335467e-02,1.150935e+02,415,85,14,1.016601e+00,2.241808e-01
780,1.170734e-01,4.636371e-02,9.160244e+01,415,85,14,8.724229e-01,1.903768e-01
781,1.202266e-01,4.454052e-02,9.469082e+01,415,86,14,6.464820e-01,1.281365e-01
782,1.235295e-01,4.657340e-02,1.030943e+02,414,86,14,6.656103e-01,1.231147e-01
783,1.280686e-01,5.165434e-02,1.155266e+02,414,86,14,7.698498e-01,1.528432e-01
784,1.336029e-01,5.635667e-02,1.270463e+02,414,86,14,8.786836e-01,1.752811e-01
785,1.392202e-01,5.931997e-02,1.356273e+02,414,86,14,9.080532e-01,1.768042e-01
786,1.448765e-01,6.131744e-02,1.429259e+02,414,86,14,8.988192e-01,1.700952e-01
787,1.507485e-01,6.452405e-02,1.532201e+02,414,86,14,8.971914e-01,1.717555e-01
788,1.566723e-01,6.670570e-02,1.649568e+02,414,86,14,9.180996e-01,1.796501e-01
789,1.630545e-01,6.995463e-02,1.751060e+02,414,86,14,9.394437e-01,1.859476e-01
790,1.697594e-01,7.461786e-02,1.834471e+02,414,86,14,9.441811e-01,1.863366e-01
791,1.766026e-01,7.796347e-02,1.906037e+02,414,86,14,9.375817e-01,1.838471e-01
792,1.834693e-01,8.028853e-02,1.967436e+02,414,86,14,9.308489e-01,1.818429e-01
793,1.903502e-01,8.188021e-02,2.016848e+02,414,86,14,9.250401e-01,1.800728e-01
794,1.979997e-01,8.502316e-02,2.051843e+02,414,86,14,9.155941e-01,1.779906e-01
795,2.055816e-01,9.352231e-02,2.073318e+02,414,86,14,9.010819e-01,1.745327e-01
796,2.127348e-01,1.005361e-01,2.085831e+02,414,86,14,8.811433e-01,1.700478e-01
797,2.195031e-01,1.048149e-01,2.090649e+02,414,86,14,8.579153e-01,1.641157e-01
798,2.257889e-01,1.058573e-01,2.088721e+02,414,86,14,8.355775e-01,1.591122e-01
