iter,umax,divmax,pmax,pargmax_i,pargmax_j,pargmax_k,force_lin_sum,force_lin_max,visc_lin_max,pres_lin_max
0,0.000000e+00,0.000000e+00,0.000000e+00,0,0,0,0.000000e+00,0.000000e+00,0.000000e+00,0.000000e+00
1,0.000000e+00,0.000000e+00,0.000000e+00,0,0,0,0.000000e+00,0.000000e+00,0.000000e+00,0.000000e+00
2,0.000000e+00,0.000000e+00,0.000000e+00,0,0,0,0.000000e+00,0.000000e+00,0.000000e+00,0.000000e+00
3,8.970621e-04,1.666335e+00,1.123960e+00,23,66,34,1.494371e-05,2.838251e-06,1.737952e-08,2.822420e-06
4,2.877667e-03,4.494937e+00,3.186372e+00,22,66,34,4.391182e-05,8.092969e-06,6.313928e-08,8.043388e-06
5,5.426056e-03,7.763375e+00,5.652682e+00,21,66,34,8.603431e-05,1.386813e-05,7.565050e-08,1.381085e-05
6,8.426129e-03,1.069156e+01,5.908645e+00,18,66,34,1.092990e-04,1.377923e-05,1.181714e-07,1.370039e-05
7,1.191946e-02,1.344418e+01,6.364049e+00,18,66,34,1.291297e-04,1.543005e-05,1.595096e-07,1.536190e-05
8,1.623881e-02,1.605094e+01,8.081182e+00,16,64,33,1.429767e-04,2.767622e-05,2.034840e-07,2.747286e-05
9,2.062811e-02,1.859184e+01,8.660724e+00,21,66,34,1.449714e-04,2.889006e-05,2.360603e-07,2.865429e-05
10,2.367579e-02,2.113257e+01,6.616089e+00,49,61,34,1.945189e-04,3.470210e-05,2.505822e-07,3.445225e-05
11,2.595542e-02,2.344324e+01,8.048780e+00,49,61,34,2.057286e-04,2.877120e-05,2.555710e-07,2.858764e-05
12,2.892029e-02,2.543784e+01,6.009118e+00,18,66,34,1.647724e-04,3.392892e-05,2.654884e-07,3.366464e-05
13,3.344917e-02,2.321993e+01,9.597761e+00,23,66,34,1.551767e-04,4.764390e-05,2.989116e-07,4.734587e-05
14,3.855143e-02,2.466596e+01,8.895616e+00,16,66,36,2.078958e-04,4.909583e-05,3.457028e-07,4.875075e-05
15,4.188405e-02,2.639099e+01,1.368302e+01,47,61,33,3.215053e-04,4.590333e-05,3.905010e-07,4.560923e-05
16,4.615422e-02,2.782969e+01,8.417728e+00,15,66,33,1.907880e-04,2.930290e-05,4.338849e-07,2.887252e-05
17,5.454099e-02,3.036273e+01,1.808410e+01,18,67,34,2.827804e-04,4.106167e-05,5.442078e-07,4.052490e-05
18,5.765108e-02,3.286618e+01,1.454225e+01,19,67,33,1.380800e-04,4.351762e-05,5.528343e-07,4.297553e-05
19,5.610228e-02,3.435377e+01,2.056599e+01,46,61,34,4.560500e-04,6.893217e-05,4.414926e-07,6.857343e-05
20,5.464282e-02,3.495609e+01,1.504404e+01,45,61,33,3.518021e-04,4.935838e-05,4.284230e-07,4.893067e-05
21,6.311142e-02,3.624464e+01,2.744257e+01,25,64,34,6.661147e-04,7.988296e-05,4.459824e-07,7.959605e-05
22,8.477611e-02,3.788294e+01,3.008511e+01,15,67,36,7.489845e-04,1.398988e-04,6.618985e-07,1.392574e-04
23,7.260277e-02,3.833186e+01,4.231517e+01,47,67,33,1.007929e-03,1.408702e-04,5.570905e-07,1.404455e-04
24,7.085031e-02,3.651450e+01,6.157914e+01,24,67,34,1.651114e-03,2.155937e-04,7.809882e-07,2.148146e-04
25,6.196420e-02,3.548532e+01,5.188894e+01,49,67,33,1.293982e-03,1.725834e-04,4.417289e-07,1.729731e-04
26,1.129165e-01,3.553434e+01,1.256494e+02,23,65,34,3.063395e-03,3.826544e-04,8.342294e-07,3.823424e-04
27,1.012621e-01,3.444531e+01,6.798092e+01,49,67,33,1.502989e-03,2.363309e-04,8.225094e-07,2.361337e-04
28,1.228492e-01,3.355193e+01,2.145151e+02,25,67,33,5.397736e-03,6.490023e-04,1.416023e-06,6.475920e-04
29,8.804829e-02,4.163473e+01,5.984604e+01,51,67,34,1.279285e-03,1.664358e-04,9.150647e-07,1.673487e-04
30,1.941020e-01,3.363766e+01,3.606966e+02,24,65,34,9.383594e-03,1.164681e-03,1.248596e-06,1.163466e-03
31,1.967001e-01,3.484369e+01,1.142724e+02,16,69,34,1.409598e-03,4.301747e-04,1.677772e-06,4.285027e-04
32,2.542899e-01,4.021417e+01,6.019531e+02,29,66,34,1.526843e-02,1.846845e-03,2.710769e-06,1.844138e-03
33,3.051549e-01,3.766840e+01,2.647030e+02,19,66,34,5.286954e-03,9.883317e-04,3.244543e-06,9.857065e-04
34,3.894090e-01,4.500304e+01,9.197056e+02,47,66,33,2.319705e-02,3.089454e-03,3.603567e-06,3.086165e-03
35,5.954662e-01,4.898257e+01,6.758401e+02,25,69,34,1.537862e-02,2.333187e-03,5.361997e-06,2.328997e-03
36,6.017241e-01,4.069203e+01,1.371229e+03,46,66,33,3.304958e-02,4.045797e-03,4.188656e-06,4.041675e-03
37,9.987149e-01,6.092856e+01,1.405288e+03,24,66,34,3.424385e-02,4.561878e-03,9.479008e-06,4.555208e-03
38,1.697100e+00,5.266720e+01,1.821740e+03,47,65,33,4.570872e-02,5.717526e-03,5.912560e-06,5.713447e-03
39,2.476391e+00,5.623132e+01,2.784324e+03,25,68,34,6.335671e-02,7.475829e-03,1.656455e-05,7.461058e-03
40,4.588056e+00,6.185339e+01,2.645748e+03,30,68,31,5.481777e-02,7.159296e-03,9.231315e-06,7.154497e-03
41,3.592389e+01,4.657397e+01,5.333804e+03,28,65,31,1.109698e-01,1.440378e-02,2.426776e-05,1.437963e-02
42,1.750564e+03,5.290308e+01,1.231171e+05,24,68,30,4.873756e-02,7.337780e-03,2.203252e-05,7.348155e-03
