iter,u_fl,u_bd,u_in,div_fl,div_bd,div_in,p_fl,p_bd,p_in,nin,nbd
0,0.000000e+00,0.000000e+00,0.000000e+00,0.000000e+00,0.000000e+00,0.000000e+00,0.000000e+00,0.000000e+00,0.000000e+00,4934,5431
1,0.000000e+00,0.000000e+00,0.000000e+00,0.000000e+00,0.000000e+00,0.000000e+00,0.000000e+00,0.000000e+00,0.000000e+00,4934,5431
2,0.000000e+00,0.000000e+00,0.000000e+00,0.000000e+00,0.000000e+00,0.000000e+00,0.000000e+00,0.000000e+00,0.000000e+00,4934,5431
3,1.954691e-04,3.846807e-04,2.007443e-04,1.432064e-01,1.709583e+00,1.083322e+00,1.886682e-01,2.469350e-01,1.694939e-01,4934,5429
4,8.001252e-04,1.305347e-03,6.329547e-04,4.384216e-01,4.618455e+00,1.943008e+00,6.588203e-01,7.887242e-01,4.994315e-01,4942,5428
5,1.970431e-03,2.637976e-03,1.259860e-03,7.910486e-01,7.623975e+00,2.263420e+00,1.295569e+00,1.475245e+00,8.862395e-01,4943,5475
6,3.648682e-03,4.397784e-03,3.859541e-03,1.148709e+00,1.046340e+01,2.557417e+00,2.000512e+00,2.168878e+00,1.300496e+00,4945,5473
7,5.759381e-03,6.596936e-03,6.087341e-03,1.509085e+00,1.315205e+01,3.381630e+00,2.708361e+00,2.843573e+00,1.721687e+00,4944,5477
8,8.142202e-03,9.557981e-03,8.134481e-03,1.854994e+00,1.565554e+01,4.112966e+00,3.306205e+00,3.481063e+00,2.117233e+00,4939,5513
9,1.056223e-02,1.283929e-02,1.022965e-02,2.271492e+00,1.810649e+01,4.749112e+00,3.806519e+00,4.148100e+00,2.511966e+00,4941,5524
10,1.291603e-02,1.602659e-02,1.200903e-02,2.647891e-01,2.117858e+01,5.792446e+00,4.642816e+00,5.065423e+00,3.166800e+00,4960,5499
11,1.614110e-02,2.041438e-02,1.481552e-02,3.117266e-01,2.343402e+01,7.988332e+00,4.885346e+00,5.581143e+00,3.354302e+00,4967,5508
12,1.992473e-02,2.486408e-02,1.740371e-02,3.758783e-01,2.003099e+01,9.425697e+00,5.285773e+00,6.184927e+00,3.333987e+00,4985,5493
13,2.416317e-02,2.882919e-02,2.000076e-02,4.428539e-01,2.354025e+01,1.083701e+01,5.782094e+00,6.655329e+00,3.327769e+00,4990,5469
14,2.846469e-02,3.211679e-02,2.247876e-02,5.027237e-01,2.537543e+01,1.219981e+01,6.191812e+00,6.830138e+00,3.393275e+00,4989,5445
15,3.214834e-02,3.504977e-02,2.469185e-02,5.481684e-01,2.832950e+01,1.349906e+01,6.486525e+00,6.568122e+00,3.616306e+00,4981,5418
16,3.541908e-02,3.829391e-02,2.665944e-02,5.901208e-01,3.109302e+01,1.472539e+01,6.695216e+00,6.111124e+00,3.725575e+00,4971,5400
17,3.749010e-02,4.181207e-02,2.718770e-02,5.775338e-01,3.356632e+01,1.307832e+01,6.417543e+00,6.642314e+00,4.017008e+00,4973,5442
18,3.898678e-02,4.490432e-02,2.798206e-02,5.420704e-01,3.564004e+01,1.393444e+01,5.513799e+00,6.527880e+00,3.923927e+00,4972,5526
19,3.889289e-02,4.799310e-02,2.924465e-02,5.114965e-01,3.730634e+01,1.751763e+01,5.719535e+00,6.747098e+00,3.584037e+00,4962,5525
20,4.233685e-02,5.076489e-02,2.682993e-02,4.783545e-01,3.846287e+01,1.888589e+01,5.962817e+00,6.932406e+00,3.049461e+00,4957,5518
21,4.611936e-02,5.308601e-02,3.346932e-02,4.299049e-01,3.917786e+01,2.028312e+01,6.334728e+00,6.983863e+00,2.962956e+00,4975,5455
22,5.202644e-02,5.487635e-02,3.769359e-02,3.646622e-01,3.936172e+01,2.171987e+01,6.342432e+00,6.296154e+00,3.029226e+00,5000,5394
23,5.182529e-02,5.745997e-02,3.775214e-02,3.745117e-01,3.903816e+01,2.320514e+01,5.832778e+00,5.901106e+00,3.268745e+00,5007,5400
24,4.918321e-02,5.975069e-02,3.837935e-02,4.053955e-01,3.827009e+01,2.472889e+01,5.337058e+00,5.460040e+00,3.302227e+00,5013,5412
25,5.463750e-02,6.183785e-02,3.648431e-02,4.649467e-01,3.713167e+01,2.626037e+01,5.545761e+00,6.831053e+00,3.362333e+00,5004,5436
26,5.990122e-02,6.399351e-02,3.672664e-02,5.225220e-01,3.568995e+01,2.617827e+01,5.488461e+00,7.058814e+00,2.664605e+00,4996,5454
27,6.092028e-02,6.563178e-02,3.402283e-02,5.157318e-01,3.365129e+01,2.745324e+01,5.971211e+00,6.038352e+00,2.432710e+00,4968,5465
28,6.165198e-02,6.709385e-02,3.383559e-02,4.363117e-01,3.182880e+01,3.039817e+01,5.550590e+00,5.379650e+00,2.854614e+00,4975,5484
29,6.456969e-02,6.855046e-02,3.545535e-02,3.547878e-01,3.687890e+01,3.130762e+01,5.305409e+00,6.064583e+00,2.884283e+00,4976,5510
30,6.574198e-02,6.977701e-02,3.691596e-02,6.065731e-01,3.263279e+01,3.194032e+01,5.202365e+00,6.676793e+00,2.738361e+00,4985,5502
31,7.089497e-02,7.118259e-02,4.017892e-02,3.079815e-01,3.734193e+01,3.219547e+01,5.530100e+00,6.103539e+00,2.337145e+00,5007,5463
32,7.174212e-02,7.248472e-02,3.994954e-02,3.983383e-01,4.389381e+01,3.281590e+01,5.321952e+00,5.245979e+00,2.143153e+00,4999,5472
33,7.240839e-02,7.372746e-02,4.022507e-02,3.115509e-01,5.036843e+01,3.351772e+01,4.825921e+00,5.164522e+00,2.285310e+00,4993,5474
34,7.276639e-02,7.493114e-02,4.202142e-02,3.280907e-01,4.295383e+01,3.397089e+01,4.474532e+00,5.707011e+00,2.202534e+00,4987,5522
35,7.592190e-02,7.304555e-02,4.363342e-02,3.064187e-01,4.650217e+01,3.555040e+01,4.487261e+00,5.282373e+00,2.357804e+00,4982,5514
36,7.678889e-02,7.443253e-02,4.484538e-02,3.088303e-01,5.005526e+01,3.668091e+01,4.325619e+00,4.946798e+00,2.718565e+00,4995,5515
37,7.746363e-02,7.547370e-02,4.556882e-02,7.572880e-01,4.649489e+01,3.677536e+01,4.268353e+00,4.742301e+00,3.183144e+00,4992,5477
38,7.789343e-02,7.636163e-02,4.624141e-02,5.605698e-01,4.844585e+01,2.945755e+01,4.481292e+00,5.144359e+00,3.165173e+00,4970,5527
39,7.792205e-02,7.699011e-02,4.728901e-02,4.854212e-01,4.381080e+01,2.562760e+01,5.198591e+00,5.639148e+00,3.035344e+00,4964,5550
40,7.746009e-02,7.196223e-02,4.895940e-02,6.956253e-01,4.588239e+01,2.601935e+01,5.720489e+00,6.219431e+00,3.155848e+00,4960,5551
41,7.742383e-02,7.294796e-02,5.024834e-02,9.055405e-01,4.834908e+01,1.956237e+01,5.735973e+00,6.545028e+00,3.497702e+00,4969,5552
42,7.759748e-02,7.361622e-02,5.112087e-02,1.008339e+00,5.631806e+01,1.338035e+01,5.858187e+00,6.797378e+00,3.913797e+00,4971,5545
43,7.758041e-02,7.434165e-02,5.165444e-02,6.212084e-01,8.642039e+01,1.341993e+01,6.297409e+00,7.186460e+00,4.083632e+00,4984,5510
44,7.757837e-02,7.490019e-02,5.182075e-02,9.702749e-01,7.447934e+01,1.410024e+01,7.225258e+00,7.981552e+00,4.200221e+00,4987,5512
45,7.730155e-02,7.494009e-02,5.461893e-02,1.140072e+00,6.178608e+01,1.559758e+01,8.058748e+00,8.463845e+00,4.236866e+00,4982,5519
46,7.667328e-02,7.331488e-02,5.696844e-02,6.786246e-01,5.910903e+01,1.677018e+01,8.536705e+00,9.097377e+00,4.730907e+00,4983,5519
47,7.640001e-02,7.208605e-02,5.889677e-02,6.734161e-01,7.011366e+01,1.765641e+01,8.790683e+00,9.548670e+00,5.087441e+00,4986,5506
48,7.707581e-02,7.429455e-02,6.075120e-02,6.953096e-01,6.411105e+01,1.834379e+01,8.936853e+00,9.896366e+00,5.265407e+00,4987,5482
49,7.801712e-02,7.715919e-02,6.264775e-02,7.270832e-01,1.111695e+02,1.885649e+01,9.305594e+00,1.053018e+01,5.315401e+00,4979,5504
50,7.923492e-02,8.028074e-02,6.211669e-02,7.614155e-01,1.031223e+02,2.311237e+01,1.048030e+01,1.132398e+01,5.448092e+00,4979,5483
51,8.080557e-02,8.362189e-02,6.070189e-02,7.948799e-01,9.996912e+01,2.580419e+01,1.065911e+01,1.152273e+01,5.505784e+00,4982,5490
52,8.293821e-02,8.717077e-02,5.922442e-02,8.608799e-01,8.584377e+01,4.320034e+01,1.074602e+01,1.168974e+01,5.752110e+00,4986,5501
53,8.940377e-02,9.082336e-02,6.155004e-02,9.822407e-01,8.277284e+01,4.613387e+01,1.149804e+01,1.235710e+01,5.900932e+00,4993,5497
54,9.468247e-02,9.508343e-02,6.073316e-02,9.626503e-01,7.226292e+01,2.005335e+01,1.245969e+01,1.297869e+01,5.869827e+00,4997,5464
55,9.858867e-02,9.746444e-02,6.132522e-02,1.090408e+00,7.370189e+01,2.009536e+01,1.212864e+01,1.347154e+01,5.878262e+00,4994,5485
56,9.971744e-02,9.615683e-02,6.509613e-02,1.016151e+00,9.891464e+01,2.007806e+01,1.297198e+01,1.401043e+01,5.677200e+00,4982,5477
57,1.037405e-01,9.950837e-02,6.633029e-02,1.008213e+00,9.837862e+01,2.008398e+01,1.333365e+01,1.434833e+01,5.718268e+00,4978,5492
58,1.044603e-01,1.018212e-01,6.653579e-02,9.722633e-01,9.245327e+01,6.600060e+01,1.308149e+01,1.416817e+01,5.631497e+00,4987,5464
59,1.028087e-01,1.027815e-01,6.473164e-02,9.822845e-01,6.072975e+01,6.232217e+01,1.344087e+01,1.564870e+01,4.164384e+00,4990,5479
60,1.056093e-01,1.011369e-01,6.526002e-02,9.810371e-01,6.427541e+01,5.786372e+01,1.345480e+01,1.543765e+01,4.220012e+00,4982,5504
61,1.092290e-01,9.950889e-02,6.525131e-02,9.831581e-01,6.311813e+01,5.308745e+01,1.431775e+01,1.553949e+01,3.853550e+00,4987,5504
62,1.064496e-01,9.425081e-02,6.629594e-02,1.000984e+00,6.310640e+01,2.660997e+01,1.365565e+01,1.398766e+01,3.766631e+00,4999,5463
63,1.028975e-01,9.987285e-02,6.703020e-02,1.047935e+00,6.310674e+01,2.730932e+01,1.300626e+01,1.571996e+01,3.616115e+00,4992,5511
64,1.034089e-01,9.754294e-02,6.700280e-02,1.024422e+00,6.795386e+01,2.788755e+01,1.267665e+01,1.644153e+01,3.481130e+00,4997,5485
65,9.908579e-02,8.144163e-02,6.923372e-02,9.821815e-01,7.467043e+01,2.860386e+01,1.272286e+01,1.304408e+01,3.404457e+00,4984,5494
66,9.652691e-02,8.604062e-02,6.955854e-02,9.720612e-01,1.117915e+02,2.930939e+01,1.172922e+01,1.357673e+01,3.302896e+00,4991,5447
67,9.329572e-02,8.412678e-02,6.864387e-02,9.564743e-01,9.433381e+01,3.005507e+01,1.133729e+01,1.457397e+01,3.160912e+00,4988,5485
68,9.028587e-02,8.453897e-02,6.823497e-02,8.655114e-01,9.690860e+01,2.551043e+01,1.176598e+01,1.213214e+01,3.012465e+00,4998,5462
69,9.293973e-02,8.825015e-02,6.754731e-02,8.737869e-01,1.033614e+02,2.610549e+01,1.065919e+01,1.217004e+01,2.994585e+00,4998,5490
70,9.637305e-02,9.099952e-02,7.170440e-02,8.571434e-01,9.056909e+01,2.667811e+01,9.745639e+00,1.238689e+01,2.972847e+00,4990,5512
71,9.942746e-02,9.338854e-02,7.097998e-02,8.286171e-01,8.704559e+01,2.722491e+01,1.003571e+01,1.101863e+01,2.737728e+00,4993,5514
72,1.018804e-01,9.491770e-02,6.237176e-02,9.532719e-01,8.784949e+01,3.316846e+01,8.995728e+00,1.130658e+01,2.639767e+00,5009,5475
73,1.037039e-01,9.701660e-02,6.748137e-02,6.708412e-01,9.683746e+01,3.275819e+01,8.862116e+00,1.130140e+01,2.435431e+00,5012,5483
74,1.056985e-01,9.958512e-02,6.660793e-02,9.054813e-01,9.179594e+01,3.211399e+01,8.782333e+00,9.531885e+00,2.590502e+00,5031,5431
75,1.079181e-01,9.935997e-02,6.533562e-02,7.542143e-01,8.539376e+01,3.136313e+01,8.379957e+00,1.034836e+01,2.554034e+00,5023,5412
76,1.097865e-01,1.006354e-01,7.002878e-02,6.183205e-01,7.896088e+01,3.056360e+01,8.098772e+00,1.059812e+01,2.385536e+00,5034,5396
77,1.106813e-01,1.026729e-01,6.646314e-02,7.933731e-01,7.878857e+01,2.970810e+01,7.862807e+00,8.899382e+00,2.345577e+00,5012,5438
78,1.105650e-01,1.018224e-01,6.621085e-02,9.662971e-01,7.011813e+01,2.880297e+01,7.732763e+00,9.269891e+00,2.350636e+00,5016,5456
79,1.119343e-01,1.022843e-01,6.737108e-02,5.617669e-01,7.068067e+01,2.785241e+01,7.248261e+00,9.378482e+00,2.373250e+00,5001,5513
80,1.133252e-01,1.032794e-01,6.846271e-02,5.488987e-01,7.385608e+01,2.686461e+01,7.092452e+00,7.987391e+00,2.477775e+00,4974,5495
81,1.146784e-01,1.024984e-01,6.940550e-02,9.736328e-01,6.326314e+01,2.585617e+01,6.916412e+00,8.175812e+00,2.569203e+00,4954,5529
82,1.158147e-01,1.024243e-01,7.020428e-02,5.284958e-01,6.280501e+01,2.482145e+01,6.435742e+00,7.991713e+00,2.421721e+00,4954,5543
83,1.166350e-01,1.030739e-01,7.110785e-02,4.982529e-01,5.093179e+01,3.090977e+01,6.205889e+00,6.782952e+00,2.450845e+00,4953,5529
84,1.171032e-01,1.015514e-01,6.999739e-02,4.355659e-01,5.394551e+01,3.105173e+01,6.065369e+00,7.121935e+00,2.196930e+00,4956,5552
85,1.177621e-01,1.014722e-01,7.066139e-02,3.615046e-01,4.851598e+01,2.160899e+01,5.741461e+00,6.414762e+00,2.310204e+00,4964,5574
86,1.185330e-01,1.019493e-01,7.123988e-02,2.872086e-01,4.372829e+01,1.994692e+01,5.490590e+00,5.680940e+00,2.336963e+00,4990,5506
87,1.190651e-01,9.937316e-02,7.176898e-02,3.988113e-01,7.013459e+01,2.554321e+01,5.419250e+00,5.875830e+00,2.385391e+00,5009,5442
88,1.190757e-01,9.841562e-02,7.230276e-02,2.400818e-01,7.052341e+01,2.552585e+01,5.189873e+00,5.674681e+00,2.384341e+00,4986,5491
89,1.183009e-01,9.886356e-02,7.282337e-02,7.857723e-01,6.367993e+01,2.547762e+01,4.892485e+00,4.631580e+00,2.287629e+00,4993,5487
90,1.187176e-01,9.890885e-02,7.307105e-02,2.882137e-01,6.070305e+01,2.540000e+01,4.822956e+00,4.283450e+00,2.320910e+00,5020,5431
91,1.189097e-01,9.587877e-02,7.084792e-02,2.969561e-01,5.344569e+01,2.528904e+01,4.865469e+00,4.819764e+00,2.136467e+00,5012,5377
92,1.184852e-01,9.403264e-02,7.051284e-02,5.812459e-01,5.468256e+01,2.513823e+01,4.734809e+00,4.367309e+00,2.214042e+00,5017,5442
93,1.184399e-01,9.457123e-02,7.043578e-02,2.288254e+00,4.283351e+01,2.811547e+01,4.067397e+00,3.685203e+00,1.871226e+00,5002,5483
94,1.181597e-01,9.300648e-02,6.998032e-02,2.493713e+00,3.834076e+01,2.686908e+01,4.466923e+00,3.812173e+00,1.984205e+00,5015,5472
95,1.181023e-01,9.172795e-02,6.904444e-02,2.562447e+00,3.534536e+01,2.565622e+01,4.545535e+00,3.735801e+00,1.946246e+00,5018,5458
96,1.181465e-01,8.905393e-02,6.801619e-02,2.576492e+00,3.607969e+01,2.447279e+01,4.542157e+00,3.709973e+00,2.011078e+00,4987,5463
97,1.180406e-01,8.871286e-02,6.509821e-02,2.554546e+00,3.658963e+01,2.330010e+01,4.510898e+00,3.660659e+00,1.971925e+00,4979,5464
98,1.177115e-01,8.831640e-02,6.394129e-02,2.594469e+00,3.139129e+01,2.215660e+01,4.547216e+00,3.535477e+00,1.821343e+00,4996,5490
99,1.170765e-01,8.693677e-02,6.264241e-02,2.577515e-01,3.195799e+01,2.109551e+01,4.998586e+00,3.908349e+00,2.016401e+00,4997,5485
100,1.164464e-01,8.403698e-02,6.140459e-02,2.432598e+00,3.402900e+01,2.001101e+01,3.985019e+00,3.090078e+00,1.523532e+00,5002,5494
101,1.162728e-01,8.126651e-02,5.984971e-02,2.563210e-01,3.717781e+01,1.901313e+01,4.873745e+00,3.713167e+00,1.920126e+00,4992,5531
102,1.159784e-01,8.171477e-02,5.816597e-02,2.391743e+00,3.816903e+01,1.803300e+01,3.943408e+00,2.982246e+00,1.448734e+00,4989,5497
103,1.153278e-01,8.189490e-02,5.653746e-02,3.122954e-01,2.975578e+01,2.276225e+01,4.853463e+00,3.620826e+00,1.835433e+00,4976,5544
104,1.144433e-01,8.110712e-02,5.471408e-02,2.451736e+00,2.622172e+01,1.619717e+01,3.961158e+00,2.918737e+00,1.491048e+00,4973,5553
105,1.133721e-01,7.876835e-02,5.190630e-02,3.781738e-01,2.560627e+01,1.542205e+01,4.753313e+00,3.350355e+00,1.817775e+00,4973,5544
106,1.131280e-01,7.484929e-02,5.010362e-02,2.486799e+00,3.236834e+01,1.830175e+01,3.893733e+00,2.548998e+00,1.430524e+00,4979,5514
107,1.126095e-01,7.332487e-02,4.836873e-02,2.648811e-01,2.792426e+01,1.861683e+01,4.710531e+00,3.051661e+00,1.699424e+00,4977,5530
108,1.121820e-01,7.452246e-02,4.756721e-02,2.443235e+00,3.206541e+01,1.873077e+01,3.813480e+00,2.384348e+00,1.421585e+00,4969,5542
109,1.118730e-01,7.586220e-02,4.763973e-02,2.655487e-01,2.906608e+01,2.189144e+01,4.683802e+00,2.882377e+00,1.673536e+00,4963,5546
110,1.114079e-01,7.499990e-02,4.790803e-02,2.510494e+00,2.889027e+01,1.908620e+01,3.822517e+00,2.181162e+00,1.496603e+00,4969,5556
111,1.108019e-01,7.308940e-02,4.806668e-02,2.688074e-01,2.909711e+01,2.321786e+01,4.639746e+00,2.714131e+00,1.930373e+00,4980,5528
112,1.100718e-01,7.130510e-02,4.844582e-02,2.492748e+00,2.702627e+01,2.283085e+01,3.742411e+00,2.385617e+00,1.843153e+00,4985,5516
113,1.097452e-01,6.869736e-02,4.864441e-02,2.655487e-01,2.683553e+01,2.270202e+01,4.524935e+00,2.951502e+00,2.326115e+00,4994,5497
114,1.095639e-01,6.713860e-02,4.902422e-02,2.408880e+00,2.531827e+01,2.242825e+01,3.629352e+00,2.694160e+00,2.116798e+00,5002,5489
115,1.092286e-01,6.594180e-02,4.964146e-02,2.563825e+00,3.649329e+01,2.231233e+01,3.981345e+00,2.942422e+00,2.365908e+00,5002,5503
116,1.087305e-01,6.656982e-02,5.029424e-02,2.588665e+00,2.412903e+01,2.701627e+01,4.014834e+00,3.124923e+00,2.566708e+00,5007,5510
117,1.081085e-01,6.770819e-02,5.098965e-02,2.578917e+00,2.463692e+01,2.219768e+01,3.973948e+00,3.301488e+00,2.761351e+00,5013,5494
118,1.073741e-01,6.749948e-02,5.183236e-02,2.554151e+00,2.499971e+01,2.214555e+01,3.915661e+00,3.517349e+00,2.700925e+00,5010,5498
119,1.070552e-01,6.617001e-02,5.271999e-02,2.515373e+00,2.499926e+01,2.211832e+01,3.852503e+00,3.830874e+00,2.835317e+00,5013,5512
120,1.069678e-01,6.566513e-02,5.403374e-02,2.951087e-01,2.618349e+01,2.202179e+01,4.341516e+00,4.664949e+00,3.329364e+00,5022,5482
121,1.068027e-01,6.575842e-02,5.573864e-02,3.408718e-01,2.802446e+01,2.560633e+01,4.332401e+00,4.784667e+00,3.272668e+00,5026,5475
122,1.065027e-01,6.507887e-02,5.718804e-02,4.550171e-01,2.898049e+01,2.136962e+01,4.570824e+00,5.053683e+00,3.356158e+00,5024,5468
123,1.060667e-01,6.336153e-02,5.861728e-02,3.685749e-01,2.942603e+01,2.536484e+01,4.811060e+00,5.249675e+00,3.450635e+00,5010,5491
124,1.054761e-01,6.191929e-02,6.025634e-02,3.813710e-01,3.007979e+01,1.933132e+01,5.027618e+00,5.501043e+00,3.539134e+00,4997,5519
125,1.051252e-01,6.639242e-02,6.275721e-02,4.421692e-01,3.250866e+01,2.216959e+01,5.224185e+00,5.798682e+00,3.608493e+00,5008,5515
126,1.053394e-01,6.990278e-02,6.514811e-02,4.430733e-01,3.659644e+01,1.990827e+01,5.568082e+00,6.178829e+00,3.651850e+00,4990,5546
127,1.054307e-01,7.126560e-02,6.749175e-02,4.268970e-01,4.042579e+01,2.147766e+01,6.034981e+00,6.471595e+00,3.698128e+00,4979,5558
128,1.054050e-01,7.389532e-02,7.028355e-02,4.552000e-01,4.054636e+01,2.247448e+01,6.332763e+00,6.889324e+00,3.748025e+00,4993,5542
129,1.056916e-01,7.653591e-02,7.342983e-02,4.825488e-01,4.024064e+01,2.332154e+01,6.859323e+00,7.361624e+00,3.882077e+00,5002,5545
130,1.060381e-01,7.901586e-02,7.566617e-02,7.560081e-01,4.394278e+01,3.237460e+01,7.015471e+00,7.614387e+00,3.920277e+00,5001,5543
131,1.063850e-01,8.335090e-02,7.891811e-02,5.314579e-01,5.525898e+01,2.850913e+01,7.429629e+00,8.077469e+00,4.105729e+00,4981,5600
132,1.079752e-01,8.615054e-02,8.167166e-02,6.161079e-01,5.756920e+01,3.634005e+01,7.780535e+00,8.428810e+00,4.136448e+00,4977,5588
133,1.113281e-01,8.902034e-02,8.582557e-02,6.283655e-01,5.612974e+01,3.120861e+01,8.427599e+00,9.281189e+00,4.155573e+00,4997,5571
134,1.147311e-01,9.066948e-02,8.785296e-02,7.850914e-01,5.716469e+01,3.205223e+01,8.612276e+00,9.682249e+00,4.111285e+00,5005,5548
135,1.182244e-01,9.515291e-02,9.467125e-02,7.392979e-01,6.859116e+01,2.627340e+01,9.163630e+00,1.028095e+01,4.272401e+00,5009,5531
136,1.220129e-01,9.773204e-02,9.368753e-02,8.763008e-01,7.195689e+01,3.237878e+01,9.955259e+00,1.230638e+01,4.463576e+00,4979,5566
137,1.262217e-01,9.922352e-02,9.725972e-02,9.504662e-01,9.133066e+01,2.864261e+01,1.096063e+01,1.424959e+01,4.473554e+00,4986,5530
138,1.303739e-01,1.146045e-01,1.008711e-01,8.186302e-01,7.671652e+01,2.835961e+01,1.226504e+01,1.482130e+01,4.508124e+00,5007,5527
139,1.347334e-01,1.185420e-01,1.030598e-01,8.578987e-01,7.353902e+01,3.188280e+01,1.472022e+01,1.476492e+01,4.478284e+00,4990,5545
140,1.392666e-01,1.164294e-01,1.029238e-01,1.391998e+00,8.001540e+01,3.227862e+01,1.505904e+01,1.536976e+01,4.577160e+00,4996,5546
141,1.432457e-01,1.143153e-01,1.026921e-01,1.015293e+00,8.577279e+01,3.276055e+01,1.586144e+01,1.914927e+01,4.510252e+00,4988,5528
142,1.431311e-01,1.360382e-01,1.030712e-01,9.770021e-01,8.602129e+01,3.280455e+01,1.606700e+01,1.859139e+01,4.352848e+00,4984,5512
143,1.458962e-01,1.322073e-01,1.048453e-01,9.309006e-01,7.814452e+01,3.276671e+01,1.781167e+01,1.793959e+01,4.811773e+00,5016,5501
144,1.460975e-01,1.225414e-01,1.036870e-01,9.694862e-01,1.045388e+02,3.016687e+01,1.785078e+01,2.093171e+01,4.112341e+00,5022,5481
145,1.478313e-01,1.355935e-01,1.024626e-01,1.016651e+00,9.330742e+01,3.445756e+01,1.703220e+01,2.028864e+01,4.183883e+00,5017,5469
146,1.483882e-01,1.221367e-01,1.034174e-01,1.027119e+00,8.553648e+01,8.881145e+01,1.851580e+01,1.990384e+01,4.303734e+00,5008,5515
147,1.433325e-01,1.313644e-01,1.025105e-01,1.032459e+00,7.699326e+01,8.015550e+01,1.706908e+01,1.998664e+01,4.173666e+00,5009,5487
148,1.478713e-01,1.204153e-01,1.016959e-01,1.047504e+00,9.927410e+01,3.304715e+01,1.783132e+01,2.198992e+01,4.234295e+00,4996,5493
149,1.404889e-01,1.251000e-01,1.042163e-01,1.052692e+00,9.066460e+01,9.126346e+01,1.741467e+01,1.879500e+01,4.112012e+00,4985,5547
150,1.433167e-01,1.255806e-01,1.034514e-01,1.375562e+00,8.112987e+01,8.172771e+01,1.667264e+01,2.160239e+01,4.182918e+00,4990,5523
151,1.345365e-01,1.296932e-01,1.021926e-01,1.027067e+00,1.004212e+02,7.115622e+01,1.693251e+01,1.695274e+01,3.919596e+00,5003,5517
152,1.333907e-01,1.310314e-01,1.001387e-01,1.050892e+00,1.339202e+02,3.326116e+01,1.487089e+01,1.880487e+01,3.476948e+00,4971,5526
153,1.305081e-01,1.363264e-01,1.040661e-01,1.028824e+00,6.931381e+01,3.334586e+01,1.480655e+01,1.578047e+01,3.348066e+00,4965,5541
154,1.316786e-01,1.318234e-01,1.026980e-01,1.028576e+00,7.211287e+01,3.342706e+01,1.294675e+01,1.534533e+01,3.328629e+00,4977,5532
155,1.348263e-01,1.396097e-01,9.928887e-02,8.764534e-01,1.027183e+02,3.328984e+01,1.301746e+01,1.445328e+01,3.316327e+00,4982,5523
156,1.372530e-01,1.316304e-01,9.777518e-02,9.606962e-01,1.006822e+02,2.657194e+01,1.294210e+01,1.368840e+01,3.372145e+00,5002,5484
157,1.382862e-01,1.406725e-01,1.028807e-01,8.435249e-01,1.003285e+02,4.061917e+01,1.258834e+01,1.383194e+01,3.245007e+00,5006,5515
158,1.407507e-01,1.337851e-01,1.015073e-01,1.007500e+00,9.843295e+01,3.790443e+01,1.228225e+01,1.380361e+01,3.356043e+00,4999,5519
159,1.423718e-01,1.420352e-01,9.785263e-02,1.233536e+00,9.765953e+01,3.663221e+01,1.226352e+01,1.368634e+01,3.002182e+00,4980,5503
160,1.424983e-01,1.386801e-01,9.671668e-02,1.126366e+00,1.095401e+02,2.665334e+01,1.163669e+01,1.374162e+01,3.208466e+00,4973,5518
161,1.443972e-01,1.437659e-01,9.515409e-02,1.025177e+00,1.094411e+02,3.389540e+01,1.132271e+01,1.332885e+01,3.065032e+00,4962,5560
162,1.446214e-01,1.397996e-01,1.006619e-01,7.608337e-01,9.972417e+01,3.378033e+01,1.112510e+01,1.325480e+01,3.106082e+00,4977,5483
163,1.448876e-01,1.409708e-01,9.882765e-02,7.263336e-01,1.040244e+02,3.373628e+01,1.036518e+01,1.190082e+01,2.812291e+00,4993,5505
164,1.459094e-01,1.390397e-01,8.969379e-02,1.198195e+00,1.065123e+02,3.366610e+01,9.993788e+00,1.186988e+01,3.126885e+00,4971,5534
165,1.462868e-01,1.379684e-01,9.492248e-02,1.251244e+00,1.056655e+02,3.330480e+01,9.499503e+00,1.069940e+01,2.613475e+00,4957,5546
166,1.465293e-01,1.397742e-01,9.389447e-02,1.210268e+00,9.208946e+01,2.642346e+01,9.423117e+00,1.042887e+01,3.090726e+00,4967,5541
167,1.465089e-01,1.379167e-01,9.250323e-02,9.410582e-01,8.396831e+01,2.632079e+01,9.095938e+00,9.478289e+00,3.246974e+00,4977,5554
168,1.472990e-01,1.405724e-01,8.504965e-02,5.416374e-01,7.722080e+01,3.681462e+01,8.966336e+00,9.158986e+00,3.027533e+00,4959,5576
169,1.472668e-01,1.434794e-01,8.554264e-02,7.402973e-01,7.888060e+01,3.504217e+01,8.770435e+00,8.682304e+00,3.423103e+00,4992,5522
170,1.466621e-01,1.389035e-01,8.919726e-02,4.432945e-01,8.247514e+01,3.325462e+01,8.708080e+00,8.359298e+00,3.455382e+00,4996,5509
171,1.470975e-01,1.433098e-01,8.796500e-02,4.028320e-01,7.702781e+01,3.244690e+01,8.580915e+00,7.562352e+00,3.602543e+00,5014,5469
172,1.469010e-01,1.374277e-01,8.707611e-02,4.940279e-01,7.109534e+01,3.214537e+01,8.224321e+00,7.250437e+00,3.435925e+00,5023,5397
173,1.460838e-01,1.394628e-01,9.042820e-02,5.580502e-01,6.857872e+01,3.186277e+01,8.230350e+00,7.131863e+00,4.061838e+00,5027,5439
174,1.459364e-01,1.428591e-01,8.749077e-02,4.039917e-01,7.841869e+01,3.149415e+01,8.067791e+00,6.312344e+00,4.062468e+00,4980,5501
175,1.456327e-01,1.332915e-01,8.791135e-02,7.670603e-01,6.649538e+01,2.481726e+01,7.915100e+00,6.626058e+00,4.238853e+00,4958,5535
176,1.448130e-01,1.373240e-01,8.594146e-02,4.034100e-01,5.665542e+01,2.454208e+01,7.898144e+00,6.308215e+00,4.123123e+00,4960,5597
177,1.437008e-01,1.385005e-01,8.617107e-02,4.486694e-01,6.117732e+01,2.424441e+01,7.865273e+00,6.242564e+00,3.424990e+00,4998,5543
178,1.432939e-01,1.300747e-01,8.579011e-02,4.953461e-01,4.698294e+01,3.133448e+01,7.786843e+00,6.032433e+00,3.588556e+00,4988,5488
179,1.426817e-01,1.320510e-01,8.543716e-02,4.271393e-01,5.509518e+01,2.944867e+01,7.748309e+00,5.728589e+00,3.527663e+00,5034,5476
180,1.415148e-01,1.338737e-01,8.497483e-02,4.265938e-01,6.180662e+01,2.911902e+01,7.686268e+00,5.758476e+00,3.822177e+00,5039,5465
181,1.403352e-01,1.245261e-01,8.441029e-02,4.449806e-01,5.394834e+01,2.862276e+01,7.844183e+00,5.753334e+00,4.029763e+00,5029,5474
182,1.398395e-01,1.261882e-01,8.361916e-02,4.334869e-01,5.094570e+01,2.937162e+01,7.958719e+00,5.746409e+00,4.126486e+00,5042,5406
183,1.391145e-01,1.264998e-01,8.266802e-02,5.561066e-01,5.126651e+01,2.752951e+01,7.946000e+00,5.445315e+00,3.663866e+00,5035,5465
184,1.387309e-01,1.239655e-01,8.151930e-02,4.418373e-01,4.450833e+01,2.180910e+01,7.900753e+00,5.234116e+00,2.929074e+00,5023,5486
185,1.386346e-01,1.184593e-01,8.053013e-02,4.448013e-01,4.349632e+01,2.144523e+01,7.765699e+00,5.007559e+00,2.997286e+00,5006,5516
186,1.384166e-01,1.190685e-01,7.933376e-02,5.732403e-01,4.258801e+01,2.108516e+01,7.879244e+00,4.917692e+00,3.166839e+00,4999,5528
187,1.377560e-01,1.174950e-01,7.797474e-02,4.501514e-01,3.604411e+01,2.073067e+01,8.020209e+00,5.170880e+00,3.509221e+00,4982,5494
188,1.364925e-01,1.146948e-01,7.572668e-02,4.532890e-01,3.533308e+01,2.940511e+01,7.986925e+00,4.896430e+00,3.341757e+00,5013,5466
189,1.365380e-01,1.103344e-01,7.346161e-02,4.572983e-01,3.772174e+01,2.487809e+01,7.985235e+00,4.816409e+00,3.474248e+00,5010,5491
190,1.362321e-01,1.110164e-01,7.208128e-02,5.286026e-01,3.939940e+01,2.449136e+01,7.860163e+00,4.494721e+00,3.179337e+00,5004,5515
191,1.354304e-01,1.110263e-01,7.066040e-02,4.555817e-01,3.960830e+01,1.478857e+01,7.912212e+00,4.414822e+00,2.583124e+00,4983,5534
192,1.341107e-01,1.066415e-01,6.906392e-02,4.602280e-01,3.691351e+01,2.318567e+01,7.966576e+00,4.423154e+00,2.597899e+00,5015,5491
193,1.335075e-01,1.037554e-01,6.860246e-02,4.646606e-01,3.590728e+01,2.165918e+01,7.950618e+00,4.168426e+00,2.545878e+00,5009,5480
194,1.331811e-01,1.009869e-01,6.818589e-02,4.665146e-01,3.325113e+01,2.048378e+01,7.885642e+00,4.085985e+00,2.459084e+00,4993,5506
195,1.323781e-01,1.012509e-01,6.822798e-02,4.656372e-01,3.306948e+01,2.844036e+01,7.805149e+00,4.019767e+00,2.501546e+00,4999,5521
196,1.311285e-01,1.015668e-01,6.788857e-02,4.626350e-01,3.294045e+01,2.832927e+01,7.757055e+00,3.978686e+00,2.289591e+00,4997,5543
197,1.304820e-01,9.877864e-02,6.754452e-02,4.608154e-01,2.999492e+01,1.431148e+01,7.744908e+00,3.900902e+00,2.147322e+00,4986,5526
198,1.300344e-01,9.542405e-02,6.590991e-02,4.652214e-01,3.330061e+01,2.041633e+01,7.767837e+00,3.682359e+00,2.263354e+00,4997,5498
199,1.294016e-01,9.267873e-02,6.606524e-02,4.675484e-01,3.308139e+01,1.477177e+01,7.706852e+00,3.399406e+00,2.160372e+00,4999,5488
200,1.286121e-01,9.022378e-02,6.649835e-02,4.682961e-01,3.540145e+01,2.303226e+01,7.660248e+00,3.310633e+00,2.210977e+00,4988,5479
201,1.285019e-01,9.099480e-02,6.956862e-02,4.671097e-01,3.434144e+01,2.227180e+01,7.577688e+00,3.225927e+00,2.256416e+00,4986,5504
202,1.281735e-01,9.033832e-02,7.027595e-02,4.642448e-01,3.241497e+01,2.156162e+01,7.476187e+00,3.168188e+00,2.504872e+00,4986,5511
203,1.276684e-01,8.913592e-02,6.788512e-02,4.646416e-01,3.286780e+01,2.094489e+01,7.451182e+00,3.279406e+00,2.147050e+00,4995,5538
204,1.270513e-01,8.768624e-02,6.834859e-02,4.668007e-01,3.239251e+01,3.098467e+01,7.408553e+00,3.396041e+00,2.240062e+00,5001,5497
205,1.261777e-01,8.611403e-02,6.988082e-02,4.675102e-01,3.329327e+01,2.997561e+01,7.422768e+00,3.770919e+00,2.424287e+00,5027,5490
206,1.260369e-01,8.418657e-02,7.114054e-02,4.665909e-01,3.157634e+01,2.146840e+01,7.356063e+00,3.895783e+00,2.567762e+00,5032,5489
207,1.256479e-01,8.375093e-02,7.246298e-02,4.641571e-01,3.582574e+01,2.889199e+01,7.281352e+00,4.116936e+00,2.691038e+00,5014,5495
208,1.251436e-01,8.284654e-02,7.346560e-02,4.603653e-01,3.482732e+01,2.827417e+01,7.169832e+00,4.324914e+00,2.867224e+00,4995,5525
209,1.245267e-01,8.100072e-02,7.505504e-02,4.553299e-01,3.475214e+01,1.676871e+01,7.083250e+00,4.676802e+00,2.984776e+00,4992,5517
210,1.237331e-01,8.079052e-02,7.659496e-02,4.495163e-01,3.402239e+01,2.073788e+01,7.095531e+00,5.058790e+00,3.168904e+00,4979,5539
211,1.234332e-01,8.220411e-02,7.796907e-02,4.478760e-01,3.363652e+01,3.395240e+01,7.090789e+00,5.514175e+00,3.387669e+00,4993,5516
212,1.230280e-01,8.363943e-02,8.315120e-02,6.311264e-01,4.449861e+01,3.355878e+01,6.971690e+00,6.089711e+00,3.520469e+00,5005,5525
213,1.228574e-01,8.502217e-02,8.510680e-02,4.427834e-01,4.461447e+01,2.374697e+01,6.866945e+00,6.496268e+00,3.604766e+00,5026,5490
214,1.227929e-01,8.718541e-02,8.713081e-02,4.387665e-01,4.412840e+01,2.310691e+01,6.821504e+00,6.385787e+00,3.635010e+00,5027,5504
215,1.227174e-01,9.103135e-02,8.925832e-02,4.336319e-01,4.013956e+01,1.842805e+01,6.743251e+00,6.610708e+00,3.640016e+00,5031,5502
216,1.225782e-01,9.454557e-02,9.221812e-02,4.993019e-01,4.650410e+01,1.975789e+01,6.661085e+00,6.938388e+00,3.922494e+00,5043,5490
217,1.223349e-01,9.577040e-02,9.471770e-02,5.310917e-01,4.542790e+01,2.376542e+01,6.657034e+00,7.317409e+00,4.099025e+00,5011,5512
218,1.227989e-01,9.948210e-02,9.616792e-02,5.513916e-01,5.020695e+01,2.606675e+01,6.788745e+00,7.474198e+00,4.134701e+00,4991,5514
219,1.233761e-01,1.030861e-01,9.815209e-02,5.902405e-01,5.441486e+01,2.764862e+01,7.551386e+00,8.197488e+00,4.129560e+00,4988,5481
220,1.249723e-01,1.065941e-01,1.010318e-01,6.074104e-01,5.870926e+01,3.091072e+01,7.944480e+00,9.054469e+00,4.039432e+00,4988,5531
221,1.266263e-01,1.107304e-01,1.045259e-01,6.735916e-01,6.423665e+01,3.060812e+01,9.071198e+00,9.572280e+00,4.006270e+00,4978,5560
222,1.287182e-01,1.164268e-01,1.056916e-01,6.864243e-01,7.233949e+01,2.968973e+01,9.533191e+00,1.001275e+01,4.193617e+00,4989,5551
223,1.313228e-01,1.221060e-01,1.078842e-01,1.279606e+00,7.677005e+01,3.514047e+01,1.056576e+01,1.055578e+01,3.978625e+00,4990,5549
224,1.349374e-01,1.161183e-01,1.098957e-01,7.214890e-01,7.297784e+01,3.014267e+01,1.123095e+01,1.275764e+01,4.210820e+00,4976,5559
225,1.391454e-01,1.157039e-01,1.137935e-01,7.460228e-01,7.753678e+01,6.740051e+01,1.189717e+01,1.456401e+01,3.910047e+00,4987,5541
226,1.432906e-01,1.153163e-01,1.141305e-01,1.666079e+00,7.732177e+01,3.386123e+01,1.315969e+01,1.703690e+01,3.979915e+00,4986,5536
227,1.478361e-01,1.325132e-01,1.145862e-01,9.512744e-01,7.595447e+01,3.292175e+01,1.618950e+01,1.688659e+01,4.147522e+00,4953,5583
228,1.521814e-01,1.375056e-01,1.168526e-01,9.326477e-01,8.273549e+01,8.400394e+01,1.647916e+01,1.617149e+01,4.527521e+00,4956,5572
229,1.554914e-01,1.355250e-01,1.169107e-01,9.549751e-01,9.579298e+01,8.890592e+01,1.706903e+01,1.901684e+01,4.402153e+00,4974,5579
230,1.549325e-01,1.288848e-01,1.157288e-01,9.923172e-01,8.815904e+01,3.052629e+01,1.802126e+01,2.038279e+01,4.541345e+00,4973,5549
231,1.543974e-01,1.437051e-01,1.164325e-01,1.032705e+00,9.641096e+01,9.756506e+01,1.859266e+01,1.867661e+01,5.379381e+00,4994,5533
232,1.586882e-01,1.405063e-01,1.168862e-01,1.101343e+00,9.844914e+01,1.005709e+02,1.841882e+01,2.157880e+01,4.016442e+00,4991,5550
233,1.553362e-01,1.358901e-01,1.146702e-01,1.086800e+00,1.235844e+02,3.353492e+01,1.957386e+01,2.109967e+01,3.859714e+00,4983,5483
234,1.549787e-01,1.399584e-01,1.129772e-01,1.053471e+00,1.113542e+02,8.276579e+01,1.824107e+01,2.011366e+01,3.969044e+00,4975,5508
235,1.538654e-01,1.291205e-01,1.142671e-01,1.074585e+00,1.029175e+02,2.675030e+01,1.817068e+01,2.293975e+01,4.893404e+00,4994,5507
236,1.527337e-01,1.378748e-01,1.137936e-01,1.017113e+00,7.880482e+01,2.622914e+01,1.827530e+01,1.805291e+01,4.082255e+00,5005,5489
237,1.510173e-01,1.305452e-01,1.130067e-01,1.063396e+00,8.334595e+01,8.271899e+01,1.707062e+01,2.145645e+01,3.769273e+00,5013,5435
238,1.493253e-01,1.317859e-01,1.159909e-01,1.003038e+00,8.655585e+01,7.149299e+01,1.692046e+01,1.788057e+01,4.432267e+00,5031,5447
239,1.472950e-01,1.298196e-01,1.143055e-01,9.225092e-01,8.714084e+01,3.286320e+01,1.540062e+01,1.817005e+01,3.462086e+00,4998,5458
240,1.453093e-01,1.265290e-01,1.136062e-01,8.837833e-01,7.922501e+01,7.951599e+01,1.557180e+01,1.665787e+01,3.418312e+00,4993,5467
241,1.436134e-01,1.328548e-01,1.097017e-01,1.001526e+00,9.180110e+01,6.819991e+01,1.432241e+01,1.595345e+01,3.272578e+00,4984,5493
242,1.430988e-01,1.322291e-01,1.181190e-01,9.352760e-01,9.655908e+01,5.725685e+01,1.351440e+01,1.521144e+01,3.258928e+00,4986,5493
243,1.467334e-01,1.365048e-01,1.142397e-01,8.566666e-01,1.256152e+02,3.711966e+01,1.372847e+01,1.526066e+01,3.055871e+00,4983,5520
244,1.497814e-01,1.364651e-01,1.136017e-01,8.341331e-01,1.135930e+02,3.670921e+01,1.312828e+01,1.410587e+01,3.129006e+00,4974,5548
245,1.519348e-01,1.392261e-01,1.088700e-01,8.520041e-01,9.634605e+01,3.618732e+01,1.253804e+01,1.487256e+01,2.885907e+00,4981,5534
246,1.536473e-01,1.396711e-01,1.076580e-01,8.721619e-01,1.166999e+02,3.790505e+01,1.242255e+01,1.426664e+01,3.028278e+00,4983,5522
247,1.565347e-01,1.406095e-01,1.137819e-01,8.241730e-01,9.913762e+01,3.632181e+01,1.212936e+01,1.435637e+01,2.771250e+00,4984,5496
248,1.578392e-01,1.416506e-01,1.130054e-01,8.783188e-01,7.800880e+01,3.467175e+01,1.191703e+01,1.370337e+01,2.892117e+00,4987,5498
249,1.578883e-01,1.398491e-01,1.088263e-01,9.458656e-01,9.929201e+01,3.294236e+01,1.167484e+01,1.348199e+01,3.031340e+00,4985,5498
250,1.601194e-01,1.439441e-01,1.083349e-01,6.907997e-01,1.042764e+02,3.394583e+01,1.109631e+01,1.216317e+01,2.899252e+00,4960,5469
251,1.607064e-01,1.424076e-01,1.080927e-01,6.609192e-01,9.044434e+01,3.340721e+01,1.059146e+01,1.166437e+01,2.984276e+00,4946,5563
252,1.618674e-01,1.453709e-01,1.124324e-01,7.809525e-01,1.069465e+02,3.283815e+01,1.022086e+01,1.092864e+01,2.718268e+00,4955,5544
253,1.617140e-01,1.433016e-01,1.042149e-01,6.688042e-01,1.008700e+02,3.966359e+01,9.984411e+00,1.065773e+01,2.784935e+00,4960,5538
254,1.633772e-01,1.417914e-01,1.037242e-01,1.177764e+00,9.655295e+01,3.759396e+01,9.766368e+00,9.955405e+00,2.901705e+00,4960,5536
255,1.643223e-01,1.442690e-01,1.031317e-01,6.471702e-01,8.086262e+01,3.545184e+01,9.760225e+00,9.589289e+00,2.800938e+00,4952,5558
256,1.633368e-01,1.433275e-01,1.075991e-01,7.240314e-01,7.334841e+01,2.679822e+01,9.587240e+00,9.208102e+00,2.689375e+00,4957,5497
257,1.638160e-01,1.410327e-01,1.066230e-01,6.928883e-01,6.341265e+01,3.646804e+01,9.242001e+00,8.986889e+00,2.728710e+00,4980,5482
258,1.641877e-01,1.413146e-01,1.007062e-01,1.238945e+00,9.329969e+01,2.920638e+01,9.159593e+00,8.142127e+00,2.690829e+00,4976,5487
259,1.626934e-01,1.419874e-01,1.002079e-01,1.040768e+00,8.491349e+01,3.419471e+01,9.125659e+00,8.133677e+00,3.396187e+00,4975,5495
260,1.621951e-01,1.386316e-01,9.969836e-02,4.221344e-01,7.456241e+01,3.205962e+01,9.055232e+00,7.600606e+00,3.613355e+00,4989,5525
261,1.620671e-01,1.380024e-01,1.029022e-01,8.822775e-01,6.170670e+01,2.264511e+01,8.791033e+00,7.246047e+00,3.469847e+00,4976,5495
262,1.611609e-01,1.378841e-01,1.019488e-01,6.044750e-01,8.463383e+01,3.293382e+01,8.575899e+00,6.988034e+00,3.200728e+00,4974,5506
263,1.603829e-01,1.353329e-01,9.525801e-02,4.427643e-01,7.939778e+01,3.211932e+01,8.625643e+00,6.256934e+00,3.331609e+00,4969,5516
264,1.593700e-01,1.345237e-01,9.419657e-02,6.089802e-01,6.913892e+01,3.127819e+01,8.706495e+00,6.264686e+00,3.541771e+00,4977,5507
265,1.596163e-01,1.335074e-01,9.453095e-02,1.111734e+00,5.724313e+01,2.477761e+01,8.718545e+00,6.131425e+00,3.820975e+00,5002,5520
266,1.587791e-01,1.289527e-01,9.452341e-02,4.661465e-01,6.253294e+01,3.171397e+01,8.686538e+00,6.199409e+00,4.014151e+00,4995,5513
267,1.581442e-01,1.299440e-01,9.441721e-02,4.603004e-01,5.191831e+01,2.302929e+01,8.566739e+00,5.895529e+00,3.169182e+00,4984,5508
268,1.572139e-01,1.293334e-01,9.293490e-02,4.667892e-01,4.599839e+01,2.233052e+01,8.634359e+00,5.510187e+00,3.146438e+00,4965,5485
269,1.559892e-01,1.265475e-01,9.411611e-02,4.731522e-01,5.082206e+01,2.733415e+01,8.688527e+00,5.652733e+00,3.506625e+00,4983,5510
270,1.559421e-01,1.234840e-01,9.338836e-02,4.824333e-01,5.320026e+01,2.654082e+01,8.598805e+00,5.458893e+00,3.591486e+00,4995,5512
271,1.553050e-01,1.247088e-01,9.191288e-02,4.860954e-01,4.967297e+01,2.575008e+01,8.493592e+00,5.550097e+00,3.771059e+00,4987,5484
272,1.541626e-01,1.233507e-01,9.039936e-02,4.825630e-01,3.960819e+01,3.015466e+01,8.418465e+00,5.380784e+00,3.045257e+00,5010,5474
273,1.525947e-01,1.198252e-01,8.816886e-02,4.903488e-01,3.401497e+01,2.810167e+01,8.536971e+00,5.269067e+00,3.056981e+00,5009,5516
274,1.515562e-01,1.175114e-01,8.717984e-02,4.942970e-01,3.061754e+01,2.612122e+01,8.509612e+00,4.831951e+00,2.940824e+00,4987,5551
275,1.507678e-01,1.188386e-01,8.580700e-02,4.933434e-01,4.620701e+01,2.420493e+01,8.408095e+00,4.928239e+00,3.234627e+00,5001,5529
276,1.495437e-01,1.176887e-01,8.524748e-02,4.874115e-01,4.221343e+01,2.228228e+01,8.245137e+00,4.917381e+00,3.364951e+00,5000,5526
277,1.490289e-01,1.148708e-01,8.485804e-02,4.813766e-01,3.310985e+01,2.150909e+01,8.205420e+00,4.840953e+00,3.253758e+00,4988,5489
278,1.486357e-01,1.111846e-01,8.475580e-02,4.750967e-01,3.703143e+01,2.090464e+01,8.276753e+00,4.587422e+00,2.389573e+00,4981,5487
279,1.480251e-01,1.109367e-01,8.469364e-02,4.713669e-01,3.538265e+01,2.640332e+01,8.276727e+00,4.358028e+00,2.539689e+00,4996,5512
280,1.471228e-01,1.122118e-01,8.453623e-02,4.772186e-01,3.009886e+01,2.038258e+01,8.125137e+00,4.054126e+00,2.614971e+00,4981,5565
281,1.464990e-01,1.111805e-01,8.440465e-02,4.812889e-01,3.180658e+01,2.369255e+01,8.050836e+00,4.028835e+00,2.640186e+00,4970,5545
282,1.458981e-01,1.086484e-01,8.400108e-02,4.829788e-01,3.465915e+01,2.318252e+01,8.070012e+00,3.979871e+00,2.431576e+00,4976,5509
283,1.449397e-01,1.053689e-01,8.358975e-02,4.809475e-01,3.310804e+01,1.859741e+01,7.991540e+00,3.811507e+00,2.380876e+00,4980,5531
284,1.438092e-01,1.024937e-01,8.363694e-02,4.757462e-01,3.150938e+01,1.830946e+01,7.934597e+00,3.700562e+00,2.577231e+00,4989,5514
285,1.426038e-01,1.027604e-01,8.327331e-02,4.773407e-01,3.142669e+01,2.211396e+01,7.888474e+00,3.562658e+00,2.391765e+00,4997,5473
286,1.420105e-01,1.042058e-01,8.192862e-02,4.785614e-01,3.082579e+01,2.092349e+01,7.849130e+00,3.407173e+00,1.978204e+00,4987,5457
287,1.415386e-01,1.040054e-01,8.360606e-02,4.766159e-01,2.955056e+01,1.980835e+01,7.782640e+00,3.491880e+00,2.034519e+00,5005,5456
288,1.409323e-01,1.029664e-01,8.366756e-02,4.720230e-01,3.284934e+01,2.241712e+01,7.763391e+00,3.255606e+00,2.236125e+00,4999,5489
289,1.404250e-01,1.015614e-01,8.370599e-02,4.653625e-01,3.244864e+01,2.260384e+01,7.715303e+00,3.244624e+00,2.214499e+00,5010,5523
290,1.398694e-01,9.934469e-02,8.357836e-02,4.567566e-01,3.290866e+01,2.290530e+01,7.697090e+00,3.198245e+00,2.206637e+00,5010,5497
291,1.392906e-01,9.793446e-02,8.413421e-02,4.539375e-01,3.099568e+01,2.518907e+01,7.654283e+00,3.105619e+00,2.281518e+00,5005,5504
292,1.386312e-01,9.631048e-02,8.477965e-02,4.513283e-01,3.271860e+01,2.447548e+01,7.596548e+00,3.204010e+00,2.367349e+00,5000,5513
293,1.380118e-01,9.558909e-02,8.538320e-02,4.467964e-01,3.145518e+01,2.375453e+01,7.501626e+00,3.287388e+00,2.428827e+00,4993,5534
294,1.374009e-01,9.473577e-02,8.604267e-02,4.399223e-01,3.013467e+01,2.299636e+01,7.370317e+00,3.624310e+00,2.580891e+00,5001,5529
295,1.367266e-01,9.386286e-02,8.659413e-02,4.352798e-01,3.545892e+01,2.584593e+01,7.353522e+00,3.992130e+00,2.623323e+00,4992,5550
296,1.360062e-01,9.399644e-02,8.788647e-02,4.348984e-01,3.590402e+01,2.647196e+01,7.323513e+00,4.414330e+00,2.621274e+00,4986,5570
297,1.355928e-01,9.382037e-02,8.913676e-02,4.330139e-01,3.613215e+01,3.097894e+01,7.261303e+00,4.710947e+00,2.910409e+00,4981,5572
298,1.353772e-01,9.411055e-02,9.020550e-02,4.295731e-01,3.448682e+01,2.966466e+01,7.191051e+00,4.965834e+00,2.953566e+00,4981,5558
299,1.351514e-01,9.444281e-02,9.347080e-02,4.241600e-01,3.333519e+01,3.392901e+01,7.090856e+00,5.204982e+00,2.951857e+00,4989,5538
300,1.349425e-01,9.637740e-02,9.491421e-02,4.705925e-01,3.282713e+01,3.305171e+01,6.992403e+00,5.705413e+00,3.050379e+00,5000,5531
301,1.347309e-01,1.004899e-01,9.621234e-02,5.159569e-01,3.927266e+01,2.029660e+01,6.934968e+00,5.806887e+00,3.116764e+00,4979,5555
302,1.344413e-01,1.036163e-01,9.782587e-02,4.108734e-01,4.120101e+01,2.050488e+01,6.872425e+00,6.319488e+00,3.192209e+00,4972,5564
303,1.340738e-01,1.036633e-01,9.943718e-02,4.982090e-01,4.387709e+01,2.097724e+01,6.795417e+00,6.595881e+00,3.233101e+00,4975,5522
304,1.337062e-01,1.050607e-01,1.008961e-01,4.892807e-01,4.734025e+01,2.134964e+01,6.801750e+00,7.007374e+00,3.775399e+00,4983,5524
305,1.333790e-01,1.061707e-01,1.093311e-01,5.306511e-01,4.817340e+01,4.235701e+01,6.770186e+00,7.111979e+00,3.348545e+00,5011,5505
306,1.331800e-01,1.102272e-01,1.073318e-01,5.526314e-01,4.408367e+01,3.256183e+01,6.796544e+00,7.666130e+00,4.081969e+00,5012,5490
307,1.330656e-01,1.137072e-01,1.063899e-01,5.413973e-01,4.834945e+01,2.614878e+01,7.363605e+00,7.998165e+00,3.917631e+00,5015,5472
308,1.331379e-01,1.148523e-01,1.126350e-01,5.863070e-01,5.512796e+01,3.254524e+01,7.691256e+00,8.748792e+00,3.551933e+00,5008,5494
309,1.332293e-01,1.177274e-01,1.138400e-01,6.112754e-01,5.746761e+01,3.297983e+01,8.396032e+00,9.698449e+00,3.543644e+00,4981,5556
310,1.332702e-01,1.224241e-01,1.152053e-01,1.420559e+00,7.037568e+01,3.285278e+01,9.010950e+00,1.040504e+01,3.663797e+00,4979,5540
311,1.332303e-01,1.209291e-01,1.189028e-01,6.923485e-01,7.251915e+01,4.927505e+01,1.024902e+01,1.078734e+01,3.603021e+00,4983,5529
312,1.334988e-01,1.229030e-01,1.199519e-01,7.531624e-01,9.179732e+01,3.168692e+01,1.116518e+01,1.155820e+01,3.603804e+00,4981,5548
313,1.336975e-01,1.234506e-01,1.235359e-01,8.076839e-01,8.019144e+01,2.970215e+01,1.162274e+01,1.303313e+01,3.896922e+00,4987,5519
314,1.337856e-01,1.242786e-01,1.209346e-01,8.361530e-01,6.474221e+01,3.650951e+01,1.300387e+01,1.461948e+01,3.779811e+00,4986,5569
315,1.365184e-01,1.305759e-01,1.225606e-01,9.024506e-01,8.361465e+01,3.564027e+01,1.433988e+01,1.482616e+01,3.778910e+00,4995,5560
316,1.411732e-01,1.258571e-01,1.226918e-01,9.093018e-01,8.651425e+01,8.124381e+01,1.452375e+01,1.637170e+01,3.842003e+00,4989,5518
317,1.451478e-01,1.252879e-01,1.223026e-01,1.112008e+00,1.090074e+02,3.387197e+01,1.589632e+01,1.919344e+01,3.831097e+00,4984,5500
318,1.465336e-01,1.330096e-01,1.232855e-01,9.500885e-01,1.040609e+02,7.097896e+01,1.814357e+01,1.803970e+01,3.887304e+00,4977,5547
319,1.479695e-01,1.265509e-01,1.228434e-01,9.760284e-01,1.005850e+02,3.404178e+01,1.771086e+01,1.879786e+01,4.180634e+00,4993,5534
320,1.470746e-01,1.285805e-01,1.237755e-01,9.644108e-01,8.322539e+01,8.533953e+01,1.765994e+01,2.085863e+01,4.472296e+00,5002,5526
321,1.465266e-01,1.306377e-01,1.224309e-01,1.020601e+00,8.496353e+01,7.640802e+01,1.906886e+01,1.756575e+01,3.553640e+00,5011,5481
322,1.478942e-01,1.362796e-01,1.223508e-01,1.018322e+00,9.694792e+01,3.654150e+01,1.844970e+01,2.139804e+01,4.808693e+00,4994,5510
323,1.453509e-01,1.370670e-01,1.223671e-01,1.013954e+00,8.974847e+01,8.761740e+01,1.811261e+01,1.928919e+01,4.818437e+00,5010,5466
324,1.449215e-01,1.402631e-01,1.221926e-01,1.007103e+00,8.896512e+01,7.635050e+01,1.754183e+01,1.884793e+01,3.604414e+00,4988,5491
325,1.438004e-01,1.477226e-01,1.215858e-01,1.240434e+00,8.530583e+01,3.113087e+01,1.649471e+01,1.938652e+01,3.617029e+00,4985,5502
326,1.424214e-01,1.432221e-01,1.199948e-01,9.899940e-01,7.810861e+01,3.026677e+01,1.630158e+01,1.651347e+01,3.790231e+00,5004,5504
327,1.453509e-01,1.517803e-01,1.248460e-01,9.459534e-01,8.339066e+01,2.943133e+01,1.484141e+01,1.867614e+01,3.205362e+00,4997,5498
328,1.496516e-01,1.485467e-01,1.240328e-01,9.185829e-01,8.053831e+01,6.147528e+01,1.474619e+01,1.536594e+01,3.060869e+00,4987,5505
329,1.535807e-01,1.499452e-01,1.229937e-01,1.626606e+00,8.567655e+01,5.046181e+01,1.346853e+01,1.717603e+01,3.353100e+00,5016,5459
330,1.554924e-01,1.549215e-01,1.214617e-01,1.342369e+00,1.438892e+02,3.406474e+01,1.327646e+01,1.496173e+01,3.114182e+00,5009,5480
331,1.581875e-01,1.475441e-01,1.270094e-01,8.279667e-01,1.151787e+02,3.347078e+01,1.253359e+01,1.403377e+01,3.723507e+00,4984,5529
332,1.614711e-01,1.552467e-01,1.194683e-01,1.017624e+00,9.521468e+01,3.284920e+01,1.287069e+01,1.414902e+01,3.307202e+00,4990,5495
333,1.624828e-01,1.506633e-01,1.252475e-01,9.073029e-01,9.036339e+01,3.720702e+01,1.249033e+01,1.360814e+01,2.901365e+00,5009,5504
334,1.639281e-01,1.514497e-01,1.240677e-01,1.276115e+00,9.593829e+01,3.274862e+01,1.228790e+01,1.360127e+01,2.682173e+00,5008,5464
335,1.659739e-01,1.529743e-01,1.224992e-01,1.250286e+00,9.626457e+01,2.398408e+01,1.188896e+01,1.357313e+01,3.027591e+00,4978,5503
336,1.658569e-01,1.538380e-01,1.225849e-01,7.887745e-01,9.919614e+01,3.728886e+01,1.195105e+01,1.375344e+01,2.693626e+00,4992,5507
337,1.681291e-01,1.531206e-01,1.217018e-01,6.761017e-01,8.459312e+01,2.965631e+01,1.129221e+01,1.219799e+01,2.973988e+00,4997,5456
338,1.693649e-01,1.560851e-01,1.204293e-01,6.360245e-01,7.897820e+01,2.897948e+01,1.087304e+01,1.222619e+01,3.497530e+00,5037,5421
339,1.704503e-01,1.548497e-01,1.148195e-01,7.095909e-01,8.712907e+01,2.828132e+01,1.031075e+01,1.119747e+01,3.015067e+00,5014,5436
340,1.707028e-01,1.558013e-01,1.202442e-01,1.422016e+00,7.795630e+01,3.471827e+01,1.011681e+01,1.080709e+01,2.694097e+00,4992,5489
341,1.718241e-01,1.556617e-01,1.195027e-01,5.020981e-01,6.621234e+01,3.397209e+01,9.915045e+00,1.060125e+01,3.005889e+00,4987,5476
342,1.726376e-01,1.564883e-01,1.183783e-01,5.142365e-01,8.180928e+01,3.323893e+01,1.012745e+01,1.059332e+01,2.804194e+00,4997,5467
343,1.723979e-01,1.554181e-01,1.144421e-01,5.321007e-01,7.438148e+01,3.233661e+01,9.681990e+00,9.695763e+00,2.979853e+00,4983,5496
344,1.734550e-01,1.558416e-01,1.145985e-01,5.789757e-01,6.745828e+01,2.483697e+01,9.546129e+00,9.563520e+00,2.623541e+00,4987,5522
345,1.728990e-01,1.571003e-01,1.140261e-01,5.227222e-01,6.096445e+01,3.647587e+01,9.358039e+00,8.458159e+00,2.915427e+00,4983,5531
346,1.725543e-01,1.549149e-01,1.174290e-01,4.204102e-01,6.060472e+01,3.016696e+01,9.347465e+00,8.431684e+00,3.336185e+00,4999,5460
347,1.727170e-01,1.547208e-01,1.166561e-01,5.580978e-01,7.485402e+01,3.155246e+01,9.162925e+00,8.453139e+00,2.839906e+00,5010,5452
348,1.709658e-01,1.542118e-01,1.155961e-01,8.720570e-01,6.814920e+01,2.912478e+01,8.950937e+00,6.795643e+00,2.832688e+00,5015,5420
349,1.700875e-01,1.520341e-01,1.138445e-01,8.208752e-01,5.831934e+01,2.777766e+01,8.950809e+00,8.216955e+00,2.784397e+00,4986,5502
350,1.693280e-01,1.522422e-01,1.046490e-01,6.716499e-01,7.097990e+01,2.060569e+01,8.838238e+00,7.046429e+00,2.776272e+00,4959,5584
351,1.686157e-01,1.512376e-01,1.048264e-01,9.891887e-01,6.764443e+01,3.216530e+01,8.939797e+00,5.921597e+00,2.887798e+00,4949,5590
352,1.675024e-01,1.477426e-01,1.048793e-01,9.723549e-01,5.941930e+01,2.539327e+01,9.021186e+00,6.790854e+00,3.195467e+00,4951,5542
353,1.655718e-01,1.485133e-01,1.047778e-01,1.027160e+00,5.321937e+01,2.939730e+01,9.011537e+00,6.418450e+00,3.234110e+00,4964,5579
354,1.652242e-01,1.471428e-01,1.045986e-01,6.104326e-01,5.425102e+01,2.381225e+01,8.846500e+00,5.598582e+00,2.467125e+00,4961,5589
355,1.640604e-01,1.426939e-01,1.089850e-01,9.243870e-01,5.102549e+01,2.302140e+01,8.708615e+00,5.418278e+00,2.674647e+00,4986,5523
356,1.621161e-01,1.434525e-01,1.093871e-01,4.649086e-01,5.126737e+01,2.833799e+01,8.886249e+00,5.824058e+00,3.078989e+00,5002,5432
357,1.601489e-01,1.413646e-01,1.081099e-01,4.711456e-01,4.474276e+01,2.706848e+01,8.877531e+00,5.664590e+00,2.835619e+00,5009,5489
358,1.592047e-01,1.387767e-01,1.066671e-01,4.851532e-01,4.699857e+01,2.619885e+01,8.795760e+00,5.523927e+00,2.063350e+00,5001,5523
359,1.576969e-01,1.366851e-01,1.051143e-01,4.896317e-01,4.404885e+01,2.000577e+01,8.532476e+00,5.120093e+00,2.333092e+00,4980,5552
360,1.572978e-01,1.368715e-01,1.039897e-01,4.858665e-01,3.904490e+01,1.930334e+01,8.490959e+00,4.936000e+00,2.481392e+00,4980,5551
361,1.562356e-01,1.341644e-01,1.032130e-01,4.881935e-01,4.165042e+01,2.761303e+01,8.550134e+00,5.217946e+00,2.621024e+00,4980,5511
362,1.553452e-01,1.310360e-01,1.024789e-01,4.864273e-01,3.988629e+01,2.542216e+01,8.505723e+00,4.995979e+00,2.549237e+00,5002,5477
363,1.552331e-01,1.283042e-01,1.018993e-01,4.808540e-01,3.789103e+01,2.222498e+01,8.447972e+00,4.869980e+00,2.886989e+00,4988,5507
364,1.543746e-01,1.293123e-01,1.011128e-01,4.780502e-01,4.138121e+01,2.152880e+01,8.489758e+00,4.455050e+00,2.961571e+00,4994,5530
365,1.527230e-01,1.286613e-01,1.002466e-01,4.803162e-01,3.940460e+01,2.082528e+01,8.485458e+00,4.184788e+00,2.836186e+00,4985,5546
366,1.512014e-01,1.268961e-01,9.948851e-02,4.848175e-01,3.241201e+01,1.755822e+01,8.526642e+00,4.468086e+00,2.352035e+00,4999,5517
367,1.504452e-01,1.234517e-01,1.000887e-01,4.848099e-01,3.619417e+01,1.513999e+01,8.456869e+00,4.254393e+00,2.370805e+00,4967,5558
368,1.492557e-01,1.198453e-01,9.939998e-02,4.806061e-01,4.012695e+01,1.468459e+01,8.310710e+00,3.900862e+00,2.281775e+00,4941,5563
369,1.480817e-01,1.191022e-01,9.887897e-02,4.758759e-01,3.770411e+01,2.131080e+01,8.424265e+00,3.874259e+00,2.512145e+00,4952,5548
370,1.476908e-01,1.198236e-01,9.850326e-02,4.712601e-01,3.515240e+01,1.965004e+01,8.420318e+00,3.748130e+00,2.465856e+00,4972,5548
371,1.469953e-01,1.194270e-01,9.804644e-02,4.724274e-01,3.046160e+01,1.788284e+01,8.377598e+00,3.751596e+00,2.632337e+00,4985,5527
372,1.460133e-01,1.188829e-01,9.736361e-02,4.780388e-01,3.265722e+01,1.382935e+01,8.301039e+00,3.505675e+00,2.066333e+00,5011,5500
373,1.448160e-01,1.171670e-01,9.737737e-02,4.809456e-01,3.092237e+01,1.952913e+01,8.216207e+00,3.609876e+00,2.264870e+00,5014,5485
374,1.440289e-01,1.151910e-01,9.737806e-02,4.805031e-01,3.544429e+01,3.099129e+01,8.065577e+00,3.418092e+00,2.005732e+00,4997,5525
375,1.436684e-01,1.132977e-01,9.730687e-02,4.767075e-01,3.697980e+01,2.964714e+01,8.099381e+00,3.391236e+00,1.841924e+00,5013,5510
376,1.433203e-01,1.115920e-01,9.721826e-02,4.705276e-01,3.263876e+01,1.736880e+01,8.082515e+00,3.244662e+00,1.776590e+00,5014,5515
377,1.427560e-01,1.099684e-01,9.607549e-02,4.757843e-01,3.216386e+01,1.749370e+01,8.023984e+00,3.337304e+00,1.933001e+00,4995,5558
378,1.419233e-01,1.087099e-01,9.658170e-02,4.610062e-01,3.225259e+01,2.243927e+01,7.959515e+00,3.280230e+00,2.048430e+00,4978,5560
379,1.411102e-01,1.081484e-01,9.709097e-02,4.601021e-01,3.085217e+01,2.267075e+01,7.914824e+00,3.176262e+00,2.194144e+00,4972,5568
380,1.409244e-01,1.072395e-01,9.755222e-02,4.572296e-01,3.310212e+01,3.076871e+01,7.823353e+00,3.242602e+00,2.370823e+00,4987,5552
381,1.405309e-01,1.083497e-01,9.817367e-02,4.519482e-01,3.614024e+01,2.368646e+01,7.686183e+00,3.464684e+00,2.455927e+00,4984,5537
382,1.399580e-01,1.073859e-01,9.916554e-02,4.506645e-01,3.483533e+01,1.936982e+01,7.652067e+00,3.750133e+00,2.591220e+00,4995,5507
383,1.396691e-01,1.066894e-01,9.985811e-02,4.493046e-01,3.438098e+01,2.766570e+01,7.669328e+00,3.844369e+00,2.662941e+00,4984,5510
384,1.394475e-01,1.071687e-01,1.037093e-01,4.458523e-01,3.475219e+01,1.687785e+01,7.641058e+00,4.199687e+00,2.871903e+00,4990,5506
385,1.389435e-01,1.068369e-01,1.020576e-01,4.405823e-01,3.432500e+01,2.596049e+01,7.605522e+00,4.726232e+00,2.974705e+00,4971,5514
386,1.387205e-01,1.063034e-01,1.051611e-01,4.363861e-01,3.778954e+01,3.140281e+01,7.497416e+00,5.157271e+00,2.988737e+00,4978,5549
387,1.387744e-01,1.079508e-01,1.067172e-01,4.379158e-01,4.261438e+01,3.009893e+01,7.386106e+00,5.422869e+00,3.076234e+00,4985,5532
388,1.386988e-01,1.088315e-01,1.077638e-01,4.372368e-01,4.019338e+01,2.733932e+01,7.246918e+00,5.423790e+00,3.022700e+00,4974,5551
389,1.385449e-01,1.114784e-01,1.090522e-01,5.034103e-01,4.051572e+01,1.961537e+01,7.257117e+00,5.780732e+00,3.151047e+00,4970,5537
390,1.383953e-01,1.130164e-01,1.105340e-01,4.296761e-01,4.191342e+01,1.798443e+01,7.272217e+00,6.163198e+00,3.423374e+00,4986,5516
391,1.383280e-01,1.146886e-01,1.141228e-01,4.481573e-01,4.416862e+01,3.726798e+01,7.270803e+00,7.129158e+00,3.571228e+00,4980,5561
392,1.381548e-01,1.155029e-01,1.160698e-01,4.888563e-01,5.177785e+01,3.719705e+01,7.148024e+00,6.875958e+00,3.456804e+00,5003,5551
393,1.384084e-01,1.164796e-01,1.177393e-01,5.587234e-01,5.368381e+01,2.675010e+01,7.141987e+00,7.309722e+00,3.570787e+00,5019,5563
394,1.385283e-01,1.201142e-01,1.208039e-01,4.893570e-01,4.819558e+01,3.712579e+01,7.116114e+00,7.471251e+00,4.003315e+00,5018,5561
395,1.386162e-01,1.218922e-01,1.226564e-01,5.320721e-01,5.209201e+01,2.850705e+01,7.542968e+00,8.030019e+00,4.085309e+00,5006,5561
396,1.388446e-01,1.238605e-01,1.231807e-01,6.055870e-01,5.978944e+01,2.849192e+01,7.304755e+00,8.193190e+00,3.823243e+00,4993,5584
397,1.390234e-01,1.256271e-01,1.243428e-01,6.258736e-01,6.798014e+01,2.863513e+01,7.858972e+00,8.549160e+00,3.931256e+00,5008,5525
398,1.391138e-01,1.272947e-01,1.259566e-01,6.697116e-01,6.854144e+01,3.378702e+01,8.443726e+00,9.835736e+00,4.353911e+00,5013,5510
