0.11588010204082266, -0.0033687094155847586
0.43797831632653583, 0.18372480384199097
0.3612882653061291, 0.17170248656679554
0.3612882653061291, 0.16163370666248933
0.3612882653061291, 0.15156492675818312
0.3612882653061291, 0.1414961468538769
0.3612882653061291, 0.1314273669495707
0.3612882653061291, 0.12135858704526448
0.3612882653061291, 0.11184918380230857
0.20790816326531214, 0.1023483424470264
0.3612882653061291, 0.09227100065504645
0.3612882653061291, 0.08052409076668932
0.20790816326531214, 0.07214200273410776
0.20790816326531214, 0.062073222829801544
0.20790816326531214, 0.05200444292549533
0.3612882653061291, 0.04080834781081477
0.20790816326531214, 0.031866883116882905
0.20790816326531214, 0.02179810321257669
0.20790816326531214, 0.011729323308270478
1.2815688775510239, 0.3984783514183181
1.3429209183673514, 0.35937449803485966
1.1793154761904816, 0.3383510682482719
1.2815688775510239, 0.32156406048264563
1.1281887755102105, 0.3137413491114145
1.1281887755102105, 0.3036725692071083
1.1281887755102105, 0.29444285429482764
1.2815688775510239, 0.28017018754272005
0.9748086734693935, 0.27347479138186337
0.9748086734693935, 0.2634060114775574
0.9748086734693935, 0.25333723157325116
1.2815688775510239, 0.23877631460279458
0.9748086734693935, 0.23319967176463852
0.9748086734693935, 0.2231308918603323
0.9748086734693935, 0.2130621119560261
1.4860756802721156, 0.4132904170938707
1.4860756802721156, 0.3830840773809522
1.2815688775510239, 0.37414546664957815
1.7417091836734748, 0.4882326199020274
1.7417091836734748, 0.46809506009341495
1.7417091836734748, 0.45802628018910874
1.7417091836734748, 0.4479575002848025
1.5883290816326578, 0.4278285023638638
2.048469387755109, 0.5586969554568235
2.048469387755109, 0.5486281755525173
2.048469387755109, 0.5385593956482111
2.048469387755109, 0.5284906157439049
2.048469387755109, 0.5184218358395987
2.048469387755109, 0.5083530559352925
1.8950892857142918, 0.49829283791865997
1.8950892857142918, 0.47815527811004743
2.406356292517014, 0.6179709038220548
2.406356292517014, 0.5877645641091361
2.355229591836739, 0.5771392615060374
2.201849489795922, 0.568757173473456
2.661989795918373, 0.6727755468215991
2.661989795918373, 0.6627067669172928
2.661989795918373, 0.6526379870129866
3.1221301020408205, 0.7256109556561855
2.9687500000000036, 0.7113554126794255
2.9687500000000036, 0.7012866327751193
2.9687500000000036, 0.691217852870813
2.81536989795919, 0.6828357648382316
2.81536989795919, 0.6392043852529046
3.326636904761912, 0.7611199578017009
3.2755102040816375, 0.7482571485532008
3.2755102040816375, 0.7381883686488946
3.6333971088435426, 0.78795291377117
3.5822704081632715, 0.7750901045226699
4.042410714285719, 0.8241497208931416
3.889030612244902, 0.8103137104123943
3.889030612244902, 0.8019230604921391
4.349170918367353, 0.8494443910438974
4.195790816326536, 0.8371466663818634
4.655931122448983, 0.8690054504158119
4.349170918367353, 0.8572756643028021
5.024043367346945, 0.8847593237354747
5.269451530612251, 0.9002962959007363
5.652901785714292, 0.9125811777312596
5.959661989795922, 0.9243109638442695
6.496492346938783, 0.9402232320858962
7.110012755102044, 0.9561312193836862
7.723533163265312, 0.9691024792093867
8.337053571428573, 0.9803956090510364
8.95057397959184, 0.9916887388926858
9.564094387755109, 1.0029818687343355
10.2389668367347, 1.012677350336067
11.097895408163271, 1.0238728746582362
11.711415816326532, 1.0325089653584716
12.70838647959184, 1.0405642746781725
13.490625000000005, 1.0474009419856456
14.47225765306123, 1.0569674244797596
15.392538265306126, 1.0619504431058704
16.312818877551027, 1.0641365784252295
17.233099489795922, 1.0663227137445883
18.153380102040817, 1.066271342418546
19.07366071428572, 1.0623043344630512
19.993941326530614, 1.0566591965235055
20.914221938775515, 1.049895305261259
21.83450255102041, 1.040893907353611
22.141262755102044, 1.0330455103193588
23.06154336734694, 1.0285191257025135
23.98182397959184, 1.023433364424318
24.82541454081633, 1.0163940657752333
25.822385204081638, 1.0127024652065768
26.742665816326532, 1.0115323405578336
27.662946428571434, 1.0086840859250397
28.58322704081633, 1.0075139612762964
29.503507653061224, 1.008581343272955
30.423788265306126, 1.0057330886401608
31.34406887755102, 1.003444210668717
32.26434948979592, 1.0050709693267255
33.18463010204081, 1.0022227146939315
34.10491071428572, 0.9999338367224877
35.02519132653062, 1.0004418420577958
35.94547193877551, 1.0003904707317535
36.86575255102041, 0.9958640861149082
37.7860331632653, 0.9969314681115665
38.70631377551021, 0.9974394734468744
39.626594387755105, 0.9951505954754307
40.546875, 0.9956586008107386
41.46715561224491, 0.9972853594687473
42.387436224489804, 0.9944371048359533
43.3077168367347, 0.9938263568485605
44.22799744897959, 0.9971312454906203
45.14827806122449, 0.9948423675191764
46.0685586734694, 0.9925534895477327
46.98883928571429, 0.9964177548511428
47.90911989795919, 0.9952476302023996
48.82940051020408, 0.9923993755696056
49.74968112244899, 0.9945855108889645
50.669961734693885, 0.9962122695469733
51.59024234693878, 0.9922452615914784
52.510522959183675, 0.9938720202494871
53.43080357142857, 0.9960581555688461
54.35108418367348, 0.993209900936052
55.27136479591837, 0.9931585296100096
56.19164540816327, 0.995904041590719
57.11192602040816, 0.9936151636192752
58.03220663265307, 0.9918856623091818
58.952487244897966, 0.9957499276125918
59.87276785714286, 0.9940204263024984
60.793048469387756, 0.9917315483310547
61.71332908163265, 0.994477060311764
62.63360969387756, 0.9955444423084223
63.553890306122454, 0.9915774343529276
64.47417091836735, 0.9932041930109361
65.39445153061224, 0.9953903283302952
66.31473214285714, 0.9919826970361507
67.23501275510205, 0.9924907023714586
68.15529336734694, 0.995236214352168
69.07557397959184, 0.9923879597193739
69.99585459183673, 0.9912178350706309
70.91613520408164, 0.9950821003740409
71.83641581632654, 0.9933525990639476
72.75669642857143, 0.9910637210925037
73.67697704081633, 0.9943686097345634
74.59725765306122, 0.9948766150698714
75.51753826530613, 0.9909096071143766
76.43781887755102, 0.9930957424337357
77.35809948979592, 0.9947225010917443
78.27838010204081, 0.9913148697975999
79.19866071428572, 0.9918228751329078
80.11894132653062, 0.9945683871136172
81.03922193877551, 0.991720132480823
81.9595025510204, 0.9911093844934303
82.8797831632653, 0.99441427313549
83.80006377551021, 0.9926847718253966
84.7203443877551, 0.9903958938539528
85.640625, 0.9942601591573629
86.5609056122449, 0.9930900345086198
87.4811862244898, 0.9902417798758257
88.4014668367347, 0.9924279151951847
89.3217474489796, 0.9940546738531935
90.24202806122449, 0.9900876658976986
91.16230867346938, 0.9917144245557072
92.08258928571429, 0.9939005598750663
93.00286989795919, 0.9910523052422722
93.92315051020408, 0.9910009339162298
94.84343112244898, 0.9943058225582895
95.76371173469387, 0.9914575679254953
96.68399234693878, 0.9897280666154019
97.60427295918367, 0.993592331918812
98.52455357142857, 0.9924222072700689
99.44483418367346, 0.9895739526372749
100.36511479591837, 0.9923194646179841
101.28539540816327, 0.9933868466146425
102.20567602040816, 0.9894198386591477
103.12595663265307, 0.9910465973171563
104.04623724489795, 0.9937921092978657
104.96651785714286, 0.9903844780037212
105.88679846938774, 0.9903331066776788
106.80707908163265, 0.9930786186583882
107.72735969387756, 0.9907897406869444
108.64764030612244, 0.9896196160382014
109.56792091836735, 0.992924504680261
110.48820153061223, 0.9911950033701677
111.40848214285714, 0.9889061253987239
112.32876275510205, 0.9922110140407836
113.24904336734693, 0.9927190193760915
114.16932397959184, 0.9887520114205968
115.08960459183675, 0.9909381467399558
116.00988520408163, 0.9925649053979644
116.93016581632654, 0.9891572741038199
117.85044642857142, 0.9896652794391279
118.77072704081633, 0.9924107914198372
119.69100765306123, 0.9895625367870432
120.61128826530611, 0.9889517887996505
121.53156887755102, 0.9922566774417102
122.4518494897959, 0.9905271761316168
123.37213010204081, 0.988238298160173
124.29241071428572, 0.992102563463583
125.2126913265306, 0.9909324388148399
126.13297193877551, 0.9880841841820458
127.05325255102039, 0.9902703195014049
127.9735331632653, 0.9918970781594135
128.8938137755102, 0.9879300702039187
129.8140943877551, 0.9895568288619274
130.734375, 0.9917429641812865
131.6546556122449, 0.9888947095484923
132.5749362244898, 0.98884333822245
133.4952168367347, 0.9910294735418089
134.41549744897958, 0.9892999722317155
135.3357780612245, 0.9875704709216221
136.2560586734694, 0.9908753595636818
137.17633928571428, 0.990264611576289
138.0966198979592, 0.989094486927546
139.01690051020407, 0.9890431156015036
