0.9748086734693935, -0.002857279325207074
1.8950892857142918, -0.0017898973285488395
2.81536989795919, -0.0018412686545912216
3.735650510204085, -0.0018926399806336036
4.7326211734693935, -0.002787357242538535
5.5762117346938815, -0.010945409214323965
6.496492346938783, -0.02050618378332225
7.416772959183678, -0.02950758169097023
8.337053571428573, -0.0340339663078153
9.103954081632654, -0.03072051577808188
9.717474489795922, -0.02068598342447059
10.791135204081638, 0.006104163106629867
11.097895408163271, 0.014477689251537695
11.558035714285719, 0.026198913476873642
12.3249362244898, 0.040140520572263805
13.091836734693882, 0.04121646445659577
13.70535714285715, 0.02943530701754349
14.165497448979597, 0.015984581482114013
14.779017857142858, 0.0019659173976604993
14.779017857142858, -0.00922161582934633
15.085778061224492, -0.022663779477102075
15.392538265306126, -0.03610594312485782
15.852678571428573, -0.04787853867623637
16.619579081632654, -0.054633868050809165
17.386479591836736, -0.039573507632718385
17.539859693877556, -0.029513289616085903
17.84661989795919, -0.01610537351902508
18.153380102040817, 0.004015062514239887
18.46014030612245, 0.01742297861130071
18.766900510204085, 0.037543414644565676
19.07366071428572, 0.0509513307416265
19.68718112244898, 0.06266399307928872
20.300701530612248, 0.05423909560833873
20.60746173469388, 0.03744067199248091
20.914221938775515, 0.020642248376623096
21.527742346938776, -0.021345248775347825
21.83450255102041, -0.043178062343358636
22.141262755102044, -0.05662022599111438
22.754783163265312, -0.06336699347801344
23.368303571428573, -0.04997620115630008
23.675063775510207, -0.03153389510708626
24.186330782312925, -0.01254362824675348
24.288584183673475, 0.007028846975392744
24.288584183673475, -0.0013618029448625446
24.5953443877551, 0.02714928300865771
24.902104591836736, 0.04055719910571853
25.515625000000004, 0.04947297813662921
26.12914540816327, 0.03713244403622662
26.4359056122449, 0.016977760452266732
27.049426020408166, -0.01997534674755097
27.3561862244898, -0.04013003033151086
27.662946428571434, -0.0535721939792666
28.276466836734695, -0.06367522143426774
28.889987244897963, -0.053640689080656445
29.196747448979597, -0.03687651301549355
29.503507653061224, -0.013399817014126514
29.810267857142858, 0.010076878987240523
30.11702806122449, 0.03019731502050549
30.423788265306126, 0.04696149108566838
31.037308673469393, 0.06650542668223558
31.650829081632654, 0.060318035856686825
31.95758928571429, 0.04351961224082901
32.26434948979592, 0.02000866868876705
32.87786989795919, -0.02197882846320387
32.87786989795919, -0.030369478383458937
33.18463010204081, -0.050524161967418824
33.491390306122454, -0.06732258558327664
34.10491071428572, -0.08022249634502954
34.718431122448976, -0.06739108068466648
35.02519132653062, -0.04727064465140152
35.48533163265306, -0.016250925609478495
35.331951530612244, -0.02715020861813655
35.638711734693885, 0.003039007319434628
35.94547193877551, 0.026515703320801665
36.25223214285714, 0.04663613935406663
36.55899234693878, 0.06340031541922952
37.17251275510205, 0.07399422443419112
37.7860331632653, 0.05326304041353347
38.09279336734694, 0.03310835682957358
38.399553571428584, 0.012953673245613695
38.70631377551021, -0.020626050210754254
39.01307397959184, -0.04413699376281621
39.31983418367348, -0.06764793731487817
39.933354591836746, -0.08278535472203252
40.546875, -0.07442895235247216
40.85363520408164, -0.05766477628730926
41.16039540816327, -0.034188080285942224
41.773915816326536, 0.01947783165299599
42.08067602040816, 0.04295452765436303
42.387436224489804, 0.05971870371952592
43.00095663265307, 0.07590637934799105
43.614477040816325, 0.05965020861813608
43.921237244897966, 0.042851785002278264
44.22799744897959, 0.02101897143426723
44.22799744897959, 0.012628321514012164
44.84151785714286, -0.03774982555821382
45.14827806122449, -0.05790450914217371
45.45503826530613, -0.07470293275803153
46.0685586734694, -0.08424658355168235
46.68207908163265, -0.0663807779391663
46.98883928571429, -0.04793847188995226
47.29559948979592, -0.017749255952381082
47.60235969387756, 0.009083700017088026
47.90911989795919, 0.03591665598655713
48.21588010204083, 0.05268083205172003
48.82940051020408, 0.0755810276163893
49.44292091836735, 0.06939363679084054
49.74968112244899, 0.052595213174982725
50.05644132653062, 0.029084269622920766
50.669961734693885, -0.024650137417407292
50.97672193877551, -0.05151734093757132
51.28348214285715, -0.07167202452153121
51.89700255102041, -0.08513131194463441
52.510522959183675, -0.07174051962292105
52.817283163265316, -0.051620083589656085
53.73756377551021, 0.02887878431875124
53.73756377551021, 0.02048813439849595
54.04432397959184, 0.048999220352016204
54.35108418367348, 0.0657633964171791
54.96460459183673, 0.07467917544808977
55.578125, 0.05730425139553397
55.88488520408164, 0.035471437827523156
56.19164540816327, 0.011960494275461198
56.498405612244895, -0.014906709244702832
56.805165816326536, -0.04177391276486686
57.11192602040816, -0.06528485631692882
57.418686224489804, -0.07872701996468456
57.878826530612244, -0.08714335554796104
58.3389668367347, -0.07877839129072695
58.645727040816325, -0.06201421522556405
58.952487244897966, -0.038537519224197014
59.566007653061234, 0.01177213274663913
59.87276785714286, 0.03524882874800617
60.17952806122449, 0.058725524749373204
60.793048469387756, 0.07435382371648802
61.406568877551024, 0.06201328961608543
61.71332908163265, 0.05024925595238061
61.71332908163265, 0.041858606032125545
62.02008928571429, 0.021703922448165658
62.63360969387756, -0.0320304845921624
62.94036989795919, -0.05889768811232643
63.24713010204081, -0.07233985176008217
63.86065051020408, -0.08523976252183507
64.47417091836735, -0.06905208689336995
64.78093112244898, -0.04893165086010498
65.08769132653062, -0.025454954858737944
65.39445153061224, 0.004734261078833235
65.70121173469389, 0.028210957080200272
66.00797193877551, 0.05168765308156731
66.31473214285714, 0.0684518291467302
66.7748724489796, 0.0768167934039643
67.23501275510205, 0.06840045782068782
67.54177295918367, 0.051602034204830005
67.84853316326532, 0.03144735062087012
67.84853316326532, 0.021378570716563905
68.30867346938776, -0.007175324675325001
68.46205357142857, -0.02228705641945794
68.76881377551021, -0.04915425993962197
69.07557397959184, -0.06930894352358186
69.6890943877551, -0.08668386757613766
70.30261479591837, -0.07608995856117584
70.609375, -0.059325782496012947
70.91613520408164, -0.03584908649464591
71.5296556122449, 0.017816825444292306
71.83641581632654, 0.04129352144565934
72.14317602040816, 0.06141395747892431
72.75669642857143, 0.07368599647793705
73.3702168367347, 0.057989202409432394
73.67697704081633, 0.03951264880952343
73.67697704081633, 0.031121998889268365
73.98373724489797, 0.01432357527341055
74.2904974489796, -0.01254362824675348
74.2904974489796, -0.022612408151059693
74.59725765306122, -0.03941083176691751
74.90401785714286, -0.06292177531897947
75.21077806122449, -0.07972019893483728
75.82429846938776, -0.08590758976038604
76.43781887755102, -0.06636365416381884
76.74457908163265, -0.046243218130553876
77.05133928571429, -0.019410262161084768
77.35809948979592, 0.00742269380838434
77.66485969387756, 0.03425564977785345
77.97161989795919, 0.05437608581111841
78.58514030612245, 0.0733606447463353
79.19866071428572, 0.06437637061403478
79.50542091836735, 0.04757794699817697
79.81218112244898, 0.029101393398268005
79.81218112244898, 0.02071074347801294
80.42570153061224, -0.02966740359421305
80.73246173469389, -0.05317834714627501
81.03922193877551, -0.0733330307302349
81.65274234693878, -0.0867923181533381
82.26626275510205, -0.07340152583162451
82.8797831632653, -0.0029543140521759437
82.57302295918367, -0.05328108979835955
82.8797831632653, -0.029804393796992512
83.49330357142857, 0.0288959080940987
83.49330357142857, 0.018827128189792486
83.80006377551021, 0.04733821414331274
84.10682397959184, 0.06410239020847563
84.7203443877551, 0.07357754590073662
85.33386479591837, 0.05396511520277958
85.640625, 0.03381043161881969
85.94738520408163, 0.006943228098655663
86.25414540816327, -0.019923975421508366
86.5609056122449, -0.046791178941672396
86.86766581632654, -0.06694586252563228
87.4811862244898, -0.08655829322358932
88.09470663265306, -0.08043939749943041
88.4014668367347, -0.06367522143426751
88.70822704081633, -0.04019852543290048
89.01498724489797, -0.015043699447482517
89.3217474489796, 0.013467386506037737
89.62850765306122, 0.036944082507404774
89.93526785714286, 0.05706451854066974
90.54878826530613, 0.07269281750778456
91.16230867346938, 0.062030413391433115
91.46906887755102, 0.04355385979152415
91.77582908163265, 0.016686656271360123
92.38934948979592, -0.033691490800865864
92.69610969387755, -0.06055869432102989
93.00286989795919, -0.07735711793688771
93.61639030612245, -0.08746014539188884
94.22991071428571, -0.07071309310207341
94.53667091836735, -0.050592657068808444
94.84343112244898, -0.023759701099339336
95.15019132653062, 0.0030732548701297713
95.45695153061224, 0.026549950871496808
95.76371173469387, 0.050026646872863845
96.07047193877551, 0.06679082293802674
96.53061224489795, 0.07515578719526084
96.9907525510204, 0.06673945161198436
97.29751275510205, 0.04994102799612654
97.60427295918367, 0.03146447439621758
97.60427295918367, 0.023073824475962512
97.9110331632653, 0.002919140892002625
98.21779336734694, -0.023948062628161404
98.52455357142857, -0.05081526614832543
98.83131377551021, -0.07096994973228532
99.44483418367346, -0.0877854971234906
100.05835459183673, -0.0777509647698793
100.36511479591837, -0.05763052873661434
100.671875, -0.0341538327352473
101.5921556122449, 0.04298877520505795
101.89891581632654, 0.059752951270220844
102.51243622448979, 0.07202499026923359
103.12595663265307, 0.05632819620072893
103.4327168367347, 0.036173512616769044
103.73947704081633, 0.009306309096605014
104.04623724489795, -0.014204634455456944
104.35299744897958, -0.04107183797562097
104.65975765306123, -0.06458278152768293
104.96651785714286, -0.08138120514354075
105.4266581632653, -0.08979754072681723
105.88679846938774, -0.08143257646958313
106.1935586734694, -0.0680246603725223
106.80707908163265, -0.021071268369788232
107.11383928571428, 0.005761687599680876
107.4205994897959, 0.032594643569149984
107.72735969387756, 0.05271507960241495
108.34088010204081, 0.07169963853763184
108.95440051020407, 0.06271536440533132
109.26116071428572, 0.045916940789473504
109.56792091836735, 0.022405997237411546
110.1814413265306, -0.03132840980291651
110.48820153061223, -0.05483935335497847
110.79496173469389, -0.07499403693893836
111.40848214285714, -0.08845332436204156
112.02200255102042, -0.0750625320403282
112.32876275510205, -0.054942096007063235
113.24904336734693, 0.022200511933242018
113.55580357142858, 0.045677207934609054
113.86256377551021, 0.06244138399977195
114.47608418367346, 0.07191653969203293
115.08960459183675, 0.05230410899407589
115.39636479591837, 0.032149425410116006
115.703125, 0.005282221889951977
116.00988520408163, -0.021584981630212052
116.31664540816325, -0.04845218515037608
116.62340561224491, -0.06860686873433597
117.23692602040816, -0.08821929943229301
117.85044642857142, -0.0821004037081341
118.15720663265307, -0.0653362276429712
118.4639668367347, -0.041859531641604164
118.77072704081633, -0.018382835640237127
119.07748724489795, 0.016840770249487047
119.07748724489795, 0.00845012032923198
119.38424744897958, 0.03863933626680316
119.69100765306123, 0.058759772300068125
120.30452806122449, 0.07159118796043118
120.91804846938774, 0.05869127719867828
121.2248086734694, 0.038536593614718395
121.53156887755102, 0.015025650062656437
122.14508928571428, -0.008502417264752982
122.14508928571428, -0.04206501694577369
122.4518494897959, -0.06221970052973358
122.75860969387756, -0.0790181241455914
123.37213010204081, -0.08968052826194306
123.98565051020407, -0.0723740993107771
124.29241071428572, -0.04889740330941006
124.59917091836735, -0.025420707308043022
124.90593112244898, 0.0014122486614260854
125.2126913265306, 0.028245204630895415
125.51945153061223, 0.04836564066416038
125.82621173469389, 0.06512981672932328
126.28635204081633, 0.07349478098655737
126.74649234693877, 0.0650784454032809
127.05325255102039, 0.04828002178742308
127.36001275510205, 0.02476907823536112
127.82015306122449, -0.010497337092731929
127.9735331632653, -0.02896532880496694
128.28029336734693, -0.0524762723570289
128.58705357142856, -0.07263095594098878
129.20057397959184, -0.08944650333219406
129.8140943877551, -0.07941197097858277
130.12085459183672, -0.06264779491341987
130.42761479591837, -0.035814838943950766
131.04113520408163, 0.022885462947140445
131.04113520408163, 0.014494813026885378
131.34789540816325, 0.041327768996354486
131.6546556122449, 0.05809194506151738
132.26817602040816, 0.07036398406053013
132.88169642857142, 0.05466718999202547
133.18845663265307, 0.03451250640806558
133.80197704081633, -0.01922190063226248
134.10873724489795, -0.04273284418432444
134.41549744897958, -0.0662437877363864
134.72225765306123, -0.08304221135224421
135.18239795918367, -0.09145854693552069
135.64253826530611, -0.08309358267828659
135.94929846938774, -0.06968566658122577
136.2560586734694, -0.04117458062770574
136.56281887755102, -0.02105414459444077
136.86957908163265, 0.004100681390977412
137.17633928571428, 0.03428989732854859
137.17633928571428, 0.025899247408293302
137.4830994897959, 0.04937594340966034
