1313958.570,95124,0
1313958.637,95125,0
1313958.704,95126,0
1313958.770,95127,0
1313958.837,95128,0
1313958.904,95129,0
1313958.971,95130,0
1313959.037,95131,0
1313959.104,95132,0
1313959.171,95133,0
1313959.237,95134,0
1313959.304,95135,0
1313959.371,95136,0
1313959.437,95137,0
1313959.504,95138,0
1313959.571,95139,0
1313959.638,95140,0
1313959.704,95141,0
1313959.771,95142,0
1313959.845,95143,0
1313959.904,95144,0
1313959.971,95145,0
1313960.038,95146,0
1313960.104,95147,0
1313960.171,95148,0
1313960.238,95149,0
1313960.304,95150,0
1313960.371,95151,0
1313960.438,95152,0
1313960.504,95153,0
1313960.571,95154,0
1313960.638,95155,0
1313960.705,95156,0
1313960.771,95157,0
1313960.838,95158,0
1313960.905,95159,0
1313960.971,95160,0
1313961.038,95161,0
1313961.105,95162,0
1313961.171,95163,0
1313961.238,95164,0
1313961.305,95165,0
1313961.372,95166,0
1313961.438,95167,0
1313961.505,95168,0
1313961.572,95169,0
1313961.638,95170,0
1313961.705,95171,0
1313961.772,95172,0
1313961.838,95173,0
1313961.905,95174,0
1313961.972,95175,0
1313962.039,95176,0
1313962.105,95177,0
1313962.172,95178,0
1313962.239,95179,0
1313962.305,95180,0
1313962.372,95181,0
1313962.439,95182,0
1313962.505,95183,0
1313962.575,95184,0
1313962.639,95185,0
1313962.705,95186,0
1313962.772,95187,0
1313962.839,95188,0
1313962.906,95189,0
1313962.972,95190,0
1313963.039,95191,0
1313963.106,95192,0
1313963.172,95193,0
1313963.239,95194,0
1313963.306,95195,0
1313963.372,95196,0
1313963.439,95197,0
1313963.506,95198,0
1313963.573,95199,0
1313963.639,95200,0
1313963.706,95201,0
1313963.773,95202,0
1313963.839,95203,0
1313963.906,95204,0
1313963.973,95205,0
1313964.040,95206,0
1313964.106,95207,0
1313964.173,95208,0
1313964.240,95209,0
1313964.306,95210,0
1313964.373,95211,0
1313964.440,95212,0
1313964.506,95213,0
1313964.573,95214,0
1313964.640,95215,0
1313964.706,95216,0
1313964.773,95217,0
1313964.840,95218,0
1313964.907,95219,0
1313964.973,95220,0
1313965.040,95221,0
1313965.107,95222,0
1313965.173,95223,0
1313965.240,95224,0
1313965.321,95225,0
1313965.373,95226,0
1313965.440,95227,0
1313965.507,95228,0
1313965.573,95229,0
1313965.640,95230,0
1313965.707,95231,0
1313965.774,95232,0
1313965.840,95233,0
1313965.907,95234,0
1313965.974,95235,0
1313966.040,95236,0
1313966.107,95237,0
1313966.174,95238,0
1313966.241,95239,0
1313966.307,95240,0
1313966.374,95241,0
1313966.441,95242,0
1313966.507,95243,0
1313966.574,95244,0
1313966.641,95245,0
1313966.707,95246,0
1313966.774,95247,0
1313966.841,95248,0
1313966.907,95249,0
1313966.974,95250,0
1313967.041,95251,0
1313967.108,95252,0
1313967.174,95253,0
1313967.241,95254,0
1313967.308,95255,0
1313967.374,95256,0
1313967.441,95257,0
1313967.508,95258,0
1313967.574,95259,0
1313967.645,95260,0
1313967.708,95261,0
1313967.775,95262,0
1313967.841,95263,0
1313967.908,95264,0
1313967.975,95265,0
1313968.041,95266,0
1313968.108,95267,0
1313968.175,95268,0
1313968.241,95269,0
1313968.308,95270,0
1313968.375,95271,0
1313968.441,95272,0
1313968.508,95273,0
1313968.575,95274,0
1313968.642,95275,0
1313968.708,95276,0
1313968.775,95277,0
1313968.842,95278,0
1313968.908,95279,0
1313968.975,95280,0
1313969.042,95281,0
1313969.108,95282,0
1313969.175,95283,0
1313969.242,95284,0
1313969.309,95285,0
1313969.375,95286,0
1313969.442,95287,0
1313969.509,95288,0
1313969.575,95289,0
1313969.642,95290,0
1313969.709,95291,0
1313969.775,95292,0
1313969.842,95293,0
1313969.909,95294,0
1313969.985,95295,0
1313970.042,95296,0
1313970.109,95297,0
1313970.176,95298,0
1313970.242,95299,0
1313970.309,95300,0
1313970.376,95301,0
1313970.442,95302,0
1313970.509,95303,0
1313970.576,95304,0
1313970.642,95305,0
1313970.709,95306,0
1313970.776,95307,0
1313970.843,95308,0
1313970.909,95309,0
1313970.976,95310,0
1313971.043,95311,0
1313971.109,95312,0
1313971.176,95313,0
1313971.243,95314,0
1313971.309,95315,0
1313971.376,95316,0
1313971.443,95317,0
1313971.510,95318,0
1313971.576,95319,0
1313971.643,95320,0
1313971.710,95321,0
1313971.776,95322,0
1313971.843,95323,0
1313971.910,95324,0
1313971.977,95325,0
1313972.043,95326,0
1313972.110,95327,0
1313972.176,95328,0
1313972.243,95329,0
1313972.310,95330,0
1313972.377,95331,0
1313972.443,95332,0
1313972.510,95333,0
1313972.577,95334,0
1313972.643,95335,0
1313972.715,95336,0
1313972.777,95337,0
1313972.844,95338,0
1313972.910,95339,0
1313972.977,95340,0
1313973.043,95341,0
1313973.110,95342,0
1313973.177,95343,0
1313973.244,95344,0
1313973.310,95345,0
1313973.377,95346,0
1313973.444,95347,0
1313973.510,95348,0
1313973.577,95349,0
1313973.644,95350,0
1313973.711,95351,0
1313973.777,95352,0
1313973.844,95353,0
1313973.911,95354,0
1313973.977,95355,0
1313974.044,95356,0
1313974.111,95357,0
1313974.177,95358,0
1313974.244,95359,0
1313974.311,95360,0
1313974.378,95361,0
1313974.444,95362,0
1313974.511,95363,0
1313974.578,95364,0
1313974.644,95365,0
1313974.711,95366,0
1313974.778,95367,0
1313974.844,95368,0
1313974.911,95369,0
1313974.978,95370,0
1313975.055,95371,0
1313975.111,95372,0
1313975.178,95373,0
1313975.245,95374,0
1313975.311,95375,0
1313975.378,95376,0
1313975.445,95377,0
1313975.511,95378,0
1313975.578,95379,0
1313975.645,95380,0
1313975.711,95381,0
1313975.778,95382,0
1313975.845,95383,0
1313975.912,95384,0
1313975.978,95385,0
1313976.045,95386,0
1313976.112,95387,0
1313976.178,95388,0
1313976.245,95389,0
1313976.312,95390,0
1313976.378,95391,0
1313976.445,95392,0
1313976.512,95393,0
1313976.579,95394,0
1313976.645,95395,0
1313976.712,95396,0
1313976.779,95397,0
1313976.845,95398,0
1313976.912,95399,0
1313976.979,95400,0
1313977.045,95401,0
1313977.112,95402,0
1313977.179,95403,0
1313977.245,95404,0
1313977.312,95405,0
1313977.379,95406,0
1313977.446,95407,0
1313977.512,95408,0
1313977.579,95409,0
1313977.646,95410,0
1313977.712,95411,0
1313977.785,95412,0
1313977.846,95413,0
1313977.913,95414,0
1313977.979,95415,0
1313978.046,95416,0
1313978.113,95417,0
1313978.179,95418,0
1313978.246,95419,0
1313978.313,95420,0
1313978.379,95421,1,1,1.024,0.624
1313978.446,95422,1,1,1.024,0.625
1313978.513,95423,1,1,1.024,0.625
1313978.579,95424,1,1,1.024,0.625
1313978.646,95425,0
1313978.713,95426,0
1313978.779,95427,0
1313978.846,95428,3,1,1.068,0.642,2,1.026,0.624,3,0.978,0.600
1313978.913,95429,9,1,1.069,0.642,2,1.027,0.626,3,0.978,0.603,4,0.940,0.592,5,0.891,0.573,6,0.853,0.565,7,0.769,0.530,8,0.686,0.496,9,0.602,0.463
1313978.980,95430,8,1,1.069,0.642,2,1.028,0.626,3,0.979,0.603,4,0.891,0.573,5,0.853,0.566,6,0.770,0.531,7,0.686,0.496,8,0.603,0.463
1313979.046,95431,9,1,1.070,0.642,2,1.029,0.626,3,0.979,0.604,4,0.940,0.592,5,0.892,0.574,6,0.853,0.566,7,0.770,0.531,8,0.687,0.496,9,0.603,0.463
1313979.113,95432,9,1,1.070,0.642,2,1.029,0.626,3,0.980,0.603,4,0.941,0.594,5,0.893,0.574,6,0.854,0.566,7,0.770,0.531,8,0.687,0.496,9,0.603,0.464
1313979.180,95433,9,1,1.071,0.642,2,1.030,0.627,3,0.980,0.604,4,0.943,0.594,5,0.893,0.574,6,0.855,0.567,7,0.771,0.532,8,0.688,0.496,9,0.604,0.464
1313979.246,95434,9,1,1.072,0.643,2,1.030,0.627,3,0.981,0.604,4,0.943,0.595,5,0.893,0.575,6,0.855,0.567,7,0.771,0.532,8,0.688,0.497,9,0.604,0.465
1313979.313,95435,9,1,1.072,0.643,2,1.031,0.627,3,0.981,0.604,4,0.944,0.595,5,0.894,0.575,6,0.855,0.567,7,0.772,0.532,8,0.688,0.497,9,0.605,0.465
1313979.380,95436,9,1,1.073,0.643,2,1.031,0.627,3,0.981,0.604,4,0.944,0.595,5,0.894,0.575,6,0.856,0.567,7,0.772,0.532,8,0.689,0.497,9,0.605,0.465
1313979.447,95437,9,1,1.073,0.643,2,1.031,0.627,3,0.983,0.604,4,0.945,0.593,5,0.895,0.575,6,0.857,0.568,7,0.773,0.533,8,0.690,0.498,9,0.606,0.465
1313979.513,95438,7,1,1.032,0.628,2,0.983,0.604,3,0.896,0.575,4,0.857,0.567,5,0.773,0.533,6,0.690,0.498,7,0.606,0.466
1313979.580,95439,7,1,1.033,0.627,2,0.983,0.604,3,0.897,0.575,4,0.858,0.567,5,0.774,0.533,6,0.690,0.498,7,0.607,0.466
1313979.647,95440,8,1,1.033,0.627,2,0.983,0.604,3,0.945,0.593,4,0.897,0.575,5,0.858,0.568,6,0.774,0.534,7,0.691,0.499,8,0.607,0.467
1313979.713,95441,8,1,1.033,0.627,2,0.985,0.605,3,0.947,0.595,4,0.897,0.576,5,0.859,0.568,6,0.775,0.534,7,0.691,0.499,8,0.608,0.467
1313979.780,95442,8,1,1.034,0.628,2,0.985,0.606,3,0.947,0.596,4,0.897,0.576,5,0.859,0.569,6,0.775,0.534,7,0.691,0.499,8,0.608,0.467
1313979.847,95443,8,1,1.035,0.628,2,0.985,0.605,3,0.948,0.596,4,0.898,0.576,5,0.859,0.569,6,0.775,0.534,7,0.692,0.499,8,0.608,0.467
1313979.913,95444,8,1,1.035,0.628,2,0.986,0.606,3,0.948,0.597,4,0.899,0.577,5,0.860,0.570,6,0.776,0.535,7,0.692,0.500,8,0.609,0.468
1313979.980,95445,8,1,1.035,0.628,2,0.986,0.606,3,0.948,0.597,4,0.899,0.577,5,0.861,0.569,6,0.776,0.535,7,0.693,0.500,8,0.610,0.468
1313980.047,95446,8,1,1.036,0.629,2,0.986,0.607,3,0.949,0.597,4,0.899,0.577,5,0.861,0.570,6,0.777,0.535,7,0.693,0.500,8,0.610,0.468
1313980.125,95447,8,1,1.036,0.629,2,0.987,0.606,3,0.950,0.597,4,0.899,0.577,5,0.861,0.570,6,0.777,0.536,7,0.694,0.500,8,0.610,0.468
1313980.180,95448,8,1,1.037,0.629,2,0.987,0.606,3,0.949,0.597,4,0.899,0.577,5,0.862,0.570,6,0.777,0.536,7,0.694,0.501,8,0.610,0.468
1313980.247,95449,9,1,1.079,0.645,2,1.037,0.629,3,0.988,0.607,4,0.950,0.596,5,0.900,0.577,6,0.863,0.570,7,0.778,0.536,8,0.694,0.501,9,0.611,0.469
1313980.313,95450,8,1,1.079,0.645,2,1.038,0.630,3,0.989,0.607,4,0.902,0.577,5,0.863,0.570,6,0.778,0.536,7,0.695,0.501,8,0.612,0.469
1313980.380,95451,9,1,1.078,0.648,2,1.037,0.631,3,0.989,0.607,4,0.951,0.596,5,0.902,0.576,6,0.864,0.569,7,0.779,0.536,8,0.696,0.500,9,0.612,0.469
1313980.447,95452,8,1,1.075,0.653,2,1.037,0.634,3,0.990,0.608,4,0.953,0.597,5,0.867,0.567,6,0.781,0.533,7,0.698,0.499,8,0.612,0.470
1313980.515,95453,8,1,1.074,0.658,2,1.036,0.636,3,0.990,0.609,4,0.954,0.597,5,0.868,0.565,6,0.784,0.531,7,0.699,0.498,8,0.612,0.472
1313980.580,95454,9,1,1.074,0.660,2,1.036,0.639,3,0.989,0.613,4,0.954,0.601,5,0.869,0.566,6,0.821,0.541,7,0.786,0.529,8,0.699,0.498,9,0.611,0.473
1313980.647,95455,12,1,1.077,0.658,2,1.036,0.641,3,0.987,0.618,4,0.951,0.607,5,0.903,0.580,6,0.867,0.569,7,0.821,0.543,8,0.785,0.530,9,0.736,0.506,10,0.699,0.498,11,0.647,0.480,12,0.612,0.474
1313980.714,95456,13,1,1.082,0.651,2,1.038,0.642,3,0.986,0.623,4,0.948,0.616,5,0.900,0.590,6,0.864,0.578,7,0.819,0.550,8,0.784,0.535,9,0.735,0.510,10,0.700,0.499,11,0.650,0.481,12,0.613,0.473,13,0.560,0.453
1313980.780,95457,13,1,1.085,0.642,2,1.040,0.639,3,0.987,0.627,4,0.947,0.623,5,0.898,0.601,6,0.861,0.590,7,0.816,0.561,8,0.782,0.544,9,0.735,0.518,10,0.701,0.503,11,0.652,0.483,12,0.616,0.471,13,0.564,0.452
1313980.847,95458,13,1,1.042,0.637,2,1.088,0.636,3,0.949,0.626,4,0.988,0.627,5,0.898,0.608,6,0.861,0.600,7,0.814,0.572,8,0.779,0.555,9,0.733,0.527,10,0.701,0.510,11,0.652,0.486,12,0.619,0.471,13,0.570,0.450
1313980.914,95459,13,1,1.090,0.640,2,1.045,0.634,3,0.992,0.622,4,0.953,0.616,5,0.900,0.605,6,0.862,0.601,7,0.813,0.578,8,0.777,0.566,9,0.731,0.538,10,0.698,0.522,11,0.652,0.493,12,0.619,0.475,13,0.573,0.450
1313980.980,95460,13,1,1.086,0.656,2,1.047,0.637,3,0.997,0.614,4,0.961,0.601,5,0.870,0.589,6,0.906,0.592,7,0.817,0.575,8,0.780,0.567,9,0.731,0.544,10,0.696,0.530,11,0.650,0.503,12,0.617,0.486,13,0.572,0.457
1313981.047,95461,13,1,1.075,0.685,2,1.047,0.648,3,1.005,0.616,4,0.975,0.593,5,0.922,0.578,6,0.885,0.571,7,0.831,0.559,8,0.794,0.556,9,0.742,0.541,10,0.704,0.533,11,0.655,0.511,12,0.620,0.498,13,0.572,0.472
1313981.114,95462,13,1,1.057,0.714,2,1.044,0.670,3,1.012,0.627,4,0.989,0.595,5,0.941,0.571,6,0.907,0.556,7,0.853,0.544,8,0.816,0.536,9,0.723,0.528,10,0.761,0.530,11,0.669,0.516,12,0.633,0.511,13,0.580,0.493
1313981.181,95463,13,1,1.048,0.734,2,1.043,0.688,3,1.017,0.641,4,1.000,0.607,5,0.958,0.571,6,0.926,0.549,7,0.876,0.529,8,0.839,0.517,9,0.746,0.516,10,0.653,0.513,11,0.783,0.514,12,0.691,0.512,13,0.598,0.506
1313981.247,95464,13,1,1.060,0.749,2,1.044,0.705,3,1.016,0.657,4,1.000,0.624,5,0.963,0.584,6,0.935,0.555,7,0.890,0.526,8,0.857,0.508,9,0.615,0.507,10,0.672,0.505,11,0.710,0.500,12,0.764,0.497,13,0.803,0.500
1313981.314,95465,13,1,1.092,0.749,2,1.054,0.718,3,1.022,0.676,4,1.000,0.649,5,0.963,0.603,6,0.939,0.574,7,0.899,0.540,8,0.868,0.510,9,0.814,0.499,10,0.627,0.492,11,0.684,0.491,12,0.776,0.491,13,0.722,0.489
1313981.381,95466,13,1,1.118,0.736,2,1.077,0.726,3,1.031,0.695,4,0.999,0.675,5,0.963,0.632,6,0.940,0.604,7,0.900,0.564,8,0.873,0.539,9,0.817,0.513,10,0.785,0.498,11,0.696,0.483,12,0.733,0.487,13,0.641,0.476
1313981.447,95467,12,1,1.107,0.722,2,1.150,0.711,3,1.053,0.707,4,1.015,0.701,5,0.971,0.666,6,0.940,0.643,7,0.902,0.602,8,0.876,0.574,9,0.828,0.546,10,0.795,0.526,11,0.713,0.478,12,0.662,0.463
1313981.514,95468,13,1,1.040,0.706,2,1.134,0.700,3,1.079,0.702,4,0.986,0.690,5,0.948,0.681,6,1.174,0.681,7,0.906,0.645,8,0.876,0.622,9,0.831,0.586,10,0.801,0.565,11,0.741,0.504,12,0.733,0.508,13,0.689,0.463
1313981.581,95469,13,1,0.965,0.704,2,1.004,0.702,3,1.061,0.699,4,1.098,0.689,5,0.914,0.685,6,0.877,0.672,7,1.152,0.677,8,1.192,0.658,9,0.835,0.633,10,0.807,0.607,11,0.766,0.544,12,0.751,0.529,13,0.718,0.487
1313981.648,95470,13,1,0.990,0.708,2,0.895,0.700,3,0.933,0.704,4,1.024,0.697,5,1.077,0.683,6,1.116,0.673,7,0.846,0.671,8,1.170,0.660,9,0.814,0.649,10,1.214,0.652,11,0.781,0.604,12,0.761,0.572,13,0.732,0.524
1313981.714,95471,13,1,0.921,0.708,2,0.960,0.705,3,1.016,0.699,4,0.870,0.686,5,1.050,0.684,6,0.835,0.671,7,1.239,0.670,8,1.103,0.663,9,1.140,0.661,10,1.196,0.657,11,0.794,0.632,12,0.769,0.604,13,0.732,0.561
1313981.781,95472,13,1,1.264,0.700,2,0.955,0.695,3,0.897,0.687,4,0.990,0.688,5,0.860,0.676,6,1.048,0.676,7,1.229,0.670,8,1.081,0.665,9,1.173,0.659,10,1.137,0.649,11,0.787,0.628,12,0.783,0.633,13,0.739,0.590
1313981.848,95473,13,1,1.287,0.733,2,1.257,0.699,3,0.986,0.668,4,0.893,0.666,5,1.207,0.672,6,0.928,0.664,7,1.024,0.662,8,1.079,0.652,9,1.118,0.653,10,1.174,0.654,11,0.842,0.641,12,0.807,0.624,13,0.754,0.608
1313981.914,95474,13,1,1.307,0.765,2,1.276,0.733,3,1.232,0.698,4,1.202,0.673,5,1.149,0.653,6,1.113,0.641,7,0.927,0.632,8,1.020,0.634,9,1.058,0.638,10,0.962,0.633,11,0.871,0.622,12,0.783,0.618,13,0.836,0.616
1313981.981,95475,13,1,1.330,0.781,2,1.290,0.763,3,1.247,0.729,4,1.216,0.704,5,1.171,0.673,6,1.138,0.651,7,1.090,0.626,8,0.819,0.611,9,1.055,0.608,10,1.000,0.599,11,0.870,0.590,12,0.962,0.590,13,0.905,0.589
1313982.048,95476,13,1,1.306,0.779,2,1.351,0.780,3,1.257,0.753,4,1.224,0.735,5,1.181,0.698,6,1.152,0.674,7,1.113,0.635,8,1.086,0.607,9,0.863,0.584,10,1.038,0.580,11,0.911,0.559,12,1.004,0.563,13,0.947,0.558
1313982.114,95477,13,1,1.339,0.781,2,1.383,0.769,3,1.285,0.767,4,1.246,0.760,5,1.196,0.723,6,1.170,0.705,7,1.136,0.660,8,1.113,0.631,9,1.065,0.589,10,1.040,0.571,11,0.896,0.559,12,0.950,0.552,13,0.987,0.557
1313982.181,95478,13,1,1.283,0.778,2,1.377,0.768,3,1.320,0.772,4,1.230,0.755,5,1.418,0.750,6,1.193,0.743,7,1.156,0.697,8,1.135,0.670,9,1.091,0.622,10,1.070,0.599,11,1.016,0.577,12,0.985,0.566,13,0.930,0.553
1313982.248,95479,13,1,1.324,0.777,2,1.229,0.772,3,1.266,0.772,4,1.361,0.765,5,1.415,0.748,6,1.177,0.735,7,1.456,0.731,8,1.152,0.716,9,1.113,0.674,10,1.087,0.645,11,1.039,0.616,12,1.005,0.598,13,0.962,0.565
1313982.315,95480,13,1,1.266,0.777,2,1.304,0.767,3,1.211,0.764,4,1.175,0.757,5,1.360,0.757,6,1.399,0.744,7,1.451,0.728,8,1.496,0.724,9,1.127,0.724,10,1.095,0.705,11,1.049,0.669,12,1.017,0.651,13,0.989,0.601
1313982.381,95481,13,1,1.205,0.776,2,1.113,0.762,3,1.150,0.765,4,1.243,0.768,5,1.299,0.762,6,1.336,0.746,7,1.389,0.730,8,1.527,0.731,9,1.048,0.712,10,1.431,0.725,11,1.484,0.719,12,1.032,0.708,13,1.012,0.654
1313982.448,95482,13,1,1.149,0.784,2,1.186,0.781,3,1.243,0.778,4,1.072,0.749,5,1.280,0.762,6,1.556,0.750,7,1.062,0.752,8,1.333,0.743,9,1.371,0.730,10,1.519,0.724,11,1.464,0.717,12,1.425,0.712,13,1.026,0.705
1313982.515,95483,13,1,1.192,0.784,2,1.589,0.780,3,1.230,0.772,4,1.136,0.770,5,1.101,0.764,6,1.285,0.758,7,1.558,0.748,8,1.321,0.741,9,1.051,0.738,10,1.373,0.722,11,1.503,0.724,12,1.415,0.716,13,1.470,0.710
1313982.581,95484,13,1,1.620,0.818,2,1.591,0.784,3,1.240,0.759,4,1.145,0.755,5,1.180,0.756,6,1.087,0.753,7,1.526,0.731,8,1.274,0.745,9,1.329,0.726,10,1.509,0.727,11,1.366,0.719,12,1.461,0.715,13,1.422,0.709
1313982.648,95485,13,1,1.656,0.851,2,1.620,0.824,3,1.576,0.782,4,1.549,0.758,5,1.131,0.744,6,1.184,0.725,7,1.499,0.731,8,1.221,0.722,9,1.280,0.719,10,1.466,0.715,11,1.316,0.709,12,1.412,0.704,13,1.374,0.698
1313982.715,95486,13,1,1.691,0.871,2,1.648,0.857,3,1.606,0.823,4,1.572,0.798,5,1.530,0.765,6,1.496,0.741,7,1.180,0.714,8,1.450,0.712,9,1.415,0.694,10,1.228,0.681,11,1.360,0.682,12,1.325,0.672,13,1.265,0.678
1313982.781,95487,13,1,1.676,0.875,2,1.721,0.871,3,1.628,0.855,4,1.589,0.836,5,1.549,0.802,6,1.516,0.775,7,1.482,0.735,8,1.455,0.706,9,1.232,0.676,10,1.404,0.669,11,1.375,0.651,12,1.281,0.649,13,1.319,0.648
1313982.855,95488,13,1,1.716,0.879,2,1.665,0.871,3,1.622,0.864,4,1.759,0.863,5,1.579,0.836,6,1.542,0.812,7,1.511,0.770,8,1.485,0.735,9,1.429,0.672,10,1.417,0.669,11,1.275,0.649,12,1.344,0.640,13,1.328,0.642
1313982.915,95489,13,1,1.668,0.878,2,1.711,0.872,3,1.762,0.864,4,1.614,0.861,5,1.576,0.850,6,1.804,0.844,7,1.540,0.808,8,1.513,0.778,9,1.480,0.735,10,1.458,0.702,11,1.407,0.673,12,1.369,0.656,13,1.318,0.645
1313982.981,95490,13,1,1.664,0.875,2,1.619,0.874,3,1.716,0.872,4,1.759,0.859,5,1.575,0.849,6,1.808,0.842,7,1.538,0.825,8,1.850,0.825,9,1.492,0.769,10,1.475,0.749,11,1.433,0.719,12,1.399,0.696,13,1.358,0.663
1313983.048,95491,13,1,1.668,0.877,2,1.616,0.871,3,1.710,0.866,4,1.572,0.862,5,1.760,0.850,6,1.529,0.834,7,1.802,0.836,8,1.851,0.818,9,1.493,0.812,10,1.897,0.812,11,1.451,0.778,12,1.415,0.757,13,1.389,0.710
1313983.115,95492,13,1,1.611,0.876,2,1.519,0.871,3,1.560,0.875,4,1.654,0.869,5,1.705,0.855,6,1.746,0.840,7,1.475,0.837,8,1.437,0.816,9,1.795,0.820,10,1.934,0.818,11,1.840,0.813,12,1.890,0.806,13,1.415,0.771
1313983.181,95493,13,1,1.563,0.894,2,1.605,0.887,3,1.654,0.875,4,1.512,0.878,5,1.475,0.864,6,1.695,0.857,7,1.743,0.833,8,1.965,0.834,9,1.437,0.825,10,1.784,0.818,11,1.929,0.808,12,1.877,0.803,13,1.833,0.799
1313983.248,95494,13,1,1.611,0.892,2,1.555,0.889,3,1.515,0.883,4,1.649,0.876,5,1.466,0.860,6,2.004,0.859,7,1.699,0.854,8,1.737,0.836,9,1.972,0.828,10,1.785,0.811,11,1.922,0.810,12,1.829,0.804,13,1.882,0.795
1313983.315,95495,13,1,2.045,0.893,2,1.560,0.876,3,1.502,0.875,4,1.599,0.872,5,1.657,0.868,6,2.011,0.861,7,1.690,0.848,8,1.967,0.832,9,1.743,0.820,10,1.782,0.811,11,1.931,0.809,12,1.879,0.803,13,1.834,0.799
1313983.382,95496,13,1,2.088,0.923,2,2.049,0.899,3,2.006,0.865,4,1.550,0.861,5,1.602,0.839,6,1.972,0.840,7,1.641,0.835,8,1.698,0.822,9,1.922,0.818,10,1.735,0.810,11,1.884,0.801,12,1.789,0.794,13,1.829,0.796
1313983.448,95497,13,1,2.130,0.941,2,2.086,0.930,3,2.041,0.901,4,2.002,0.877,5,1.958,0.850,6,1.920,0.826,7,1.602,0.823,8,1.873,0.804,9,1.643,0.789,10,1.685,0.786,11,1.835,0.786,12,1.741,0.776,13,1.779,0.780
1313983.515,95498,13,1,2.116,0.946,2,2.161,0.938,3,2.067,0.931,4,2.024,0.917,5,1.981,0.887,6,1.945,0.861,7,1.908,0.825,8,1.877,0.795,9,1.654,0.781,10,1.824,0.761,11,1.699,0.750,12,1.739,0.749,13,1.794,0.747
1313983.582,95499,13,1,2.155,0.948,2,2.104,0.945,3,2.058,0.942,4,2.195,0.928,5,2.014,0.917,6,1.973,0.896,7,1.942,0.855,8,1.912,0.820,9,1.872,0.779,10,1.843,0.755,11,1.699,0.748,12,1.791,0.742,13,1.752,0.734
1313983.648,95500,13,1,2.105,0.952,2,2.150,0.943,3,2.055,0.940,4,2.200,0.932,5,2.012,0.929,6,2.239,0.910,7,1.972,0.889,8,1.943,0.863,9,1.908,0.817,10,1.882,0.786,11,1.832,0.759,12,1.797,0.744,13,1.746,0.738
1313983.715,95501,13,1,2.059,0.952,2,2.103,0.949,3,2.155,0.945,4,2.012,0.929,5,2.197,0.928,6,1.973,0.907,7,2.243,0.909,8,2.285,0.888,9,1.938,0.869,10,1.911,0.836,11,1.867,0.805,12,1.829,0.780,13,1.785,0.755
1313983.782,95502,13,1,2.106,0.954,2,2.054,0.949,3,2.011,0.943,4,2.149,0.939,5,2.198,0.921,6,1.967,0.914,7,2.241,0.904,8,1.930,0.893,9,2.285,0.884,10,2.332,0.873,11,1.888,0.863,12,1.849,0.838,13,1.820,0.796
1313983.849,95503,13,1,2.001,0.953,2,2.052,0.955,3,1.957,0.949,4,2.094,0.944,5,2.144,0.930,6,1.918,0.922,7,2.188,0.910,8,1.876,0.899,9,2.233,0.889,10,2.278,0.879,11,2.372,0.876,12,2.327,0.868,13,1.850,0.856
1313983.915,95504,13,1,2.005,0.976,2,2.046,0.966,3,1.955,0.962,4,2.095,0.953,5,1.915,0.948,6,2.136,0.931,7,1.876,0.911,8,2.181,0.906,9,2.222,0.886,10,2.403,0.890,11,2.269,0.864,12,2.314,0.864,13,2.364,0.865
1313983.982,95505,13,1,2.052,0.973,2,1.999,0.972,3,1.956,0.969,4,2.092,0.953,5,1.908,0.947,6,2.137,0.930,7,2.176,0.907,8,2.444,0.911,9,2.221,0.881,10,2.408,0.882,11,2.265,0.870,12,2.359,0.868,13,2.313,0.857
1313984.049,95506,13,1,2.001,0.962,2,1.945,0.959,3,2.043,0.957,4,2.097,0.948,5,2.489,0.943,6,2.133,0.925,7,2.451,0.911,8,2.176,0.897,9,2.407,0.886,10,2.220,0.881,11,2.315,0.864,12,2.366,0.866,13,2.270,0.863
1313984.115,95507,13,1,2.533,0.971,2,1.993,0.948,3,2.493,0.946,4,2.041,0.927,5,2.086,0.914,6,2.450,0.916,7,2.134,0.905,8,2.412,0.893,9,2.174,0.884,10,2.362,0.875,11,2.221,0.863,12,2.266,0.862,13,2.318,0.862
1313984.182,95508,13,1,2.577,0.988,2,2.531,0.977,3,2.487,0.950,4,2.447,0.928,5,2.040,0.910,6,2.401,0.903,7,2.359,0.883,8,2.078,0.876,9,2.126,0.868,10,2.311,0.865,11,2.174,0.856,12,2.218,0.853,13,2.270,0.852
1313984.249,95509,13,1,2.565,0.994,2,2.610,0.985,3,2.516,0.980,4,2.470,0.968,5,2.427,0.941,6,2.387,0.918,7,2.347,0.885,8,2.091,0.865,9,2.310,0.861,10,2.128,0.831,11,2.263,0.835,12,2.175,0.827,13,2.224,0.818
1313984.315,95510,13,1,2.550,0.994,2,2.503,0.993,3,2.599,0.995,4,2.458,0.970,5,2.640,0.972,6,2.416,0.950,7,2.382,0.912,8,2.352,0.882,9,2.311,0.845,10,2.134,0.827,11,2.278,0.820,12,2.226,0.813,13,2.182,0.808
1313984.382,95511,13,1,2.552,1.002,2,2.596,0.990,3,2.498,0.990,4,2.455,0.982,5,2.643,0.978,6,2.684,0.951,7,2.415,0.945,8,2.381,0.918,9,2.349,0.875,10,2.318,0.846,11,2.272,0.824,12,2.177,0.812,13,2.231,0.812
1313984.449,95512,14,1,2.502,1.001,2,2.549,0.998,3,2.601,0.992,4,2.457,0.980,5,2.643,0.973,6,2.415,0.959,7,2.688,0.951,8,2.381,0.923,9,2.730,0.926,10,2.352,0.891,11,2.307,0.863,12,2.268,0.842,13,2.218,0.821,101,2.737,0.932
1313984.516,95513,15,1,2.501,0.998,2,2.557,1.000,3,2.457,0.995,4,2.595,0.987,5,2.413,0.967,6,2.645,0.967,7,2.377,0.945,8,2.686,0.946,9,2.331,0.920,10,2.730,0.923,11,2.776,0.906,12,2.291,0.896,13,2.256,0.857,101,2.740,0.927,102,2.781,0.912
1313984.582,95514,16,1,2.405,1.005,2,2.448,1.003,3,2.499,1.006,4,2.542,0.994,5,2.362,0.975,6,2.592,0.978,7,2.319,0.956,8,2.634,0.957,9,2.680,0.932,10,2.292,0.911,11,2.724,0.917,12,2.818,0.903,13,2.771,0.901,101,2.724,0.925,102,2.823,0.908,103,2.779,0.906
1313984.649,95515,17,1,2.453,1.030,2,2.403,1.016,3,2.495,1.017,4,2.363,1.005,5,2.542,1.002,6,2.584,0.978,7,2.323,0.968,8,2.627,0.949,9,2.665,0.928,10,2.849,0.914,11,2.711,0.900,12,2.758,0.896,13,2.807,0.893,101,2.858,0.919,102,2.723,0.907,103,2.759,0.903,104,2.815,0.899
1313984.716,95516,18,1,2.448,1.027,2,2.501,1.028,3,2.404,1.026,4,2.540,1.005,5,2.355,1.004,6,2.583,0.978,7,2.622,0.953,8,2.890,0.930,9,2.663,0.922,10,2.707,0.906,11,2.851,0.903,12,2.802,0.894,13,2.754,0.887,101,2.898,0.935,102,2.716,0.914,103,2.860,0.908,104,2.804,0.900,105,2.770,0.893
1313984.782,95517,19,1,2.394,1.018,2,2.453,1.019,3,2.494,1.010,4,2.545,1.001,5,2.580,0.975,6,2.938,0.956,7,2.620,0.944,8,2.662,0.923,9,2.899,0.928,10,2.852,0.906,11,2.707,0.900,12,2.755,0.895,13,2.807,0.891,101,2.939,0.961,102,2.905,0.934,103,2.837,0.903,104,2.740,0.904,105,2.765,0.902,106,2.818,0.897
1313984.849,95518,20,1,2.439,1.006,2,2.487,0.986,3,2.986,0.983,4,2.530,0.972,5,2.582,0.958,6,2.944,0.959,7,2.617,0.934,8,2.899,0.933,9,2.857,0.913,10,2.659,0.908,11,2.706,0.900,12,2.805,0.900,13,2.759,0.892,101,2.985,0.988,102,2.946,0.965,103,2.887,0.930,104,2.866,0.917,105,2.723,0.907,106,2.804,0.902,107,2.780,0.899
1313984.916,95519,21,1,3.033,0.999,2,2.986,0.989,3,2.483,0.971,4,2.940,0.963,5,2.898,0.945,6,2.519,0.935,7,2.567,0.922,8,2.848,0.923,9,2.615,0.907,10,2.804,0.907,11,2.656,0.898,12,2.753,0.895,13,2.711,0.889,101,3.032,1.003,102,2.988,0.993,103,2.937,0.968,104,2.908,0.949,105,2.838,0.918,106,2.823,0.914,107,2.770,0.902,108,2.735,0.896
1313984.982,95520,22,1,3.022,1.005,2,3.067,0.996,3,2.972,0.992,4,2.927,0.980,5,2.880,0.956,6,2.838,0.939,7,2.529,0.926,8,2.793,0.911,9,2.751,0.890,10,2.566,0.884,11,2.612,0.874,12,2.704,0.873,13,2.660,0.863,101,3.029,1.010,102,3.073,0.999,103,2.974,0.996,104,2.940,0.986,105,2.875,0.953,106,2.854,0.944,107,2.809,0.916,108,2.779,0.895,109,2.722,0.881
1313985.049,95521,23,1,2.956,1.009,2,3.004,1.008,3,3.055,1.006,4,2.911,0.986,5,3.094,0.982,6,2.867,0.970,7,2.830,0.932,8,2.793,0.905,9,2.571,0.880,10,2.751,0.874,11,2.617,0.853,12,2.662,0.851,13,2.713,0.853,101,2.973,1.012,102,3.011,1.012,103,3.067,1.010,104,2.922,0.992,105,3.107,0.985,106,2.890,0.975,107,2.847,0.937,108,2.821,0.911,109,2.771,0.881,110,2.743,0.860
1313985.116,95522,24,1,3.001,1.016,2,2.950,1.006,3,3.048,1.005,4,2.905,0.999,5,3.096,0.990,6,2.867,0.964,7,3.133,0.961,8,2.827,0.938,9,2.793,0.899,10,2.759,0.872,11,2.612,0.856,12,2.708,0.857,13,2.664,0.848,101,3.022,1.020,102,2.960,1.010,103,3.055,1.008,104,2.930,1.003,105,3.109,0.994,106,2.886,0.968,107,3.146,0.963,108,2.859,0.943,109,2.814,0.905,110,2.790,0.878,111,2.730,0.862
1313985.182,95523,25,1,2.957,1.020,2,3.000,1.013,3,3.051,1.006,4,2.904,0.995,5,3.095,0.987,6,2.863,0.979,7,3.143,0.962,8,2.818,0.928,9,3.177,0.933,10,2.796,0.912,11,2.754,0.890,12,2.711,0.871,13,2.654,0.856,101,2.978,1.024,102,3.014,1.017,103,3.069,1.011,104,2.927,1.000,105,2.894,0.983,106,3.100,0.990,107,3.152,0.962,108,2.848,0.943,109,3.186,0.936,110,2.828,0.914,111,2.768,0.890,112,2.738,0.875
1313985.249,95524,24,1,3.004,1.020,2,2.951,1.015,3,2.914,1.009,4,3.048,1.004,5,2.863,0.983,6,3.095,0.983,7,2.825,0.960,8,3.139,0.960,9,2.780,0.938,10,3.184,0.930,11,2.736,0.916,12,2.696,0.882,101,3.027,1.024,102,2.971,1.020,103,2.936,1.015,104,3.058,1.008,105,3.111,0.985,106,2.857,0.967,107,3.139,0.963,108,2.804,0.943,109,3.189,0.932,110,2.768,0.921,111,3.227,0.912,112,2.721,0.889
1313985.316,95525,24,1,2.858,1.018,2,2.901,1.019,3,2.955,1.021,4,2.995,1.012,5,2.812,0.993,6,3.045,0.997,7,2.765,0.973,8,3.088,0.975,9,3.132,0.946,10,2.736,0.932,11,3.178,0.929,101,2.978,1.027,102,2.919,1.024,103,2.882,1.019,104,3.012,1.017,105,3.066,1.000,106,2.833,0.996,107,2.795,0.979,108,3.094,0.979,109,3.143,0.948,110,2.760,0.937,111,3.175,0.931,112,3.226,0.908,113,3.271,0.903
1313985.382,95526,24,1,2.906,1.046,2,2.858,1.035,3,2.946,1.035,4,2.812,1.024,5,2.994,1.020,6,3.035,0.995,7,2.773,0.987,8,3.078,0.964,9,3.118,0.940,10,3.167,0.907,11,3.200,0.903,101,2.933,1.052,102,2.876,1.038,103,2.965,1.039,104,2.841,1.029,105,3.023,1.024,106,3.049,0.999,107,2.799,0.992,108,3.096,0.967,109,3.123,0.943,110,3.171,0.912,111,3.306,0.911,112,3.206,0.905,113,3.262,0.896
1313985.449,95527,23,1,2.854,1.047,2,2.900,1.048,3,2.953,1.046,4,2.806,1.026,5,2.992,1.024,6,3.033,0.996,7,3.073,0.968,8,3.112,0.933,9,3.156,0.915,10,3.194,0.893,101,2.890,1.053,102,2.925,1.053,103,2.981,1.050,104,2.837,1.032,105,3.011,1.030,106,3.060,0.999,107,3.086,0.972,108,3.131,0.938,109,3.347,0.924,110,3.162,0.918,111,3.307,0.899,112,3.216,0.893,113,3.250,0.896
1313985.516,95528,22,1,2.897,1.047,2,2.845,1.041,3,2.947,1.039,4,2.998,1.020,5,3.032,0.994,6,3.068,0.960,7,3.110,0.937,8,3.151,0.909,9,3.197,0.899,101,2.879,1.048,102,2.936,1.050,103,2.971,1.044,104,3.029,1.023,105,3.052,0.998,106,3.097,0.964,107,3.391,0.946,108,3.125,0.940,109,3.352,0.919,110,3.178,0.910,111,3.294,0.900,112,3.209,0.902,113,3.264,0.891
1313985.585,95529,21,1,2.889,1.033,2,2.939,1.014,3,2.981,0.999,4,3.031,0.980,5,3.065,0.953,6,3.110,0.919,7,3.154,0.908,8,3.195,0.895,101,2.920,1.039,102,2.972,1.019,103,3.002,1.003,104,3.062,0.984,105,3.437,0.970,106,3.088,0.957,107,3.398,0.948,108,3.134,0.923,109,3.337,0.917,110,3.168,0.911,111,3.313,0.906,112,3.252,0.899,113,3.223,0.897
1313985.649,95530,20,1,2.933,1.000,2,2.969,0.962,3,3.014,0.947,4,3.063,0.927,5,3.105,0.911,6,3.156,0.896,7,3.193,0.897,101,2.959,1.005,102,3.485,0.985,103,3.441,0.974,104,3.000,0.967,105,3.386,0.949,106,3.039,0.950,107,3.357,0.933,108,3.089,0.931,109,3.123,0.916,110,3.301,0.914,111,3.270,0.904,112,3.181,0.899,113,3.214,0.899
1313985.716,95531,19,1,2.977,0.950,2,3.005,0.910,3,3.056,0.894,4,3.192,0.891,5,3.149,0.881,6,3.106,0.875,101,3.482,0.990,102,3.527,0.980,103,3.428,0.978,104,3.393,0.970,105,3.002,0.955,106,3.339,0.947,107,3.306,0.932,108,3.043,0.911,109,3.255,0.909,110,3.075,0.898,111,3.223,0.893,112,3.165,0.885,113,3.127,0.877
1313985.783,95532,18,1,3.019,0.900,2,3.193,0.874,3,3.059,0.867,4,3.105,0.861,5,3.155,0.857,101,3.427,0.995,102,3.463,0.995,103,3.520,0.991,104,3.370,0.975,105,3.557,0.965,106,3.339,0.961,107,3.295,0.928,108,3.043,0.905,109,3.266,0.902,110,3.208,0.873,111,3.088,0.871,112,3.125,0.864,113,3.181,0.859
1313985.849,95533,17,1,3.057,0.869,2,3.195,0.867,3,3.152,0.857,4,3.105,0.853,101,3.474,1.004,102,3.410,0.994,103,3.380,0.988,104,3.507,0.991,105,3.561,0.974,106,3.332,0.953,107,3.595,0.942,108,3.305,0.931,109,3.253,0.889,110,3.083,0.872,111,3.229,0.871,112,3.168,0.860,113,3.138,0.857
1313985.928,95534,14,1,3.157,0.865,2,3.101,0.860,101,3.430,1.007,102,3.464,1.001,103,3.521,0.991,104,3.377,0.984,105,3.551,0.971,106,3.343,0.967,107,3.601,0.941,108,3.294,0.928,109,3.634,0.911,110,3.272,0.902,111,3.185,0.872,112,3.125,0.864
1313985.983,95535,15,1,3.184,0.907,2,3.144,0.880,101,3.479,1.008,102,3.419,1.004,103,3.393,1.003,104,3.511,0.991,105,3.336,0.971,106,3.563,0.966,107,3.303,0.951,108,3.591,0.942,109,3.251,0.927,110,3.216,0.913,111,3.638,0.908,112,3.676,0.884,113,3.166,0.884
1313986.050,95536,15,1,3.199,0.962,2,3.186,0.923,101,3.430,1.012,102,3.345,1.001,103,3.330,1.004,104,3.465,1.000,105,3.520,0.983,106,3.284,0.980,107,3.246,0.968,108,3.548,0.960,109,3.596,0.928,110,3.207,0.927,111,3.626,0.907,112,3.676,0.879,113,3.720,0.869
1313986.116,95537,13,101,3.386,1.037,102,3.327,1.026,103,3.417,1.026,104,3.294,1.016,105,3.476,1.006,106,3.501,0.983,107,3.251,0.980,108,3.548,0.950,109,3.575,0.924,110,3.620,0.890,111,3.656,0.877,112,3.756,0.874,113,3.711,0.863
1313986.183,95538,13,101,3.339,1.043,102,3.377,1.041,103,3.435,1.036,104,3.290,1.020,105,3.462,1.015,106,3.512,0.983,107,3.537,0.954,108,3.580,0.916,109,3.610,0.895,110,3.795,0.883,111,3.660,0.864,112,3.754,0.862,113,3.696,0.863
1313986.250,95539,13,101,3.388,1.039,102,3.330,1.037,103,3.421,1.030,104,3.478,1.014,105,3.502,0.985,106,3.545,0.947,107,3.572,0.921,108,3.840,0.900,109,3.620,0.887,110,3.800,0.877,111,3.654,0.874,112,3.735,0.861,113,3.707,0.857
1313986.316,95540,13,101,3.369,1.030,102,3.423,1.009,103,3.456,0.993,104,3.511,0.971,105,3.536,0.942,106,3.888,0.921,107,3.579,0.906,108,3.848,0.901,109,3.613,0.888,110,3.777,0.872,111,3.665,0.868,112,3.756,0.868,113,3.702,0.866
1313986.383,95541,13,101,3.409,0.998,102,3.450,0.958,103,3.484,0.943,104,3.937,0.935,105,3.893,0.926,106,3.537,0.916,107,3.835,0.903,108,3.568,0.897,109,3.804,0.889,110,3.735,0.872,111,3.624,0.872,112,3.656,0.869,113,3.712,0.868
1313986.450,95542,13,101,3.447,0.947,102,3.935,0.941,103,3.980,0.932,104,3.880,0.930,105,3.843,0.923,106,3.484,0.901,107,3.786,0.904,108,3.752,0.891,109,3.517,0.886,110,3.699,0.874,111,3.569,0.863,112,3.605,0.862,113,3.664,0.862
1313986.516,95543,13,101,3.876,0.951,102,3.970,0.943,103,3.915,0.947,104,3.811,0.929,105,3.784,0.920,106,4.008,0.916,107,3.485,0.893,108,3.736,0.886,109,3.706,0.869,110,3.528,0.854,111,3.563,0.844,112,3.651,0.845,113,3.618,0.834
1313986.583,95544,13,101,3.921,0.958,102,3.858,0.950,103,3.826,0.945,104,3.957,0.944,105,4.011,0.925,106,3.766,0.902,107,4.042,0.892,108,3.746,0.892,109,3.522,0.857,110,3.697,0.856,111,3.668,0.837,112,3.576,0.833,113,3.611,0.833
1313986.650,95545,13,101,3.876,0.963,102,3.912,0.956,103,3.968,0.946,104,3.809,0.933,105,3.785,0.925,106,4.001,0.924,107,4.047,0.894,108,3.731,0.879,109,3.710,0.862,110,4.080,0.861,111,3.623,0.842,112,3.658,0.846,113,3.562,0.842
1313986.716,95546,13,101,3.924,0.962,102,3.865,0.960,103,3.831,0.954,104,3.958,0.946,105,3.779,0.926,106,4.009,0.921,107,3.748,0.907,108,4.040,0.894,109,3.681,0.883,110,3.655,0.874,111,4.084,0.857,112,3.603,0.851,113,4.119,0.830
1313986.783,95547,14,101,3.875,0.969,102,3.807,0.959,103,3.822,0.966,104,3.778,0.954,105,3.913,0.958,106,3.967,0.941,107,3.726,0.937,108,3.689,0.926,109,3.996,0.917,110,3.646,0.890,111,4.043,0.882,112,4.075,0.858,113,4.120,0.825,114,4.162,0.810
1313986.850,95548,13,101,3.830,0.995,102,3.771,0.983,103,3.735,0.975,104,3.864,0.982,105,3.919,0.964,106,3.693,0.940,107,3.949,0.938,108,3.994,0.904,109,4.022,0.876,110,4.066,0.840,111,4.104,0.825,112,4.200,0.810,113,4.155,0.805
1313986.917,95549,13,101,3.788,1.003,102,3.823,1.002,103,3.880,0.996,104,3.734,0.981,105,3.911,0.973,106,3.957,0.940,107,3.983,0.910,108,4.023,0.869,109,4.054,0.844,110,4.238,0.817,111,4.100,0.811,112,4.141,0.806,113,4.196,0.799
1313986.983,95550,13,101,3.832,1.002,102,3.776,1.000,103,3.869,0.990,104,3.927,0.970,105,3.950,0.943,106,3.990,0.904,107,4.017,0.874,108,4.061,0.836,109,4.285,0.831,110,4.096,0.820,111,4.245,0.810,112,4.149,0.797,113,4.188,0.802
1313987.050,95551,13,101,3.816,0.994,102,3.871,0.972,103,3.903,0.956,104,3.956,0.932,105,3.980,0.901,106,4.021,0.861,107,4.335,0.850,108,4.055,0.841,109,4.294,0.831,110,4.106,0.813,111,4.231,0.811,112,4.145,0.808,113,4.199,0.802
1313987.117,95552,13,101,3.854,0.963,102,3.896,0.922,103,3.929,0.903,104,3.981,0.876,105,4.386,0.863,106,4.341,0.855,107,4.011,0.854,108,4.286,0.835,109,4.060,0.823,110,4.249,0.822,111,4.101,0.815,112,4.195,0.813,113,4.155,0.808
1313987.183,95553,13,101,3.892,0.913,102,3.923,0.866,103,4.385,0.870,104,4.429,0.860,105,4.332,0.860,106,4.290,0.849,107,3.958,0.848,108,4.238,0.837,109,4.197,0.827,110,4.009,0.820,111,4.144,0.815,112,4.046,0.814,113,4.107,0.807
1313987.250,95554,13,101,4.324,0.881,102,4.369,0.877,103,4.420,0.871,104,4.274,0.865,105,3.929,0.856,106,4.232,0.853,107,4.457,0.844,108,4.186,0.828,109,3.967,0.812,110,4.149,0.809,111,4.001,0.799,112,4.084,0.788,113,4.055,0.783
1313987.317,95555,13,101,4.369,0.889,102,4.317,0.882,103,4.273,0.877,104,4.410,0.873,105,4.459,0.855,106,4.228,0.849,107,4.191,0.826,108,4.489,0.821,109,3.963,0.813,110,4.137,0.795,111,4.012,0.784,112,4.105,0.779,113,4.050,0.781
1313987.383,95556,13,101,4.322,0.892,102,4.364,0.886,103,4.414,0.879,104,4.270,0.873,105,4.234,0.859,106,4.453,0.853,107,4.495,0.823,108,4.187,0.825,109,4.151,0.799,110,4.005,0.793,111,4.525,0.788,112,4.084,0.787,113,4.056,0.781
1313987.450,95557,13,101,4.319,0.892,102,4.371,0.894,103,4.279,0.887,104,4.412,0.876,105,4.227,0.859,106,4.458,0.850,107,4.191,0.841,108,4.491,0.821,109,4.116,0.818,110,4.094,0.813,111,4.046,0.797,112,4.529,0.785,113,4.562,0.755
1313987.517,95558,13,101,4.326,0.903,102,4.228,0.888,103,4.269,0.893,104,4.365,0.891,105,4.176,0.874,106,4.416,0.874,107,4.134,0.861,108,4.450,0.847,109,4.094,0.830,110,4.490,0.813,111,4.524,0.784,112,4.564,0.749,113,4.605,0.729
1313987.583,95559,13,101,4.276,0.928,102,4.182,0.910,103,4.222,0.916,104,4.314,0.913,105,4.366,0.897,106,4.142,0.876,107,4.401,0.870,108,4.442,0.837,109,4.474,0.806,110,4.512,0.769,111,4.552,0.749,112,4.598,0.725,113,4.644,0.724
1313987.650,95560,13,101,4.234,0.939,102,4.274,0.937,103,4.328,0.932,104,4.185,0.917,105,4.363,0.907,106,4.405,0.876,107,4.435,0.842,108,4.468,0.801,109,4.503,0.771,110,4.541,0.736,111,4.585,0.726,112,4.679,0.729,113,4.636,0.715
1313987.717,95561,13,101,4.280,0.940,102,4.226,0.938,103,4.319,0.928,104,4.373,0.911,105,4.402,0.877,106,4.435,0.839,107,4.466,0.805,108,4.502,0.765,109,4.540,0.744,110,4.725,0.739,111,4.684,0.720,112,4.630,0.720,113,4.587,0.717
1313987.784,95562,13,101,4.268,0.934,102,4.319,0.915,103,4.355,0.896,104,4.405,0.870,105,4.429,0.837,106,4.463,0.794,107,4.500,0.767,108,4.775,0.754,109,4.734,0.737,110,4.545,0.737,111,4.587,0.728,112,4.680,0.725,113,4.638,0.716
1313987.850,95563,13,101,4.304,0.906,102,4.345,0.866,103,4.379,0.846,104,4.426,0.815,105,4.457,0.785,106,4.826,0.765,107,4.782,0.757,108,4.499,0.751,109,4.540,0.739,110,4.730,0.742,111,4.688,0.730,112,4.591,0.726,113,4.636,0.728
1313987.925,95564,13,101,4.338,0.856,102,4.364,0.808,103,4.402,0.788,104,4.827,0.770,105,4.449,0.757,106,4.775,0.763,107,4.872,0.762,108,4.732,0.755,109,4.487,0.747,110,4.680,0.747,111,4.635,0.738,112,4.583,0.733,113,4.538,0.731
1313987.984,95565,13,101,4.372,0.795,102,4.765,0.783,103,4.811,0.779,104,4.715,0.773,105,4.862,0.772,106,4.672,0.763,107,4.403,0.749,108,4.900,0.745,109,4.624,0.743,110,4.438,0.735,111,4.584,0.727,112,4.490,0.712,113,4.527,0.717
1313988.050,95566,13,101,4.809,0.793,102,4.758,0.788,103,4.712,0.784,104,4.850,0.777,105,4.666,0.760,106,4.898,0.757,107,4.403,0.749,108,4.628,0.740,109,4.926,0.721,110,4.445,0.715,111,4.572,0.714,112,4.488,0.708,113,4.538,0.701
1313988.117,95567,13,101,4.757,0.797,102,4.803,0.791,103,4.854,0.785,104,4.709,0.778,105,4.671,0.765,106,4.894,0.758,107,4.621,0.736,108,4.935,0.728,109,4.440,0.723,110,4.583,0.716,111,4.533,0.711,112,4.488,0.707,113,4.957,0.688
1313988.184,95568,13,101,4.808,0.797,102,4.757,0.789,103,4.852,0.785,104,4.713,0.782,105,4.901,0.765,106,4.664,0.763,107,4.624,0.746,108,4.933,0.735,109,4.575,0.730,110,4.479,0.719,111,4.533,0.716,112,4.967,0.697,113,4.982,0.653
1313988.251,95569,13,101,4.800,0.798,102,4.755,0.798,103,4.851,0.795,104,4.706,0.783,105,4.890,0.774,106,4.665,0.769,107,4.936,0.749,108,4.618,0.748,109,4.575,0.733,110,4.523,0.728,111,4.962,0.711,112,4.990,0.667,113,4.997,0.622
1313988.317,95570,13,101,4.797,0.802,102,4.841,0.799,103,4.892,0.793,104,4.747,0.788,105,4.707,0.777,106,4.928,0.766,107,4.654,0.759,108,4.614,0.744,109,4.562,0.740,110,4.969,0.733,111,4.986,0.692,112,5.004,0.644,113,5.002,0.596
1313988.384,95571,13,101,4.832,0.798,102,4.875,0.794,103,4.781,0.790,104,4.738,0.780,105,4.927,0.783,106,4.689,0.765,107,4.959,0.754,108,4.594,0.750,109,4.647,0.754,110,4.996,0.717,111,5.010,0.675,112,5.021,0.623,113,5.012,0.577
1313988.451,95572,13,101,4.859,0.792,102,4.809,0.785,103,4.903,0.784,104,4.763,0.778,105,4.954,0.771,106,4.714,0.768,107,4.619,0.761,108,4.671,0.758,109,4.985,0.738,110,5.019,0.699,111,5.029,0.657,112,5.041,0.603,113,5.030,0.560
1313988.517,95573,13,101,4.883,0.783,102,4.832,0.779,103,4.786,0.776,104,4.926,0.772,105,4.641,0.768,106,4.736,0.768,107,4.692,0.762,108,4.975,0.757,109,5.005,0.722,110,5.039,0.683,111,5.048,0.641,112,5.056,0.587,113,5.044,0.544
1313988.584,95574,13,101,4.662,0.775,102,4.807,0.772,103,4.851,0.773,104,4.902,0.775,105,4.756,0.768,106,4.711,0.765,107,4.945,0.761,108,4.993,0.743,109,5.021,0.708,110,5.052,0.668,111,5.062,0.625,112,5.068,0.572,113,5.055,0.528
1313988.651,95575,13,101,4.681,0.780,102,4.730,0.768,103,4.775,0.767,104,4.826,0.768,105,4.870,0.767,106,4.920,0.766,107,4.963,0.750,108,5.009,0.731,109,5.037,0.696,110,5.069,0.653,111,5.075,0.610,112,5.078,0.556,113,5.064,0.513
1313988.717,95576,13,101,4.699,0.784,102,4.747,0.769,103,4.793,0.766,104,4.844,0.765,105,4.888,0.761,106,4.938,0.757,107,4.980,0.740,108,5.025,0.718,109,5.051,0.682,110,5.081,0.638,111,5.087,0.595,112,5.089,0.541,113,5.073,0.498
1313988.784,95577,13,101,4.718,0.786,102,4.765,0.768,103,4.809,0.765,104,4.860,0.760,105,4.904,0.754,106,4.954,0.748,107,4.995,0.729,108,5.040,0.707,109,5.066,0.670,110,5.093,0.625,111,5.100,0.582,112,5.100,0.527,113,5.083,0.484
1313988.851,95578,13,101,4.736,0.787,102,4.782,0.767,103,4.826,0.761,104,4.877,0.753,105,4.921,0.747,106,4.970,0.739,107,5.011,0.719,108,5.054,0.695,109,5.080,0.657,110,5.106,0.612,111,5.111,0.569,112,5.110,0.514,113,5.093,0.471
1313988.918,95579,13,101,4.752,0.786,102,4.799,0.765,103,4.843,0.757,104,4.893,0.748,105,4.936,0.739,106,4.985,0.727,107,5.026,0.708,108,5.070,0.682,109,5.093,0.645,110,5.117,0.599,111,5.122,0.554,112,5.120,0.501,113,5.102,0.459
1313988.984,95580,13,101,4.769,0.784,102,4.813,0.761,103,4.857,0.752,104,4.908,0.741,105,4.950,0.732,106,5.000,0.720,107,5.040,0.698,108,5.082,0.672,109,5.106,0.633,110,5.128,0.586,111,5.133,0.542,112,5.129,0.488,113,5.109,0.447
1313989.051,95581,13,101,4.784,0.781,102,4.828,0.756,103,4.871,0.747,104,4.921,0.735,105,4.964,0.724,106,5.013,0.712,107,5.052,0.688,108,5.095,0.660,109,5.118,0.621,110,5.138,0.574,111,5.142,0.530,112,5.136,0.477,113,5.116,0.435
1313989.118,95582,13,101,4.798,0.777,102,4.842,0.753,103,4.885,0.742,104,4.935,0.729,105,4.978,0.717,106,5.026,0.704,107,5.065,0.679,108,5.106,0.651,109,5.129,0.610,110,5.148,0.564,111,5.151,0.519,112,5.143,0.466,113,5.122,0.426
1313989.184,95583,13,101,4.811,0.775,102,4.854,0.748,103,4.897,0.736,104,4.946,0.723,105,4.989,0.711,106,5.038,0.696,107,5.076,0.671,108,5.118,0.641,109,5.138,0.601,110,5.158,0.553,111,5.159,0.509,112,5.150,0.456,113,5.128,0.416
1313989.251,95584,13,101,4.824,0.772,102,4.866,0.745,103,4.909,0.733,104,4.958,0.718,105,5.001,0.705,106,5.050,0.689,107,5.088,0.663,108,5.128,0.633,109,5.150,0.592,110,5.167,0.543,111,5.167,0.498,112,5.158,0.446,113,5.135,0.407
1313989.318,95585,13,101,4.837,0.769,102,4.879,0.741,103,4.922,0.728,104,4.971,0.712,105,5.012,0.698,106,5.060,0.682,107,5.098,0.655,108,5.138,0.624,109,5.158,0.583,110,5.176,0.534,111,5.175,0.490,112,5.165,0.437,113,5.142,0.398
1313989.384,95586,13,101,4.849,0.765,102,4.891,0.738,103,4.933,0.724,104,4.981,0.707,105,5.023,0.692,106,5.070,0.675,107,5.107,0.647,108,5.147,0.616,109,5.167,0.574,110,5.183,0.526,111,5.183,0.481,112,5.172,0.428,113,5.149,0.389
1313989.451,95587,13,101,4.860,0.763,102,4.901,0.734,103,4.944,0.719,104,4.991,0.701,105,5.034,0.686,106,5.081,0.668,107,5.117,0.639,108,5.156,0.608,109,5.175,0.567,110,5.190,0.516,111,5.190,0.472,112,5.179,0.420,113,5.154,0.381
1313989.518,95588,13,101,4.872,0.761,102,4.912,0.729,103,4.955,0.714,104,5.001,0.696,105,5.043,0.679,106,5.090,0.661,107,5.126,0.632,108,5.164,0.600,109,5.182,0.558,110,5.197,0.508,111,5.195,0.464,112,5.184,0.411,113,5.158,0.373
1313989.585,95589,13,101,4.883,0.757,102,4.923,0.726,103,4.964,0.709,104,5.011,0.691,105,5.052,0.673,106,5.099,0.653,107,5.135,0.624,108,5.172,0.591,109,5.190,0.549,110,5.203,0.500,111,5.201,0.455,112,5.189,0.403,113,5.163,0.366
1313989.651,95590,13,101,4.893,0.754,102,4.932,0.722,103,4.974,0.704,104,5.021,0.685,105,5.062,0.667,106,5.107,0.646,107,5.143,0.616,108,5.180,0.583,109,5.197,0.542,110,5.210,0.491,111,5.207,0.446,112,5.193,0.395,113,5.167,0.358
1313989.718,95591,13,101,4.904,0.751,102,4.942,0.718,103,4.983,0.700,104,5.031,0.680,105,5.071,0.662,106,5.117,0.640,107,5.151,0.610,108,5.187,0.576,109,5.205,0.533,110,5.217,0.483,111,5.213,0.439,112,5.198,0.387,113,5.171,0.351
1313989.784,95592,13,101,4.914,0.748,102,4.952,0.715,103,4.993,0.696,104,5.039,0.675,105,5.080,0.656,106,5.126,0.633,107,5.160,0.604,108,5.195,0.568,109,5.212,0.526,110,5.224,0.475,111,5.219,0.431,112,5.204,0.379,113,5.177,0.343
1313989.851,95593,13,101,4.925,0.745,102,4.964,0.711,103,5.003,0.692,104,5.049,0.670,105,5.089,0.650,106,5.135,0.627,107,5.168,0.596,108,5.203,0.560,109,5.220,0.519,110,5.230,0.468,111,5.225,0.423,112,5.210,0.372,113,5.182,0.336
1313989.918,95594,13,101,4.935,0.742,102,4.972,0.707,103,5.012,0.688,104,5.057,0.665,105,5.097,0.645,106,5.141,0.622,107,5.177,0.590,108,5.211,0.554,109,5.226,0.511,110,5.237,0.459,111,5.232,0.416,112,5.216,0.364,113,5.187,0.329
1313989.985,95595,13,101,4.944,0.739,102,4.981,0.703,103,5.021,0.684,104,5.066,0.661,105,5.106,0.640,106,5.150,0.616,107,5.184,0.583,108,5.218,0.546,109,5.233,0.503,110,5.244,0.450,111,5.237,0.408,112,5.220,0.357,113,5.192,0.322
1313990.051,95596,13,101,4.953,0.735,102,4.989,0.699,103,5.029,0.679,104,5.075,0.654,105,5.114,0.633,106,5.157,0.609,107,5.190,0.577,108,5.225,0.539,109,5.238,0.496,110,5.248,0.444,111,5.242,0.401,112,5.224,0.350,113,5.195,0.315
1313990.118,95597,13,101,4.961,0.731,102,4.997,0.695,103,5.037,0.674,104,5.080,0.650,105,5.120,0.627,106,5.164,0.602,107,5.196,0.569,108,5.230,0.532,109,5.243,0.489,110,5.252,0.437,111,5.246,0.393,112,5.227,0.342,113,5.198,0.308
1313990.185,95598,13,101,4.970,0.726,102,5.004,0.690,103,5.043,0.669,104,5.087,0.644,105,5.127,0.621,106,5.170,0.594,107,5.201,0.562,108,5.235,0.524,109,5.248,0.481,110,5.255,0.429,111,5.248,0.386,112,5.230,0.335,113,5.200,0.301
1313990.251,95599,13,101,4.977,0.723,102,5.011,0.686,103,5.050,0.664,104,5.094,0.639,105,5.133,0.615,106,5.176,0.589,107,5.207,0.555,108,5.240,0.517,109,5.252,0.473,110,5.258,0.421,111,5.251,0.378,112,5.231,0.328,113,5.201,0.295
1313990.318,95600,13,101,4.984,0.720,102,5.019,0.682,103,5.057,0.660,104,5.100,0.633,105,5.139,0.610,106,5.181,0.583,107,5.213,0.548,108,5.244,0.509,109,5.256,0.466,110,5.262,0.413,111,5.255,0.371,112,5.234,0.320,113,5.203,0.288
1313990.385,95601,13,101,4.991,0.717,102,5.025,0.679,103,5.064,0.655,104,5.107,0.628,105,5.144,0.604,106,5.187,0.577,107,5.218,0.542,108,5.250,0.503,109,5.261,0.458,110,5.266,0.406,111,5.258,0.363,112,5.237,0.314,113,5.206,0.281
1313990.452,95602,13,101,4.999,0.713,102,5.033,0.675,103,5.070,0.651,104,5.114,0.623,105,5.151,0.599,106,5.193,0.571,107,5.223,0.535,108,5.255,0.495,109,5.266,0.451,110,5.272,0.398,111,5.263,0.356,112,5.241,0.306,113,5.209,0.274
1313990.518,95603,13,101,5.006,0.710,102,5.039,0.670,103,5.077,0.647,104,5.120,0.618,105,5.157,0.593,106,5.198,0.564,107,5.229,0.529,108,5.261,0.489,109,5.271,0.445,110,5.277,0.392,111,5.268,0.349,112,5.246,0.299,113,5.214,0.267
1313990.585,95604,13,101,5.012,0.705,102,5.045,0.666,103,5.083,0.641,104,5.126,0.613,105,5.163,0.587,106,5.205,0.557,107,5.234,0.523,108,5.266,0.482,109,5.277,0.438,110,5.281,0.386,111,5.272,0.342,112,5.250,0.292,113,5.218,0.261
1313990.655,95605,13,101,5.018,0.700,102,5.051,0.661,103,5.088,0.636,104,5.131,0.607,105,5.169,0.581,106,5.211,0.552,107,5.240,0.517,108,5.271,0.476,109,5.281,0.431,110,5.285,0.378,111,5.275,0.336,112,5.252,0.286,113,5.220,0.255
1313990.718,95606,13,101,5.024,0.697,102,5.057,0.657,103,5.094,0.632,104,5.136,0.603,105,5.173,0.576,106,5.215,0.547,107,5.245,0.510,108,5.274,0.469,109,5.284,0.425,110,5.288,0.372,111,5.277,0.330,112,5.254,0.280,113,5.220,0.251
1313990.785,95607,13,101,5.029,0.694,102,5.061,0.653,103,5.099,0.628,104,5.140,0.598,105,5.177,0.573,106,5.218,0.541,107,5.248,0.505,108,5.278,0.463,109,5.287,0.419,110,5.289,0.367,111,5.278,0.323,112,5.255,0.275,113,5.221,0.245
1313990.852,95608,13,101,5.034,0.690,102,5.066,0.650,103,5.103,0.624,104,5.145,0.594,105,5.180,0.567,106,5.221,0.535,107,5.250,0.500,108,5.280,0.456,109,5.290,0.413,110,5.291,0.360,111,5.279,0.318,112,5.256,0.269,113,5.222,0.240
1313990.918,95609,13,101,5.039,0.688,102,5.071,0.647,103,5.108,0.620,104,5.150,0.589,105,5.185,0.562,106,5.225,0.530,107,5.253,0.494,108,5.283,0.451,109,5.290,0.406,110,5.293,0.354,111,5.283,0.312,112,5.258,0.264,113,5.223,0.234
1313990.985,95610,13,101,5.044,0.684,102,5.075,0.642,103,5.112,0.616,104,5.154,0.584,105,5.190,0.556,106,5.229,0.525,107,5.257,0.488,108,5.286,0.445,109,5.293,0.401,110,5.297,0.348,111,5.285,0.306,112,5.261,0.258,113,5.227,0.228
1313991.052,95611,13,101,5.049,0.679,102,5.080,0.637,103,5.116,0.611,104,5.157,0.579,105,5.193,0.551,106,5.233,0.519,107,5.261,0.482,108,5.289,0.439,109,5.298,0.395,110,5.301,0.342,111,5.288,0.300,112,5.265,0.251,113,5.230,0.222
1313991.118,95612,13,101,5.054,0.675,102,5.084,0.633,103,5.120,0.606,104,5.161,0.574,105,5.197,0.547,106,5.237,0.513,107,5.264,0.477,108,5.294,0.433,109,5.302,0.389,110,5.303,0.336,111,5.291,0.294,112,5.267,0.246,113,5.232,0.216
1313991.185,95613,13,101,5.058,0.669,102,5.089,0.628,103,5.124,0.601,104,5.165,0.568,105,5.201,0.541,106,5.241,0.508,107,5.268,0.471,108,5.297,0.427,109,5.304,0.384,110,5.305,0.330,111,5.293,0.288,112,5.268,0.241,113,5.234,0.211
1313991.252,95614,13,101,5.063,0.666,102,5.092,0.624,103,5.128,0.596,104,5.168,0.564,105,5.203,0.536,106,5.243,0.503,107,5.271,0.465,108,5.299,0.421,109,5.304,0.377,110,5.307,0.325,111,5.294,0.283,112,5.270,0.235,113,5.235,0.206
1313991.319,95615,13,101,5.065,0.662,102,5.095,0.619,103,5.131,0.592,104,5.171,0.559,105,5.206,0.530,106,5.245,0.498,107,5.272,0.460,108,5.301,0.415,109,5.307,0.371,110,5.309,0.318,111,5.296,0.277,112,5.271,0.228,113,5.236,0.200
1313991.385,95616,13,101,5.069,0.658,102,5.098,0.615,103,5.133,0.587,104,5.174,0.554,105,5.209,0.525,106,5.248,0.492,107,5.275,0.454,108,5.303,0.410,109,5.309,0.364,110,5.311,0.312,111,5.297,0.271,112,5.272,0.223,113,5.238,0.194
1313991.452,95617,13,101,5.071,0.653,102,5.101,0.610,103,5.136,0.583,104,5.176,0.549,105,5.211,0.521,106,5.250,0.486,107,5.277,0.449,108,5.305,0.404,109,5.312,0.360,110,5.314,0.307,111,5.300,0.265,112,5.274,0.217,113,5.239,0.188
1313991.519,95618,13,101,5.074,0.648,102,5.104,0.605,103,5.138,0.577,104,5.179,0.544,105,5.214,0.515,106,5.253,0.481,107,5.280,0.443,108,5.307,0.399,109,5.313,0.355,110,5.315,0.301,111,5.301,0.259,112,5.275,0.212,113,5.241,0.183
1313991.585,95619,13,101,5.077,0.644,102,5.106,0.600,103,5.141,0.573,104,5.181,0.540,105,5.216,0.510,106,5.255,0.475,107,5.282,0.437,108,5.309,0.393,109,5.315,0.350,110,5.317,0.295,111,5.302,0.254,112,5.276,0.206,113,5.241,0.178
1313991.652,95620,13,101,5.080,0.640,102,5.109,0.596,103,5.143,0.568,104,5.183,0.534,105,5.218,0.505,106,5.256,0.471,107,5.283,0.432,108,5.312,0.387,109,5.315,0.343,110,5.317,0.290,111,5.303,0.249,112,5.278,0.201,113,5.241,0.173
1313991.719,95621,13,101,5.081,0.636,102,5.110,0.592,103,5.145,0.563,104,5.184,0.530,105,5.219,0.500,106,5.258,0.466,107,5.284,0.427,108,5.312,0.383,109,5.316,0.337,110,5.318,0.286,111,5.303,0.243,112,5.278,0.196,113,5.242,0.168
1313991.785,95622,13,101,5.083,0.630,102,5.112,0.588,103,5.147,0.558,104,5.186,0.525,105,5.221,0.495,106,5.259,0.460,107,5.286,0.422,108,5.314,0.378,109,5.317,0.332,110,5.319,0.279,111,5.304,0.238,112,5.279,0.190,113,5.243,0.164
1313991.852,95623,13,101,5.085,0.626,102,5.114,0.583,103,5.148,0.553,104,5.188,0.519,105,5.223,0.490,106,5.261,0.455,107,5.288,0.417,108,5.316,0.371,109,5.320,0.327,110,5.321,0.274,111,5.306,0.234,112,5.280,0.186,113,5.244,0.159
1313991.919,95624,13,101,5.087,0.621,102,5.115,0.578,103,5.150,0.549,104,5.189,0.514,105,5.225,0.485,106,5.263,0.450,107,5.289,0.411,108,5.317,0.367,109,5.321,0.322,110,5.322,0.269,111,5.306,0.228,112,5.281,0.181,113,5.245,0.154
1313991.985,95625,13,101,5.089,0.617,102,5.118,0.573,103,5.151,0.544,104,5.191,0.511,105,5.226,0.481,106,5.265,0.445,107,5.291,0.406,108,5.318,0.362,109,5.324,0.317,110,5.323,0.263,111,5.307,0.223,112,5.282,0.175,113,5.245,0.149
1313992.052,95626,13,101,5.092,0.612,102,5.120,0.569,103,5.153,0.540,104,5.193,0.506,105,5.228,0.476,106,5.266,0.440,107,5.292,0.402,108,5.320,0.356,109,5.323,0.311,110,5.324,0.258,111,5.308,0.217,112,5.283,0.169,113,5.246,0.143
1313992.119,95627,13,101,5.093,0.608,102,5.122,0.565,103,5.155,0.536,104,5.195,0.501,105,5.229,0.470,106,5.268,0.435,107,5.293,0.397,108,5.321,0.350,109,5.323,0.306,110,5.325,0.252,111,5.309,0.211,112,5.283,0.164,113,5.246,0.138
1313992.186,95628,13,101,5.095,0.604,102,5.124,0.560,103,5.158,0.530,104,5.197,0.496,105,5.231,0.465,106,5.268,0.430,107,5.294,0.392,108,5.322,0.346,109,5.324,0.300,110,5.326,0.247,111,5.310,0.206,112,5.284,0.160,113,5.246,0.134
1313992.252,95629,13,101,5.097,0.600,102,5.125,0.555,103,5.159,0.525,104,5.198,0.491,105,5.232,0.460,106,5.270,0.425,107,5.295,0.387,108,5.323,0.341,109,5.326,0.296,110,5.327,0.243,111,5.310,0.202,112,5.284,0.154,113,5.247,0.129
1313992.319,95630,13,101,5.098,0.594,102,5.125,0.551,103,5.160,0.522,104,5.199,0.487,105,5.233,0.456,106,5.272,0.421,107,5.296,0.382,108,5.323,0.337,109,5.326,0.291,110,5.327,0.238,111,5.310,0.197,112,5.284,0.150,113,5.247,0.125
1313992.386,95631,13,101,5.099,0.591,102,5.127,0.548,103,5.160,0.518,104,5.200,0.483,105,5.234,0.453,106,5.272,0.417,107,5.297,0.377,108,5.324,0.332,109,5.326,0.287,110,5.327,0.233,111,5.310,0.193,112,5.284,0.146,113,5.247,0.120
1313992.452,95632,13,101,5.101,0.588,102,5.129,0.545,103,5.162,0.515,104,5.200,0.479,105,5.235,0.448,106,5.273,0.412,107,5.297,0.372,108,5.324,0.327,109,5.327,0.281,110,5.327,0.228,111,5.310,0.188,112,5.284,0.142,113,5.247,0.116
1313992.519,95633,13,101,5.103,0.584,102,5.131,0.541,103,5.163,0.510,104,5.202,0.475,105,5.235,0.443,106,5.273,0.407,107,5.298,0.367,108,5.325,0.322,109,5.327,0.276,110,5.328,0.224,111,5.310,0.183,112,5.284,0.137,113,5.247,0.111
1313992.586,95634,13,101,5.105,0.580,102,5.132,0.536,103,5.165,0.505,104,5.204,0.469,105,5.236,0.439,106,5.275,0.402,107,5.299,0.363,108,5.327,0.316,109,5.328,0.272,110,5.328,0.218,111,5.310,0.179,112,5.284,0.131,113,5.248,0.105
1313992.653,95635,13,101,5.106,0.574,102,5.133,0.530,103,5.166,0.500,104,5.204,0.466,105,5.237,0.434,106,5.275,0.398,107,5.301,0.358,108,5.326,0.312,109,5.329,0.267,110,5.329,0.214,111,5.312,0.174,112,5.285,0.127,113,5.248,0.101
1313992.719,95636,13,101,5.107,0.570,102,5.135,0.527,103,5.167,0.497,104,5.206,0.462,105,5.239,0.431,106,5.277,0.394,107,5.301,0.354,108,5.327,0.307,109,5.329,0.262,110,5.328,0.210,111,5.312,0.169,112,5.285,0.122,113,5.248,0.097
1313992.786,95637,13,101,5.108,0.568,102,5.136,0.523,103,5.169,0.493,104,5.208,0.457,105,5.240,0.426,106,5.278,0.389,107,5.302,0.350,108,5.329,0.303,109,5.331,0.258,110,5.329,0.205,111,5.312,0.165,112,5.285,0.118,113,5.247,0.093
1313992.853,95638,13,101,5.111,0.566,102,5.138,0.521,103,5.171,0.491,104,5.209,0.452,105,5.241,0.422,106,5.279,0.386,107,5.303,0.346,108,5.329,0.299,109,5.330,0.253,110,5.330,0.200,111,5.312,0.161,112,5.285,0.114,113,5.247,0.089
1313992.919,95639,13,101,5.113,0.562,102,5.139,0.517,103,5.172,0.485,104,5.209,0.449,105,5.242,0.418,106,5.279,0.380,107,5.303,0.341,108,5.329,0.294,109,5.330,0.250,110,5.329,0.196,111,5.312,0.157,112,5.285,0.110,113,5.247,0.085
1313992.995,95640,13,101,5.114,0.557,102,5.139,0.512,103,5.172,0.482,104,5.210,0.446,105,5.242,0.414,106,5.279,0.376,107,5.302,0.337,108,5.329,0.290,109,5.331,0.245,110,5.329,0.191,111,5.311,0.153,112,5.284,0.106,113,5.246,0.081
1313993.053,95641,13,101,5.114,0.551,102,5.139,0.508,103,5.172,0.478,104,5.210,0.441,105,5.242,0.409,106,5.279,0.372,107,5.304,0.333,108,5.329,0.286,109,5.330,0.240,110,5.330,0.187,111,5.310,0.147,112,5.283,0.102,113,5.245,0.077
1313993.119,95642,13,101,5.115,0.548,102,5.140,0.506,103,5.173,0.474,104,5.210,0.438,105,5.243,0.405,106,5.280,0.368,107,5.304,0.328,108,5.330,0.281,109,5.329,0.236,110,5.328,0.183,111,5.310,0.143,112,5.282,0.098,113,5.245,0.073
1313993.186,95643,13,101,5.116,0.546,102,5.142,0.501,103,5.173,0.469,104,5.211,0.433,105,5.244,0.402,106,5.281,0.364,107,5.304,0.324,108,5.329,0.276,109,5.329,0.231,110,5.329,0.178,111,5.309,0.139,112,5.282,0.093,113,5.244,0.069
1313993.253,95644,13,101,5.118,0.543,102,5.143,0.496,103,5.174,0.466,104,5.212,0.430,105,5.244,0.398,106,5.281,0.360,107,5.304,0.319,108,5.329,0.273,109,5.331,0.227,110,5.329,0.173,111,5.310,0.134,112,5.282,0.089,113,5.244,0.064
1313993.319,95645,13,101,5.119,0.538,102,5.145,0.493,103,5.177,0.463,104,5.214,0.424,105,5.246,0.393,106,5.282,0.355,107,5.305,0.314,108,5.330,0.267,109,5.332,0.222,110,5.329,0.168,111,5.310,0.129,112,5.282,0.084,113,5.244,0.060
1313993.386,95646,13,101,5.120,0.535,102,5.146,0.490,103,5.178,0.458,104,5.215,0.421,105,5.246,0.389,106,5.283,0.350,107,5.305,0.310,108,5.331,0.262,109,5.332,0.218,110,5.330,0.164,111,5.310,0.126,112,5.282,0.079,113,5.243,0.056
1313993.453,95647,13,101,5.122,0.532,102,5.147,0.486,103,5.179,0.455,104,5.215,0.417,105,5.247,0.384,106,5.283,0.345,107,5.306,0.306,108,5.330,0.258,109,5.331,0.214,110,5.329,0.160,111,5.309,0.121,112,5.281,0.076,113,5.242,0.051
1313993.520,95648,13,101,5.123,0.529,102,5.148,0.483,103,5.179,0.452,104,5.215,0.414,105,5.246,0.381,106,5.284,0.342,107,5.306,0.302,108,5.330,0.255,109,5.330,0.211,110,5.327,0.157,111,5.308,0.118,112,5.279,0.073,113,5.240,0.050
1313993.586,95649,13,101,5.124,0.527,102,5.148,0.483,103,5.180,0.450,104,5.216,0.412,105,5.248,0.380,106,5.285,0.341,107,5.307,0.300,108,5.331,0.253,109,5.330,0.208,110,5.326,0.155,111,5.307,0.117,112,5.276,0.072,113,5.237,0.050
1313993.653,95650,13,101,5.124,0.527,102,5.148,0.482,103,5.180,0.450,104,5.216,0.412,105,5.249,0.380,106,5.285,0.341,107,5.306,0.301,108,5.331,0.253,109,5.330,0.208,110,5.327,0.155,111,5.307,0.117,112,5.276,0.073,113,5.237,0.050
1313993.720,95651,13,101,5.123,0.528,102,5.148,0.481,103,5.180,0.451,104,5.216,0.412,105,5.248,0.381,106,5.284,0.342,107,5.305,0.302,108,5.331,0.253,109,5.330,0.209,110,5.327,0.155,111,5.307,0.118,112,5.276,0.073,113,5.237,0.051
1313993.786,95652,13,101,5.124,0.530,102,5.148,0.483,103,5.180,0.452,104,5.216,0.415,105,5.248,0.382,106,5.282,0.344,107,5.305,0.304,108,5.330,0.254,109,5.330,0.211,110,5.327,0.156,111,5.306,0.120,112,5.277,0.074,113,5.237,0.051
1313993.853,95653,13,101,5.127,0.531,102,5.150,0.485,103,5.181,0.455,104,5.216,0.416,105,5.247,0.383,106,5.282,0.344,107,5.305,0.304,108,5.330,0.255,109,5.330,0.212,110,5.326,0.157,111,5.306,0.121,112,5.277,0.075,113,5.238,0.052
1313993.920,95654,13,101,5.127,0.534,102,5.151,0.487,103,5.181,0.455,104,5.216,0.418,105,5.247,0.384,106,5.284,0.344,107,5.306,0.304,108,5.330,0.256,109,5.330,0.213,110,5.326,0.159,111,5.305,0.122,112,5.275,0.077,113,5.237,0.053
1313993.986,95655,13,101,5.126,0.536,102,5.150,0.488,103,5.180,0.457,104,5.215,0.418,105,5.248,0.386,106,5.284,0.344,107,5.306,0.306,108,5.329,0.257,109,5.328,0.215,110,5.325,0.160,111,5.305,0.123,112,5.275,0.078,113,5.237,0.055
1313994.053,95656,13,101,5.124,0.536,102,5.148,0.489,103,5.180,0.458,104,5.215,0.418,105,5.247,0.386,106,5.284,0.345,107,5.305,0.307,108,5.327,0.258,109,5.327,0.216,110,5.323,0.161,111,5.303,0.124,112,5.274,0.079,113,5.235,0.056
1313994.120,95657,13,101,5.124,0.538,102,5.148,0.490,103,5.180,0.460,104,5.217,0.419,105,5.248,0.387,106,5.282,0.347,107,5.304,0.308,108,5.327,0.259,109,5.327,0.216,110,5.323,0.162,111,5.303,0.126,112,5.273,0.080,113,5.234,0.057
1313994.186,95658,13,101,5.127,0.539,102,5.150,0.492,103,5.181,0.462,104,5.217,0.421,105,5.247,0.389,106,5.281,0.348,107,5.303,0.309,108,5.326,0.259,109,5.326,0.218,110,5.322,0.163,111,5.302,0.126,112,5.272,0.081,113,5.233,0.059
1313994.253,95659,13,101,5.127,0.539,102,5.151,0.492,103,5.181,0.462,104,5.216,0.421,105,5.246,0.391,106,5.281,0.350,107,5.304,0.310,108,5.326,0.260,109,5.325,0.218,110,5.322,0.163,111,5.300,0.127,112,5.271,0.082,113,5.232,0.060
1313994.320,95660,13,101,5.127,0.539,102,5.150,0.492,103,5.180,0.462,104,5.214,0.422,105,5.244,0.392,106,5.280,0.349,107,5.303,0.311,108,5.325,0.260,109,5.325,0.219,110,5.321,0.164,111,5.300,0.128,112,5.270,0.083,113,5.232,0.060
1313994.387,95661,13,101,5.126,0.540,102,5.149,0.491,103,5.178,0.462,104,5.212,0.422,105,5.243,0.392,106,5.281,0.350,107,5.302,0.311,108,5.324,0.261,109,5.324,0.219,110,5.320,0.165,111,5.300,0.129,112,5.270,0.084,113,5.230,0.061
1313994.453,95662,13,101,5.125,0.541,102,5.149,0.493,103,5.178,0.462,104,5.213,0.422,105,5.245,0.391,106,5.280,0.349,107,5.300,0.312,108,5.324,0.262,109,5.323,0.220,110,5.319,0.165,111,5.299,0.130,112,5.269,0.084,113,5.230,0.062
1313994.520,95663,13,101,5.124,0.542,102,5.148,0.495,103,5.179,0.464,104,5.216,0.423,105,5.246,0.391,106,5.279,0.350,107,5.300,0.312,108,5.323,0.262,109,5.323,0.221,110,5.318,0.165,111,5.297,0.130,112,5.268,0.085,113,5.229,0.063
1313994.587,95664,13,101,5.123,0.541,102,5.147,0.495,103,5.180,0.464,104,5.216,0.424,105,5.245,0.392,106,5.279,0.351,107,5.300,0.312,108,5.323,0.262,109,5.322,0.222,110,5.318,0.166,111,5.297,0.131,112,5.267,0.085,113,5.228,0.063
1313994.653,95665,13,101,5.124,0.541,102,5.148,0.493,103,5.179,0.464,104,5.214,0.423,105,5.244,0.393,106,5.280,0.351,107,5.301,0.312,108,5.324,0.263,109,5.323,0.221,110,5.318,0.166,111,5.297,0.131,112,5.267,0.086,113,5.227,0.064
1313994.720,95666,13,101,5.126,0.541,102,5.149,0.493,103,5.178,0.465,104,5.212,0.424,105,5.243,0.394,106,5.280,0.351,107,5.301,0.312,108,5.324,0.263,109,5.323,0.221,110,5.318,0.166,111,5.297,0.131,112,5.267,0.086,113,5.228,0.064
1313994.787,95667,13,101,5.127,0.543,102,5.150,0.494,103,5.178,0.465,104,5.212,0.425,105,5.243,0.394,106,5.279,0.351,107,5.300,0.313,108,5.323,0.263,109,5.322,0.221,110,5.317,0.167,111,5.297,0.131,112,5.266,0.086,113,5.227,0.064
1313994.853,95668,13,101,5.127,0.544,102,5.150,0.495,103,5.179,0.466,104,5.215,0.425,105,5.245,0.393,106,5.278,0.352,107,5.300,0.314,108,5.323,0.264,109,5.321,0.222,110,5.317,0.166,111,5.295,0.131,112,5.265,0.086,113,5.226,0.063
1313994.920,95669,13,101,5.126,0.544,102,5.149,0.496,103,5.181,0.465,104,5.216,0.424,105,5.244,0.393,106,5.278,0.352,107,5.299,0.314,108,5.323,0.263,109,5.321,0.221,110,5.317,0.165,111,5.295,0.131,112,5.265,0.086,113,5.225,0.063
1313994.987,95670,13,101,5.126,0.544,102,5.150,0.497,103,5.182,0.464,104,5.216,0.424,105,5.245,0.393,106,5.278,0.352,107,5.300,0.313,108,5.323,0.263,109,5.321,0.221,110,5.316,0.165,111,5.295,0.130,112,5.264,0.085,113,5.225,0.063
1313995.054,95671,13,101,5.128,0.544,102,5.151,0.496,103,5.181,0.465,104,5.215,0.425,105,5.246,0.393,106,5.280,0.351,107,5.300,0.312,108,5.322,0.262,109,5.321,0.221,110,5.317,0.165,111,5.296,0.130,112,5.265,0.085,113,5.226,0.063
1313995.120,95672,13,101,5.130,0.544,102,5.152,0.495,103,5.181,0.465,104,5.215,0.425,105,5.246,0.394,106,5.281,0.350,107,5.301,0.312,108,5.324,0.262,109,5.322,0.221,110,5.317,0.165,111,5.296,0.130,112,5.265,0.085,113,5.226,0.063
1313995.187,95673,13,101,5.130,0.542,102,5.151,0.495,103,5.180,0.465,104,5.216,0.424,105,5.246,0.393,106,5.281,0.350,107,5.303,0.311,108,5.324,0.261,109,5.323,0.221,110,5.317,0.165,111,5.296,0.130,112,5.265,0.086,113,5.226,0.063
1313995.254,95674,13,101,5.128,0.544,102,5.151,0.495,103,5.181,0.465,104,5.216,0.424,105,5.246,0.394,106,5.281,0.352,107,5.303,0.312,108,5.324,0.262,109,5.322,0.220,110,5.317,0.165,111,5.295,0.129,112,5.264,0.085,113,5.225,0.063
1313995.320,95675,13,101,5.127,0.546,102,5.151,0.497,103,5.182,0.464,104,5.216,0.424,105,5.246,0.392,106,5.281,0.351,107,5.302,0.311,108,5.323,0.262,109,5.322,0.220,110,5.316,0.165,111,5.294,0.129,112,5.264,0.085,113,5.224,0.064
1313995.387,95676,13,101,5.129,0.546,102,5.152,0.498,103,5.182,0.465,104,5.216,0.425,105,5.246,0.392,106,5.280,0.351,107,5.299,0.311,108,5.323,0.262,109,5.321,0.219,110,5.316,0.165,111,5.293,0.129,112,5.263,0.085,113,5.223,0.063
1313995.454,95677,13,101,5.130,0.544,102,5.153,0.497,103,5.182,0.467,104,5.217,0.424,105,5.246,0.392,106,5.280,0.351,107,5.299,0.311,108,5.322,0.262,109,5.320,0.219,110,5.316,0.165,111,5.293,0.128,112,5.262,0.084,113,5.223,0.063
1313995.521,95678,13,101,5.130,0.543,102,5.152,0.497,103,5.183,0.465,104,5.217,0.426,105,5.246,0.392,106,5.281,0.351,107,5.300,0.310,108,5.323,0.262,109,5.321,0.218,110,5.316,0.164,111,5.293,0.128,112,5.264,0.084,113,5.224,0.062
1313995.587,95679,13,101,5.131,0.542,102,5.153,0.495,103,5.182,0.465,104,5.216,0.426,105,5.246,0.393,106,5.281,0.351,107,5.303,0.310,108,5.324,0.261,109,5.321,0.219,110,5.317,0.165,111,5.293,0.127,112,5.264,0.084,113,5.224,0.062
1313995.654,95680,13,101,5.130,0.544,102,5.153,0.494,103,5.182,0.465,104,5.216,0.424,105,5.246,0.392,106,5.283,0.351,107,5.304,0.311,108,5.325,0.261,109,5.322,0.220,110,5.317,0.165,111,5.294,0.127,112,5.264,0.084,113,5.224,0.063
1313995.725,95681,13,101,5.130,0.546,102,5.153,0.497,103,5.182,0.465,104,5.217,0.425,105,5.247,0.392,106,5.282,0.351,107,5.303,0.311,108,5.325,0.262,109,5.322,0.220,110,5.317,0.165,111,5.295,0.129,112,5.264,0.085,113,5.224,0.064
1313995.787,95682,13,101,5.131,0.546,102,5.153,0.499,103,5.183,0.466,104,5.220,0.424,105,5.249,0.393,106,5.282,0.352,107,5.302,0.313,108,5.324,0.262,109,5.322,0.220,110,5.317,0.165,111,5.295,0.129,112,5.264,0.085,113,5.224,0.064
1313995.854,95683,13,101,5.131,0.546,102,5.154,0.498,103,5.186,0.468,104,5.221,0.426,105,5.249,0.393,106,5.282,0.352,107,5.302,0.312,108,5.324,0.263,109,5.322,0.220,110,5.317,0.166,111,5.294,0.129,112,5.263,0.086,113,5.224,0.064
1313995.921,95684,13,101,5.131,0.546,102,5.155,0.498,103,5.185,0.467,104,5.218,0.427,105,5.247,0.393,106,5.283,0.351,107,5.303,0.312,108,5.325,0.263,109,5.322,0.220,110,5.317,0.165,111,5.293,0.129,112,5.263,0.086,113,5.224,0.064
1313995.987,95685,13,101,5.133,0.545,102,5.155,0.498,103,5.183,0.466,104,5.216,0.426,105,5.246,0.394,106,5.283,0.351,107,5.304,0.312,108,5.325,0.263,109,5.322,0.220,110,5.317,0.165,111,5.293,0.129,112,5.263,0.086,113,5.223,0.064
1313996.054,95686,13,101,5.133,0.546,102,5.155,0.496,103,5.182,0.466,104,5.217,0.427,105,5.248,0.394,106,5.284,0.353,107,5.304,0.312,108,5.326,0.263,109,5.322,0.220,110,5.317,0.166,111,5.294,0.130,112,5.263,0.086,113,5.223,0.065
1313996.121,95687,13,101,5.131,0.546,102,5.153,0.498,103,5.184,0.467,104,5.220,0.427,105,5.249,0.394,106,5.283,0.354,107,5.303,0.313,108,5.325,0.263,109,5.322,0.220,110,5.316,0.167,111,5.294,0.130,112,5.264,0.086,113,5.224,0.065
1313996.187,95688,13,101,5.132,0.547,102,5.155,0.500,103,5.187,0.467,104,5.220,0.427,105,5.249,0.394,106,5.283,0.354,107,5.303,0.313,108,5.324,0.264,109,5.323,0.221,110,5.317,0.168,111,5.295,0.130,112,5.264,0.087,113,5.224,0.066
1313996.254,95689,13,101,5.135,0.548,102,5.157,0.500,103,5.186,0.468,104,5.220,0.427,105,5.249,0.395,106,5.283,0.354,107,5.304,0.315,108,5.326,0.264,109,5.324,0.222,110,5.318,0.167,111,5.296,0.132,112,5.265,0.088,113,5.225,0.066
1313996.321,95690,13,101,5.136,0.549,102,5.157,0.500,103,5.186,0.470,104,5.220,0.429,105,5.249,0.396,106,5.284,0.354,107,5.305,0.314,108,5.326,0.265,109,5.324,0.222,110,5.318,0.167,111,5.297,0.132,112,5.265,0.088,113,5.226,0.066
1313996.388,95691,13,101,5.135,0.549,102,5.157,0.501,103,5.186,0.470,104,5.220,0.430,105,5.249,0.398,106,5.286,0.354,107,5.307,0.314,108,5.327,0.264,109,5.324,0.224,110,5.319,0.168,111,5.297,0.132,112,5.267,0.088,113,5.227,0.066
1313996.454,95692,13,101,5.133,0.550,102,5.156,0.501,103,5.186,0.470,104,5.220,0.430,105,5.250,0.397,106,5.286,0.355,107,5.306,0.315,108,5.326,0.265,109,5.324,0.224,110,5.319,0.169,111,5.297,0.133,112,5.266,0.089,113,5.226,0.068
1313996.521,95693,13,101,5.135,0.550,102,5.156,0.502,103,5.186,0.470,104,5.221,0.429,105,5.251,0.397,106,5.284,0.356,107,5.305,0.316,108,5.327,0.266,109,5.324,0.224,110,5.318,0.170,111,5.296,0.134,112,5.265,0.090,113,5.226,0.069
