0.010,1.3,0.7,0.7,0.7,0.7,0.7,0.0,0.0,0.0,0.0,0.0,0.0
0.017,1.3,0.0,0.7,0.7,0.7,0.7,0.0,0.0,0.0,0.0,0.0,0.0
0.024,1.3,0.0,0.7,0.7,0.7,0.7,0.0,0.0,0.0,0.0,0.0,0.0
0.031,1.3,0.7,0.7,0.7,0.7,0.7,0.0,0.0,0.0,0.0,0.0,0.0
0.038,2.0,0.7,0.7,0.7,0.7,0.7,0.7,0.0,0.7,0.7,0.7,0.7
0.045,2.0,1.3,0.7,0.7,0.7,0.7,1.3,0.0,0.7,0.7,0.7,0.7
0.052,2.0,2.0,0.7,0.7,0.7,0.7,1.3,0.7,0.7,0.7,0.7,0.7
0.059,2.0,2.7,0.7,0.7,0.7,0.7,1.3,0.7,0.7,0.7,0.7,0.7
0.066,2.7,3.3,0.7,0.7,0.7,0.7,1.3,1.3,0.7,0.7,0.7,0.7
0.073,2.7,4.0,0.7,0.7,0.7,0.7,2.0,1.3,0.7,0.7,0.7,0.7
0.080,2.7,4.7,1.3,0.7,0.7,0.7,2.0,2.0,0.7,0.7,0.7,0.7
0.087,2.7,5.3,1.3,0.7,0.7,0.7,2.0,2.0,0.7,0.7,0.7,0.7
0.094,2.7,6.0,1.3,0.7,0.7,0.0,2.0,2.7,0.7,0.7,0.7,0.7
0.101,2.7,6.7,1.3,0.7,0.0,0.0,2.0,4.0,0.7,0.7,0.7,0.0
0.108,2.7,6.7,1.3,0.0,0.0,0.0,2.0,4.7,0.7,0.7,0.7,0.0
0.115,2.7,7.3,1.3,0.0,0.0,0.0,2.0,5.3,0.7,0.7,0.7,0.0
0.122,2.7,8.0,1.3,0.0,0.0,0.0,2.0,6.0,0.7,0.7,0.7,0.0
0.129,2.7,8.0,1.3,0.0,0.0,0.0,2.0,6.0,0.7,0.0,0.0,0.0
0.136,2.0,8.0,1.3,0.0,0.0,0.0,2.0,6.7,0.7,0.0,0.0,0.0
0.143,2.0,8.0,1.3,0.0,0.0,0.0,2.0,7.3,0.7,0.0,0.0,0.0
0.150,2.0,8.0,1.3,0.0,0.0,0.0,2.0,8.0,0.7,0.0,0.0,0.0
0.157,2.0,7.3,1.3,0.0,0.0,0.0,2.0,8.0,0.7,0.0,0.0,0.0
0.164,1.3,7.3,1.3,0.0,0.0,0.0,2.0,8.0,0.7,0.0,0.0,0.0
0.171,1.3,6.7,1.3,0.0,0.0,0.0,2.0,8.0,0.7,0.0,0.0,0.0
0.178,1.3,6.7,1.3,0.0,0.0,0.0,2.0,8.0,0.7,0.0,0.0,0.0
0.185,0.7,6.0,1.3,0.0,0.0,0.0,2.0,7.3,1.3,0.0,0.0,0.0
0.192,0.7,5.3,1.3,0.0,0.0,0.0,1.3,7.3,1.3,0.0,0.0,0.0
0.199,0.7,4.7,1.3,0.0,0.0,0.0,1.3,7.3,1.3,0.0,0.0,0.0
0.206,0.0,4.0,0.7,0.0,0.0,0.0,1.3,6.7,1.3,0.0,0.0,0.0
0.213,0.0,3.3,0.7,0.0,0.0,0.0,1.3,6.7,1.3,0.0,0.0,0.0
0.220,0.0,2.7,0.7,0.0,0.0,0.0,0.7,5.3,1.3,0.0,0.0,0.0
0.227,0.0,2.7,0.7,0.0,0.0,0.0,0.7,4.7,1.3,0.0,0.0,0.0
0.234,0.0,2.0,0.0,0.0,0.0,0.0,0.7,4.0,1.3,0.0,0.0,0.0
0.241,0.0,1.3,0.0,0.0,0.0,0.0,0.7,3.3,1.3,0.0,0.0,0.0
0.248,0.0,0.7,0.0,0.0,0.0,0.0,0.7,3.3,1.3,0.0,0.0,0.0
0.255,0.0,0.0,0.0,0.0,0.0,0.0,0.7,2.7,1.3,0.0,0.0,0.0
0.262,-0.7,0.0,0.0,0.0,0.0,0.0,0.7,2.0,0.7,0.0,0.0,0.0
0.269,-0.7,0.0,0.0,0.0,0.0,0.0,0.7,1.3,0.7,0.0,0.0,0.0
0.276,-0.7,-0.7,0.0,0.0,0.0,0.0,0.0,0.7,0.7,0.0,0.0,0.0
0.283,-0.7,-0.7,0.0,0.0,0.0,0.0,0.0,0.0,0.7,0.0,0.0,0.0
0.290,-0.7,-1.3,0.0,0.0,0.0,0.0,0.0,0.0,0.7,0.0,0.0,0.0
0.297,-0.7,-1.3,0.0,0.0,0.0,0.0,0.0,0.0,0.7,0.0,0.0,0.0
0.304,-0.7,-2.0,-0.7,0.0,0.0,0.0,0.0,-0.7,0.7,0.0,0.0,0.0
0.311,-0.7,-2.0,-0.7,0.0,0.0,0.0,0.0,-0.7,0.7,0.0,0.0,0.0
0.318,-0.7,-2.0,-0.7,0.0,0.0,0.0,-0.7,-1.3,0.7,0.0,0.0,0.0
0.325,-0.7,-2.0,-0.7,0.0,0.0,0.0,-0.7,-1.3,0.7,0.0,0.0,0.0
0.332,-0.7,-2.0,-0.7,0.0,0.0,0.0,-0.7,-1.3,0.0,0.0,0.0,0.0
0.339,-0.7,-2.0,-0.7,0.0,0.0,0.0,-0.7,-2.0,0.0,0.0,0.0,0.0
0.346,-0.7,-2.0,-0.7,0.0,0.0,0.0,-0.7,-2.0,0.0,0.0,0.0,0.0
0.353,-0.7,-2.0,-0.7,0.0,0.0,0.0,-0.7,-2.0,0.0,0.0,0.0,0.0
0.360,-0.7,-2.0,-0.7,0.0,0.0,0.0,-0.7,-2.0,0.0,0.0,0.0,0.0
0.367,0.0,-2.0,-0.7,0.0,0.0,0.0,-0.7,-2.0,0.0,0.0,0.0,0.0
0.374,0.0,-2.0,-0.7,0.0,0.0,0.0,-0.7,-2.0,0.0,0.0,0.0,0.0
0.381,0.0,-2.0,0.0,0.0,0.0,0.0,-0.7,-2.0,0.0,0.0,0.0,0.0
0.388,0.0,-1.3,0.0,0.0,0.0,0.0,0.0,-2.0,0.0,0.0,0.0,0.0
0.395,0.0,-1.3,0.0,0.0,0.0,0.0,0.0,-2.0,0.0,0.0,0.0,0.0
0.402,0.0,-1.3,0.0,0.0,0.0,0.0,0.0,-2.0,0.0,0.0,0.0,0.0
0.409,0.0,-1.3,0.0,0.0,0.0,0.0,0.0,-1.3,0.0,0.0,0.0,0.0
0.416,0.0,-0.7,0.0,0.0,0.0,0.0,0.0,-1.3,0.0,0.0,0.0,0.0
0.423,0.0,-0.7,0.0,0.0,0.0,0.0,0.0,-1.3,0.0,0.0,0.0,0.0
0.430,0.0,-0.7,0.0,0.0,0.0,0.0,0.0,-1.3,0.0,0.0,0.0,0.0
0.437,0.0,-0.7,0.0,0.0,0.0,0.0,0.0,-1.3,0.0,0.0,0.0,0.0
0.444,0.0,0.0,0.0,0.0,0.0,0.0,0.0,-1.3,0.0,0.0,0.0,0.0
0.451,0.0,0.0,0.0,0.0,0.0,0.0,0.0,-0.7,0.0,0.0,0.0,0.0
0.458,0.0,0.0,0.0,0.0,0.0,0.0,0.0,-0.7,0.0,0.0,0.0,0.0
0.465,0.0,0.0,0.0,0.0,0.0,0.0,0.0,-0.7,0.0,0.0,0.0,0.0
0.472,0.0,0.0,0.0,0.0,0.0,0.0,0.0,-0.7,0.0,0.0,0.0,0.0
0.479,0.0,0.0,0.0,0.0,0.0,0.0,0.0,-0.7,0.0,0.0,0.0,0.0
0.486,0.0,0.0,0.0,0.0,0.0,0.0,0.0,-0.7,0.0,0.0,0.0,0.0
0.493,0.0,0.0,0.0,0.0,0.0,0.0,0.0,-0.7,0.0,0.0,0.0,0.0
0.500,0.0,0.0,0.0,0.0,0.0,0.0,0.0,-0.7,0.0,0.0,0.0,0.0
0.507,0.0,0.0,0.0,0.0,0.0,0.0,0.0,-0.7,0.0,0.0,0.0,0.0
0.514,0.0,0.0,0.0,0.0,0.0,0.0,0.0,-0.7,0.0,0.0,0.0,0.0
0.521,0.0,0.0,0.0,0.0,0.0,0.0,0.0,-0.7,0.0,0.0,0.0,0.0
0.528,0.0,0.0,0.0,0.0,0.0,0.0,0.0,-0.7,0.0,0.0,0.0,0.0
0.535,0.0,0.0,0.0,0.0,0.0,0.0,0.0,-0.7,0.0,0.0,0.0,0.0
0.542,0.0,0.0,0.0,0.0,0.0,0.0,0.0,-0.7,0.0,0.0,0.0,0.0
0.549,0.0,0.0,0.0,0.0,0.0,0.0,0.0,-0.7,0.0,0.0,0.0,0.0
0.556,0.0,0.0,0.0,0.0,0.0,0.0,0.0,-0.7,0.0,0.0,0.0,0.0
0.563,0.0,0.0,0.0,0.0,0.0,0.0,0.0,-0.7,0.0,0.0,0.0,0.0
0.570,0.0,0.0,0.0,0.0,0.0,0.0,0.0,-0.7,0.0,0.0,0.0,0.0
0.577,0.0,0.0,0.0,0.0,0.0,0.0,0.0,-0.7,0.0,0.0,0.0,0.0
0.584,0.0,0.0,0.0,0.0,0.0,0.0,0.0,-0.7,0.0,0.0,0.0,0.0
0.591,0.0,0.0,0.0,0.0,0.0,0.0,0.0,-0.7,0.0,0.0,0.0,0.0
0.598,0.0,0.0,0.0,0.0,0.0,0.0,0.0,0.0,0.0,0.0,0.0,0.0
0.605,0.0,0.0,0.0,0.0,0.0,0.0,0.0,0.0,0.0,0.0,0.0,0.0
0.612,0.0,0.0,0.0,0.0,0.0,0.0,0.0,0.0,0.0,0.0,0.0,0.0
0.619,0.0,0.0,0.0,0.0,0.0,0.0,0.0,0.0,0.0,0.0,0.0,0.0
0.626,0.0,0.0,0.0,0.0,0.0,0.0,0.0,0.0,0.0,0.0,0.0,0.0
0.633,0.0,0.0,0.0,0.0,0.0,0.0,0.0,0.0,0.0,0.0,0.0,0.0
0.640,0.0,0.0,0.0,0.0,0.0,0.0,0.0,0.0,0.0,0.0,0.0,0.0
0.647,0.0,0.0,0.0,0.0,0.0,0.0,0.0,0.0,0.0,0.0,0.0,0.0
0.654,0.0,0.0,0.0,0.0,0.0,0.0,0.0,0.0,0.0,0.0,0.0,0.0
0.661,0.0,0.0,0.0,0.0,0.0,0.0,0.0,0.0,0.0,0.0,0.0,0.0
0.668,0.0,0.0,0.0,0.0,0.0,0.0,0.0,0.0,0.0,0.0,0.0,0.0
0.675,0.0,0.0,0.0,0.0,0.0,0.0,0.0,0.0,0.0,0.0,0.0,0.0
0.682,0.0,0.0,0.0,0.0,0.0,0.0,0.0,0.0,0.0,0.0,0.0,0.0
0.689,0.0,0.0,0.0,0.0,0.0,0.0,0.0,0.0,0.0,0.0,0.0,0.0
0.696,0.0,0.0,0.0,0.0,0.0,0.0,0.0,0.0,0.0,0.0,0.0,0.0
0.703,0.0,0.0,0.0,0.0,0.0,0.0,0.0,0.0,0.0,0.0,0.0,0.0
0.710,0.0,0.0,0.0,0.0,0.0,0.0,0.0,0.0,0.0,0.0,0.0,0.0
0.717,0.0,0.0,0.0,0.0,0.0,0.0,0.0,0.0,0.0,0.0,0.0,0.0
0.724,0.0,0.0,0.0,0.0,0.0,0.0,0.0,0.0,0.0,0.0,0.0,0.0
0.731,0.0,0.7,0.0,0.0,0.0,0.0,0.0,0.0,0.0,0.0,0.0,0.0
0.738,0.0,0.7,0.0,0.0,0.0,0.0,0.0,0.0,0.0,0.0,0.0,0.0
0.745,0.0,1.3,0.0,0.0,0.0,0.0,0.0,0.0,0.0,0.0,0.0,0.0
0.752,0.0,1.3,0.7,0.0,0.0,0.0,0.0,0.0,0.0,0.0,0.0,0.0
0.759,0.0,2.0,0.7,0.0,0.0,0.0,0.0,0.7,0.0,0.0,0.0,0.0
0.766,0.0,2.0,0.7,0.0,0.0,0.0,0.0,0.7,0.0,0.0,0.0,0.0
0.773,0.0,2.7,0.7,0.0,0.0,0.0,0.0,1.3,0.0,0.0,0.0,0.0
0.780,0.0,3.3,0.7,0.0,0.0,0.0,0.0,1.3,0.0,0.0,0.0,0.0
0.787,0.0,3.3,1.3,0.0,0.0,0.0,0.0,1.3,0.0,0.0,0.0,0.0
0.794,0.0,4.0,1.3,0.0,0.0,0.0,0.0,2.0,0.0,0.0,0.0,0.0
0.801,0.0,4.7,1.3,0.0,0.0,0.0,0.0,2.0,0.7,0.0,0.0,0.0
0.808,0.0,5.3,2.0,0.0,0.0,0.0,0.0,3.3,0.7,0.0,0.0,0.0
0.815,0.7,5.3,2.0,0.0,0.0,0.0,0.0,3.3,0.7,0.0,0.0,0.0
0.822,0.7,6.0,2.0,0.7,0.0,0.0,0.0,4.0,0.7,0.0,0.0,0.0
0.829,0.7,6.7,2.7,0.7,0.0,0.0,0.0,4.7,0.7,0.0,0.0,0.0
0.836,0.7,7.3,2.7,0.7,0.0,0.0,0.0,5.3,1.3,0.0,0.0,0.0
0.843,0.7,8.0,3.3,0.7,0.0,0.0,0.0,5.3,1.3,0.0,0.0,0.0
0.850,0.7,8.7,3.3,0.7,0.0,0.0,0.0,6.0,1.3,0.0,0.0,0.0
0.857,0.7,9.3,4.0,0.7,0.0,0.0,0.0,6.0,2.0,0.0,0.0,0.0
0.864,1.3,10.0,4.0,0.7,0.0,0.0,0.0,7.3,2.0,0.0,0.0,0.0
0.871,1.3,10.0,4.7,0.7,0.0,0.0,0.7,8.0,2.7,0.0,0.0,0.0
0.878,1.3,10.7,4.7,1.3,0.0,0.0,0.7,8.7,2.7,0.0,0.0,0.0
0.885,1.3,11.3,4.7,1.3,0.0,0.0,0.7,9.3,2.7,0.0,0.0,0.0
0.892,1.3,11.3,5.3,1.3,0.0,0.0,0.7,10.0,3.3,0.7,0.0,0.0
0.899,1.3,11.3,5.3,1.3,0.0,0.0,0.7,10.0,3.3,0.7,0.0,0.0
0.906,1.3,12.0,5.3,1.3,0.0,0.0,0.7,10.7,3.3,0.7,0.0,0.0
0.913,2.0,12.0,5.3,1.3,0.0,0.0,0.7,10.7,4.0,0.7,0.0,0.0
0.920,2.0,12.0,5.3,1.3,0.0,0.0,0.7,11.3,4.7,0.7,0.0,0.0
0.927,2.0,12.0,6.0,1.3,0.0,0.0,1.3,12.0,4.7,0.7,0.0,0.0
0.934,2.0,12.0,6.0,1.3,0.0,0.0,1.3,12.0,4.7,0.7,0.0,0.0
0.941,2.0,11.3,6.0,1.3,0.0,0.0,1.3,12.0,5.3,0.7,0.0,0.0
0.948,2.0,11.3,6.0,2.0,0.0,0.0,2.0,12.0,5.3,0.7,0.0,0.0
0.955,2.0,11.3,6.0,2.0,0.0,0.0,2.0,12.0,5.3,0.7,0.0,0.0
0.962,2.0,10.7,6.0,2.0,0.0,0.0,2.0,12.0,6.0,1.3,0.0,0.0
0.969,2.0,10.7,5.3,2.0,0.0,0.0,2.0,11.3,6.0,1.3,0.0,0.0
0.976,2.0,10.7,5.3,2.0,0.0,0.0,2.0,11.3,6.0,1.3,0.0,0.0
0.983,2.0,10.0,5.3,2.0,0.0,0.0,2.0,11.3,6.0,1.3,0.0,0.0
0.990,2.0,10.0,5.3,2.0,0.0,0.0,2.0,10.7,5.3,2.0,0.0,0.0
0.997,2.0,9.3,5.3,2.0,0.0,0.0,2.0,10.7,5.3,2.0,0.0,0.0
1.004,2.0,9.3,5.3,1.3,0.0,0.0,2.0,10.7,5.3,2.0,0.0,0.0
1.011,2.0,8.7,4.7,1.3,0.0,0.0,2.0,10.7,5.3,2.0,0.0,0.0
1.018,2.0,8.7,4.7,1.3,0.0,0.0,2.0,10.0,5.3,2.0,0.0,0.0
1.025,2.0,8.0,4.7,1.3,0.0,0.0,2.0,10.0,5.3,2.0,0.0,0.0
1.032,2.0,8.0,4.7,1.3,0.0,0.0,2.0,10.0,5.3,1.3,0.0,0.0
1.039,1.3,7.3,4.7,1.3,0.0,0.0,2.0,9.3,5.3,1.3,0.0,0.0
1.046,1.3,7.3,4.0,1.3,0.0,0.0,2.0,8.7,5.3,1.3,0.0,0.0
1.053,1.3,7.3,4.0,1.3,0.0,0.0,2.0,8.7,5.3,1.3,0.0,0.0
1.060,1.3,6.7,4.0,1.3,0.0,0.0,2.0,8.0,5.3,1.3,0.0,0.0
1.067,1.3,6.7,4.0,1.3,0.0,0.0,2.0,8.0,5.3,1.3,0.0,0.0
1.074,1.3,6.0,3.3,1.3,0.0,0.0,2.0,8.0,4.7,1.3,0.0,0.0
1.081,1.3,6.0,3.3,1.3,0.0,0.0,2.0,8.0,4.7,1.3,0.0,0.0
1.088,1.3,6.0,3.3,1.3,0.0,0.0,2.0,7.3,4.7,1.3,0.0,0.0
1.095,1.3,5.3,3.3,1.3,0.0,0.0,2.0,7.3,4.7,1.3,0.0,0.0
1.102,1.3,5.3,3.3,1.3,0.0,0.0,1.3,6.7,4.7,1.3,0.0,0.0
1.109,1.3,5.3,3.3,1.3,0.0,0.0,1.3,6.7,4.0,1.3,0.0,0.0
1.116,1.3,4.7,2.7,1.3,0.0,0.0,1.3,6.0,4.0,2.0,0.0,0.0
1.123,1.3,4.7,2.7,1.3,0.0,0.0,1.3,6.0,4.0,2.0,0.0,0.0
1.130,1.3,4.7,2.7,0.7,0.0,0.0,1.3,6.0,4.0,2.0,0.0,0.0
1.137,1.3,4.7,2.7,0.7,0.0,0.0,1.3,6.0,4.0,1.3,0.0,0.0
1.144,1.3,4.0,2.7,0.7,0.0,0.0,1.3,5.3,4.0,1.3,0.0,0.0
1.151,0.7,4.0,2.7,0.7,0.0,0.0,1.3,5.3,4.0,1.3,0.0,0.0
1.158,0.7,4.0,2.7,0.7,0.0,0.0,1.3,5.3,4.0,1.3,0.0,0.0
1.165,0.7,4.0,2.7,0.7,0.0,0.0,1.3,4.7,4.0,1.3,0.0,0.0
1.172,0.7,4.0,2.0,0.7,0.0,0.0,1.3,4.7,3.3,1.3,0.0,0.0
1.179,0.7,4.0,2.0,0.7,0.0,0.0,1.3,4.7,3.3,1.3,0.0,0.0
1.186,0.7,3.3,2.0,0.7,0.0,0.0,1.3,4.7,3.3,1.3,0.0,0.0
1.193,0.7,3.3,2.0,0.7,0.0,0.0,1.3,4.7,3.3,1.3,0.0,0.0
1.200,0.7,3.3,2.0,0.7,0.0,0.0,0.7,4.7,2.7,1.3,0.0,0.0
1.207,0.7,3.3,2.0,0.7,0.0,0.0,0.7,4.0,2.7,1.3,0.0,0.0
1.214,0.7,3.3,2.0,0.7,0.0,0.0,0.7,4.0,2.7,1.3,0.0,0.0
1.221,0.7,3.3,2.0,0.7,0.0,0.0,0.7,4.0,2.7,1.3,0.0,0.0
1.228,0.7,3.3,2.0,0.7,0.0,0.0,0.7,4.0,2.7,1.3,0.0,0.0
1.235,0.7,3.3,2.0,0.7,0.0,0.0,0.7,3.3,2.7,1.3,0.0,0.0
1.242,0.7,3.3,2.0,0.7,0.0,0.0,0.7,3.3,2.7,1.3,0.0,0.0
1.249,0.7,3.3,2.0,0.7,0.0,0.0,0.7,3.3,2.7,1.3,0.0,0.0
1.256,0.7,3.3,2.0,0.7,0.0,0.0,0.7,3.3,2.7,1.3,0.0,0.0
1.263,0.7,3.3,2.0,0.7,0.0,0.0,0.7,3.3,2.0,1.3,0.0,0.0
1.270,1.3,4.0,2.7,1.3,0.0,0.0,0.7,3.3,2.0,1.3,0.0,0.0
1.277,1.3,4.0,2.7,1.3,0.0,0.0,0.7,3.3,2.0,1.3,0.0,0.0
1.284,1.3,4.0,2.7,1.3,0.0,0.0,1.3,3.3,2.7,1.3,0.0,0.0
1.291,1.3,4.7,3.3,1.3,0.0,0.0,1.3,4.0,2.7,1.3,0.0,0.0
1.298,1.3,5.3,3.3,1.3,0.0,0.0,1.3,4.0,2.7,1.3,0.0,0.0
1.305,2.0,5.3,4.0,2.0,0.0,0.0,1.3,4.0,2.7,1.3,0.0,0.0
1.312,2.0,6.0,4.0,2.0,0.0,0.0,1.3,4.0,2.7,1.3,0.0,0.0
1.319,2.0,6.7,4.7,2.0,0.7,0.0,1.3,4.0,3.3,1.3,0.0,0.0
1.326,2.7,7.3,5.3,2.7,0.7,0.0,1.3,4.7,3.3,2.0,0.0,0.0
1.333,2.7,8.0,5.3,2.7,0.7,0.0,2.0,5.3,4.0,2.0,0.0,0.0
1.340,3.3,8.0,6.0,3.3,0.7,0.0,2.0,6.0,4.0,2.0,0.0,0.0
1.347,3.3,8.7,6.7,3.3,0.7,0.0,2.0,6.0,4.0,2.0,0.7,0.0
1.354,4.0,9.3,6.7,3.3,0.7,0.0,2.0,6.7,4.7,2.7,0.7,0.0
1.361,4.0,10.0,7.3,4.0,0.7,0.0,2.7,7.3,4.7,2.7,0.7,0.0
1.368,4.7,10.7,8.0,4.0,1.3,0.0,2.7,7.3,5.3,2.7,0.7,0.0
1.375,4.7,11.3,8.7,4.7,1.3,0.0,2.7,8.0,5.3,3.3,0.7,0.0
1.382,5.3,12.0,9.3,4.7,1.3,0.0,3.3,8.7,6.0,3.3,0.7,0.0
1.389,5.3,12.7,9.3,5.3,1.3,0.0,4.0,9.3,6.7,3.3,0.7,0.0
1.396,6.0,13.3,10.0,5.3,1.3,0.0,4.0,10.0,6.7,3.3,0.7,0.0
1.403,6.0,13.3,10.7,6.0,2.0,0.0,4.7,10.7,7.3,4.0,0.7,0.0
1.410,6.7,14.0,11.3,6.7,2.0,0.0,4.7,11.3,7.3,4.0,0.7,0.0
1.417,7.3,14.7,12.0,6.7,2.0,0.0,5.3,12.0,8.0,4.0,0.7,0.0
1.424,7.3,15.3,12.0,7.3,2.0,0.0,5.3,12.0,8.0,4.7,0.7,0.0
1.431,8.0,16.0,12.7,8.0,2.7,0.0,6.0,12.7,9.3,4.7,0.7,0.0
1.438,8.7,16.7,13.3,8.0,2.7,0.0,6.0,13.3,10.0,5.3,0.7,-0.7
1.445,9.3,17.3,14.0,8.7,2.7,0.0,7.3,14.7,10.0,5.3,0.7,-0.7
1.452,9.3,18.0,14.7,9.3,3.3,0.7,7.3,14.7,10.7,5.3,0.7,-0.7
1.459,10.0,18.7,15.3,10.0,3.3,0.7,8.0,15.3,11.3,6.0,0.7,-0.7
1.466,10.7,18.7,16.0,10.0,4.0,0.7,8.7,16.0,12.0,6.0,0.7,-0.7
1.473,10.7,19.3,16.0,10.7,4.0,0.7,8.7,16.7,12.0,6.7,1.3,-0.7
1.480,11.3,20.0,16.7,11.3,4.0,0.7,9.3,16.7,12.7,7.3,1.3,-0.7
1.487,12.0,20.7,17.3,12.0,4.7,0.7,10.0,17.3,13.3,8.0,1.3,-0.7
1.494,12.7,20.7,18.0,12.0,4.7,0.7,10.0,18.0,14.0,8.0,1.3,-0.7
1.501,13.3,21.3,18.7,12.7,5.3,1.3,10.7,18.7,14.7,8.7,2.0,-0.7
1.508,13.3,21.3,18.7,13.3,6.0,1.3,11.3,19.3,15.3,8.7,2.0,0.0
1.515,14.0,22.0,19.3,14.0,6.0,1.3,12.0,19.3,15.3,9.3,2.0,0.0
1.522,14.7,22.7,20.0,14.7,6.7,1.3,12.7,20.0,16.0,10.0,2.7,0.0
1.529,15.3,22.7,20.0,14.7,6.7,2.0,12.7,20.0,16.7,10.0,3.3,0.0
1.536,16.0,23.3,20.7,15.3,7.3,2.0,13.3,20.7,16.7,11.3,3.3,0.0
1.543,16.0,23.3,21.3,16.0,8.0,2.0,14.0,20.7,17.3,12.0,4.0,0.0
1.550,16.7,23.3,21.3,16.7,8.0,2.0,14.7,21.3,18.0,12.7,4.7,0.0
1.557,17.3,24.0,22.0,16.7,8.7,2.7,14.7,24.0,18.7,13.3,4.7,0.7
1.564,18.0,24.0,22.0,17.3,9.3,2.7,16.0,22.0,18.7,13.3,5.3,0.7
1.571,18.0,24.7,22.7,18.0,9.3,3.3,16.7,22.7,19.3,14.0,5.3,0.7
1.578,18.7,24.7,22.7,18.7,10.0,3.3,16.7,22.7,19.3,14.7,6.0,1.3
1.585,19.3,24.7,23.3,18.7,10.7,4.0,17.3,22.7,20.0,14.7,6.7,1.3
1.592,19.3,24.7,23.3,19.3,10.7,4.0,17.3,23.3,20.0,15.3,7.3,2.0
1.599,20.0,24.7,24.0,20.0,11.3,4.0,18.0,23.3,20.7,16.0,8.0,2.0
1.606,20.7,25.3,24.0,20.0,12.0,4.7,18.0,23.3,21.3,16.7,8.0,2.7
1.613,20.7,25.3,24.0,20.7,12.7,5.3,18.7,24.0,22.0,17.3,8.7,2.7
1.620,21.3,25.3,24.7,20.7,13.3,5.3,19.3,24.0,22.0,17.3,9.3,3.3
1.627,22.0,25.3,24.7,21.3,13.3,6.0,20.0,24.0,22.7,18.0,10.0,3.3
1.634,22.0,25.3,24.7,22.0,14.0,6.0,20.7,24.0,22.7,18.7,10.0,4.0
1.641,22.7,25.3,25.3,22.0,14.7,6.7,20.7,24.0,22.7,18.7,11.3,4.7
1.648,22.7,25.3,25.3,22.7,15.3,7.3,21.3,24.0,23.3,20.0,12.0,4.7
1.655,23.3,25.3,25.3,22.7,16.0,8.0,21.3,24.7,23.3,20.0,12.7,4.7
1.662,23.3,25.3,25.3,23.3,16.0,8.0,22.0,24.7,24.0,20.7,13.3,5.3
1.669,23.3,25.3,25.3,23.3,16.7,8.7,22.0,24.7,24.0,21.3,14.0,6.0
1.676,24.0,25.3,25.3,23.3,17.3,9.3,22.7,24.7,24.0,21.3,14.7,6.7
1.683,24.0,25.3,25.3,24.0,18.0,10.0,22.7,24.7,24.7,22.0,14.7,7.3
1.690,24.0,24.7,26.0,24.0,18.0,10.7,23.3,24.7,24.7,22.0,15.3,8.0
1.697,24.7,24.7,26.0,24.0,18.7,10.7,23.3,24.7,24.7,22.0,16.0,8.7
1.704,24.7,24.7,26.0,24.7,19.3,11.3,23.3,24.7,24.7,22.7,16.7,8.7
1.711,24.7,24.7,26.0,24.7,19.3,12.0,24.0,24.7,24.7,23.3,17.3,9.3
1.718,24.7,24.0,26.0,24.7,20.0,12.7,24.0,24.7,25.3,23.3,18.0,10.0
1.725,24.7,24.0,25.3,24.7,20.7,13.3,24.0,24.7,25.3,23.3,18.0,10.7
1.732,24.7,24.0,25.3,24.7,20.7,14.0,24.0,24.7,25.3,24.0,18.7,11.3
1.739,24.7,24.0,25.3,25.3,21.3,14.7,24.0,24.0,25.3,24.0,19.3,12.0
1.746,24.7,23.3,25.3,25.3,21.3,15.3,24.0,24.0,25.3,24.0,19.3,12.7
1.753,24.0,23.3,25.3,25.3,22.0,16.0,24.0,24.0,25.3,24.0,20.0,13.3
1.760,24.0,23.3,25.3,25.3,22.7,16.0,24.0,24.0,25.3,24.0,20.7,14.0
1.767,24.0,22.7,25.3,25.3,22.7,16.7,24.0,23.3,25.3,24.7,21.3,14.7
1.774,23.3,22.7,24.7,25.3,23.3,17.3,24.0,23.3,25.3,24.7,21.3,15.3
1.781,23.3,22.0,24.7,25.3,23.3,18.0,24.0,23.3,25.3,24.7,22.0,16.0
1.788,22.7,22.0,24.7,25.3,23.3,18.7,24.0,22.7,25.3,24.7,22.7,16.7
1.795,22.7,21.3,24.7,25.3,24.0,19.3,24.0,22.7,24.7,25.3,22.7,17.3
1.802,22.0,21.3,24.0,25.3,24.0,19.3,23.3,22.7,24.7,25.3,23.3,18.0
1.809,22.0,21.3,24.0,25.3,24.0,20.0,23.3,22.0,24.7,25.3,23.3,18.7
1.816,21.3,21.3,24.0,25.3,24.7,20.7,22.7,22.0,24.7,25.3,24.0,18.7
1.823,21.3,20.7,24.0,25.3,24.7,20.7,22.7,21.3,24.7,25.3,24.0,19.3
1.830,20.7,20.7,24.0,25.3,24.7,21.3,22.0,21.3,24.7,25.3,24.0,20.0
1.837,20.0,20.7,24.0,25.3,25.3,22.0,22.0,21.3,24.0,25.3,24.7,20.0
1.844,20.0,20.0,24.0,25.3,25.3,22.0,22.0,21.3,24.0,25.3,24.7,20.7
1.851,19.3,20.0,23.3,25.3,25.3,22.7,20.7,20.7,24.0,25.3,24.7,21.3
1.858,18.7,20.0,23.3,25.3,25.3,22.7,20.7,20.7,24.0,25.3,24.7,22.0
1.865,18.0,20.0,23.3,25.3,26.0,23.3,20.0,20.7,24.0,25.3,25.3,22.0
1.872,18.0,19.3,23.3,25.3,26.0,23.3,19.3,20.7,24.0,25.3,25.3,22.7
1.879,17.3,19.3,23.3,25.3,26.0,24.0,19.3,20.7,24.0,25.3,25.3,22.7
1.886,16.7,19.3,22.7,25.3,26.0,24.0,18.7,20.0,24.0,25.3,26.0,22.7
1.893,16.0,18.7,22.7,25.3,26.0,24.0,18.0,20.0,24.0,25.3,26.0,23.3
1.900,15.3,18.7,22.7,25.3,26.0,24.7,18.0,20.0,24.0,25.3,26.0,24.0
1.907,14.7,18.7,22.7,25.3,26.0,24.7,16.7,19.3,23.3,25.3,26.0,24.0
1.914,14.0,18.0,22.7,25.3,26.7,25.3,16.0,19.3,23.3,25.3,26.0,24.0
1.921,13.3,18.0,22.7,24.7,26.7,25.3,15.3,19.3,23.3,25.3,26.0,24.7
1.928,12.7,18.0,22.0,24.7,26.7,25.3,14.7,18.7,23.3,25.3,26.0,24.7
1.935,12.0,17.3,22.0,24.7,26.7,26.0,14.0,18.7,23.3,25.3,26.7,25.3
1.942,11.3,17.3,22.0,24.7,26.7,26.0,14.0,18.7,23.3,25.3,26.7,25.3
1.949,11.3,17.3,22.0,24.7,26.7,26.0,13.3,18.7,23.3,25.3,26.7,25.3
1.956,10.0,16.7,21.3,24.7,26.7,26.0,12.7,18.0,23.3,25.3,26.7,26.0
1.963,9.3,16.7,21.3,24.7,26.7,26.0,11.3,18.0,22.7,25.3,26.7,26.0
1.970,9.3,16.0,21.3,24.7,26.7,26.7,10.7,17.3,22.7,25.3,27.3,26.0
1.977,8.7,16.0,21.3,24.7,26.7,26.7,10.7,17.3,22.7,25.3,27.3,26.0
1.984,8.0,16.0,20.7,24.0,26.7,26.7,10.0,17.3,22.7,25.3,27.3,26.7
1.991,7.3,15.3,20.7,24.7,26.7,26.7,9.3,16.7,22.7,25.3,27.3,26.7
1.998,6.7,15.3,20.7,24.7,26.7,26.7,9.3,16.7,22.0,25.3,27.3,26.7
2.005,6.7,15.3,20.7,24.7,26.7,26.7,8.7,16.7,22.0,25.3,27.3,26.7
2.012,6.0,15.3,20.7,24.7,26.7,26.7,8.0,16.0,22.0,25.3,27.3,26.7
2.019,6.0,15.3,20.7,24.7,26.7,26.7,7.3,16.0,22.0,25.3,27.3,27.3
2.026,5.3,15.3,20.7,24.0,26.7,26.7,6.7,16.0,22.0,25.3,27.3,27.3
2.033,4.7,15.3,20.7,24.0,26.7,26.7,6.0,16.0,22.0,25.3,27.3,27.3
2.040,4.7,14.7,20.7,24.0,26.7,26.7,6.0,16.0,22.0,25.3,27.3,27.3
2.047,4.0,14.7,20.0,24.0,26.0,26.0,5.3,16.0,22.0,25.3,27.3,27.3
2.054,4.0,14.7,20.0,23.3,26.0,26.0,4.7,16.0,22.0,25.3,27.3,27.3
2.061,3.3,14.0,19.3,22.7,25.3,25.3,4.7,15.3,21.3,24.7,27.3,26.7
2.068,3.3,14.0,19.3,22.7,24.7,24.7,4.7,15.3,21.3,24.7,27.3,26.7
2.075,2.7,13.3,18.7,22.0,24.0,24.0,4.0,14.7,20.7,24.7,26.7,26.7
2.082,2.0,12.7,18.0,21.3,24.0,23.3,3.3,14.7,20.7,24.0,26.7,26.0
2.089,2.0,12.7,18.0,21.3,23.3,23.3,3.3,14.7,20.7,24.0,26.7,25.3
2.096,1.3,12.0,17.3,20.7,22.7,22.7,3.3,14.0,20.0,24.0,26.0,25.3
2.103,1.3,12.0,16.7,20.0,22.0,22.0,2.7,14.0,20.0,23.3,25.3,24.7
2.110,1.3,11.3,16.7,19.3,21.3,21.3,2.7,13.3,19.3,23.3,25.3,24.7
2.117,0.7,11.3,16.0,18.7,20.7,20.7,2.0,13.3,19.3,22.7,24.7,24.0
2.124,0.7,10.7,15.3,18.0,20.0,20.0,2.0,13.3,18.7,22.0,24.7,24.0
2.131,0.7,10.0,14.7,18.0,19.3,19.3,1.3,12.7,18.7,22.0,24.0,22.7
2.138,0.0,10.0,14.7,17.3,19.3,18.7,1.3,12.0,18.0,21.3,24.0,22.0
2.145,0.0,9.3,14.0,16.7,18.7,18.0,1.3,12.0,18.0,21.3,23.3,22.0
2.152,0.0,9.3,13.3,16.0,18.0,18.0,0.7,11.3,17.3,20.7,23.3,21.3
2.159,0.0,8.7,13.3,16.0,17.3,17.3,0.7,11.3,17.3,20.7,22.7,20.7
2.166,0.0,8.7,12.7,15.3,16.7,16.7,0.7,10.7,16.7,20.0,22.7,20.0
2.173,0.0,8.0,12.0,14.7,16.0,16.0,0.7,10.7,16.7,20.0,22.0,20.0
2.180,0.0,8.0,12.0,14.0,16.0,15.3,0.7,10.7,16.0,19.3,21.3,19.3
2.187,0.0,7.3,11.3,14.0,15.3,15.3,0.7,10.0,16.0,19.3,21.3,18.7
2.194,0.0,7.3,11.3,13.3,14.7,14.7,0.7,10.0,15.3,18.7,20.7,18.0
2.201,0.0,6.7,10.7,12.7,14.7,14.0,0.7,9.3,15.3,18.7,20.7,18.0
2.208,-0.7,6.7,10.0,12.7,14.0,14.0,0.7,9.3,14.7,18.0,20.0,17.3
2.215,-0.7,6.7,10.0,12.0,13.3,13.3,0.7,8.7,14.7,18.0,19.3,16.7
2.222,-0.7,6.0,9.3,12.0,13.3,13.3,0.7,8.7,14.7,17.3,18.7,16.7
2.229,-0.7,6.0,9.3,11.3,12.7,12.7,0.7,8.7,14.0,16.7,18.7,16.0
2.236,-0.7,6.0,9.3,11.3,12.7,12.7,0.0,8.7,13.3,16.7,18.0,16.0
2.243,-0.7,5.3,8.7,11.3,12.7,12.7,0.0,8.0,12.7,16.7,17.3,15.3
2.250,-0.7,5.3,8.7,10.7,12.0,12.7,0.0,8.0,12.7,16.0,17.3,14.7
2.257,-1.3,5.3,8.7,10.7,12.0,12.7,0.0,8.0,12.0,16.0,16.7,14.7
2.264,-1.3,5.3,8.7,10.7,12.0,12.7,0.0,7.3,12.0,16.0,16.7,14.7
2.271,-1.3,5.3,8.7,10.7,12.0,12.7,0.0,7.3,11.3,15.3,16.0,14.0
2.278,-1.3,4.7,8.7,10.7,12.0,12.7,0.0,7.3,11.3,14.7,15.3,14.0
2.285,-1.3,4.7,8.0,10.7,12.0,12.7,-0.7,7.3,10.7,14.7,15.3,14.0
2.292,-1.3,4.7,8.0,10.7,12.0,12.7,-0.7,6.7,10.7,14.0,14.7,14.0
2.299,-1.3,4.7,8.0,10.7,12.0,12.7,-0.7,6.7,10.7,13.3,14.7,14.0
2.306,-2.0,4.7,8.0,10.7,12.0,12.7,-0.7,6.0,10.0,13.3,14.7,14.0
2.313,-2.0,4.7,8.0,10.7,12.0,12.7,-0.7,6.0,10.0,13.3,14.0,14.0
2.320,-2.0,4.7,8.0,10.7,12.7,12.7,-0.7,6.0,10.0,12.7,14.0,14.0
2.327,-2.0,4.7,8.0,10.7,12.7,12.7,-1.3,6.0,10.0,12.7,13.3,14.0
2.334,-2.0,4.7,8.0,10.7,12.7,12.7,-1.3,6.0,9.3,12.7,13.3,14.0
2.341,-2.0,4.7,8.0,10.7,12.7,13.3,-1.3,6.0,9.3,12.0,13.3,14.0
2.348,-2.0,4.7,8.0,10.7,12.7,13.3,-1.3,5.3,9.3,12.0,13.3,14.0
2.355,-2.7,4.7,8.7,10.7,12.7,13.3,-1.3,5.3,9.3,12.0,13.3,14.0
2.362,-2.7,4.7,8.0,10.7,12.7,13.3,-1.3,5.3,8.7,11.3,13.3,14.0
2.369,-2.7,4.0,8.0,10.7,12.7,13.3,-2.0,5.3,8.7,11.3,13.3,14.0
2.376,-2.7,4.0,8.7,11.3,13.3,13.3,-2.0,5.3,8.7,11.3,13.3,14.0
2.383,-3.3,4.0,8.0,11.3,13.3,14.0,-2.0,4.7,8.7,11.3,13.3,14.0
2.390,-3.3,4.0,8.0,11.3,13.3,14.0,-2.0,4.7,8.7,11.3,13.3,14.0
2.397,-3.3,4.0,8.0,11.3,13.3,14.0,-2.7,4.7,8.7,11.3,13.3,14.0
2.404,-3.3,4.0,8.0,11.3,13.3,14.0,-2.7,4.7,8.7,11.3,13.3,14.0
2.411,-4.0,4.0,8.0,11.3,13.3,14.0,-2.7,4.0,8.7,11.3,13.3,14.0
2.418,-4.0,3.3,8.0,11.3,13.3,14.7,-3.3,4.0,8.0,11.3,13.3,14.0
2.425,-4.0,3.3,8.0,11.3,14.0,14.7,-3.3,4.0,8.0,11.3,13.3,14.0
2.432,-4.7,3.3,8.0,11.3,14.0,15.3,-3.3,4.0,8.0,11.3,13.3,14.0
2.439,-4.7,3.3,8.0,11.3,14.0,15.3,-3.3,4.0,8.0,11.3,13.3,14.7
2.446,-5.3,3.3,8.0,12.0,14.7,16.0,-4.0,3.3,8.0,11.3,13.3,14.7
2.453,-5.3,3.3,8.0,12.0,14.7,16.0,-4.0,3.3,8.0,11.3,14.0,14.7
2.460,-6.0,2.7,8.0,12.0,15.3,16.7,-4.0,3.3,8.0,11.3,14.0,14.7
2.467,-6.0,2.7,8.0,12.0,15.3,16.7,-4.7,3.3,8.0,11.3,14.0,15.3
2.474,-6.7,2.7,8.7,12.7,15.3,17.3,-5.3,3.3,8.0,12.0,14.7,15.3
2.481,-6.7,2.7,8.7,12.7,16.0,17.3,-5.3,3.3,8.0,12.0,14.7,16.0
2.488,-7.3,2.7,8.7,12.7,16.0,18.0,-6.0,2.7,8.0,12.0,14.7,16.0
2.495,-7.3,2.0,8.7,12.7,16.7,18.7,-6.0,2.7,8.0,12.0,14.7,16.7
2.502,-8.0,2.0,8.7,13.3,16.7,18.7,-6.7,2.7,8.0,12.0,15.3,16.7
2.509,-8.7,2.0,8.7,13.3,16.7,19.3,-6.7,2.7,8.0,12.0,15.3,16.7
2.516,-8.7,2.0,8.7,13.3,17.3,19.3,-7.3,2.7,8.0,12.0,15.3,17.3
2.523,-9.3,1.3,8.7,13.3,17.3,20.0,-7.3,2.0,8.0,12.7,15.3,18.0
2.530,-9.3,1.3,8.7,13.3,18.0,20.0,-8.0,2.0,8.0,12.7,15.3,18.0
2.537,-10.0,1.3,8.7,13.3,18.0,20.7,-8.7,2.0,8.0,12.7,15.3,18.7
2.544,-10.7,0.7,8.0,14.0,18.0,20.7,-9.3,1.3,8.0,12.7,16.0,18.7
2.551,-10.7,0.7,8.0,14.0,18.7,21.3,-9.3,1.3,8.0,12.7,16.0,19.3
2.558,-11.3,0.7,8.0,14.0,18.7,21.3,-10.0,1.3,8.0,12.7,16.7,19.3
2.565,-12.0,0.0,8.0,14.0,18.7,22.0,-10.0,0.7,8.0,12.7,16.7,20.0
2.572,-12.0,0.0,8.0,14.0,18.7,22.0,-10.7,0.7,8.0,12.7,16.7,20.0
2.579,-12.7,0.0,8.0,14.0,18.7,22.0,-11.3,0.0,7.3,12.7,16.7,20.0
2.586,-13.3,0.0,7.3,14.0,19.3,22.7,-12.0,0.0,7.3,12.7,17.3,20.7
2.593,-14.0,-0.7,7.3,14.0,19.3,22.7,-12.0,-0.7,7.3,12.7,17.3,21.3
2.600,-14.0,-0.7,7.3,14.0,19.3,22.7,-12.7,-0.7,7.3,12.7,17.3,21.3
2.607,-14.7,-0.7,7.3,14.0,19.3,23.3,-13.3,-0.7,7.3,12.7,17.3,21.3
2.614,-14.7,-1.3,6.7,13.3,19.3,23.3,-14.0,-0.7,6.7,12.7,18.0,22.0
2.621,-15.3,-1.3,6.7,13.3,19.3,23.3,-14.0,-1.3,6.7,12.7,18.0,22.0
2.628,-16.0,-2.0,6.7,13.3,19.3,23.3,-14.7,-1.3,6.7,12.7,18.0,22.0
2.635,-16.7,-2.0,6.0,13.3,19.3,23.3,-14.7,-1.3,6.7,12.7,18.0,22.7
2.642,-16.7,-2.7,6.0,13.3,19.3,24.0,-15.3,-2.0,6.7,12.7,18.0,22.7
2.649,-17.3,-3.3,5.3,13.3,19.3,24.0,-16.0,-2.0,6.0,12.7,18.0,22.7
2.656,-18.0,-3.3,5.3,12.7,19.3,24.0,-16.7,-2.7,6.0,12.7,18.0,22.7
2.663,-18.0,-4.0,5.3,12.7,19.3,24.0,-16.7,-2.7,6.0,12.7,18.0,23.3
2.670,-18.7,-4.0,4.7,12.7,19.3,24.0,-17.3,-3.3,5.3,12.7,18.7,23.3
2.677,-19.3,-4.7,4.7,12.7,19.3,24.0,-18.0,-3.3,5.3,12.7,18.7,23.3
2.684,-19.3,-5.3,4.0,12.0,19.3,24.0,-18.0,-4.0,5.3,12.7,18.7,23.3
2.691,-20.0,-5.3,4.0,12.0,19.3,24.0,-18.7,-4.0,4.7,12.7,18.7,23.3
2.698,-20.7,-6.0,3.3,12.0,18.7,24.0,-19.3,-4.7,4.7,12.0,18.7,23.3
2.705,-20.7,-6.7,3.3,11.3,18.7,24.0,-19.3,-5.3,4.0,12.0,18.7,23.3
2.712,-21.3,-6.7,2.7,11.3,18.7,24.0,-20.0,-5.3,4.0,12.0,18.7,23.3
2.719,-21.3,-7.3,2.7,11.3,18.7,24.0,-20.0,-6.0,3.3,12.0,18.7,23.3
2.726,-22.0,-7.3,2.0,10.7,18.7,24.0,-20.7,-6.7,3.3,11.3,18.7,23.3
2.733,-22.7,-8.0,2.0,10.7,18.0,24.0,-21.3,-6.7,3.3,11.3,18.7,23.3
2.740,-22.7,-8.7,1.3,10.0,18.0,24.0,-21.3,-6.7,3.3,11.3,18.7,23.3
2.747,-23.3,-8.7,1.3,10.0,18.0,24.0,-21.3,-7.3,2.7,10.7,18.7,23.3
2.754,-23.3,-9.3,0.7,10.0,18.0,24.0,-22.0,-8.0,2.0,10.7,18.7,24.0
2.761,-24.0,-10.0,0.7,9.3,17.3,24.0,-22.7,-8.0,2.0,10.0,18.0,24.0
2.768,-24.0,-10.0,0.0,9.3,17.3,24.0,-23.3,-8.7,2.0,10.0,18.0,24.0
2.775,-24.7,-10.7,0.0,8.7,17.3,24.0,-23.3,-9.3,1.3,10.0,18.0,24.0
2.782,-24.7,-11.3,0.0,8.7,16.7,24.0,-23.3,-9.3,1.3,10.0,18.0,24.0
2.789,-25.3,-11.3,-0.7,8.0,16.7,24.0,-24.0,-10.0,1.3,9.3,17.3,24.0
2.796,-25.3,-12.0,-0.7,8.0,16.7,23.3,-24.0,-10.0,0.7,9.3,17.3,24.0
2.803,-26.0,-12.7,-1.3,8.0,16.7,23.3,-24.0,-10.7,0.7,8.7,17.3,24.0
2.810,-26.0,-12.7,-1.3,7.3,16.0,23.3,-24.7,-10.7,0.0,8.7,17.3,23.3
2.817,-26.7,-13.3,-2.0,7.3,16.0,23.3,-25.3,-12.0,0.0,8.7,17.3,23.3
2.824,-26.7,-14.0,-2.7,6.7,16.0,23.3,-25.3,-12.0,0.0,8.7,16.7,23.3
2.831,-27.3,-14.0,-2.7,6.7,15.3,23.3,-26.0,-12.7,-0.7,8.0,16.7,23.3
2.838,-27.3,-14.7,-3.3,6.0,15.3,23.3,-26.0,-12.7,-0.7,8.0,16.7,23.3
2.845,-27.3,-14.7,-3.3,6.0,15.3,22.7,-26.7,-13.3,-1.3,8.0,16.7,23.3
2.852,-28.0,-15.3,-4.0,5.3,14.7,22.7,-26.7,-13.3,-1.3,7.3,16.0,23.3
2.859,-28.0,-16.0,-4.7,5.3,14.7,22.7,-27.3,-14.0,-2.0,7.3,16.0,23.3
2.866,-28.7,-16.0,-4.7,4.7,14.0,22.7,-27.3,-14.0,-2.7,6.7,16.0,23.3
2.873,-28.7,-16.7,-5.3,4.7,14.0,22.7,-28.0,-14.7,-2.7,6.7,15.3,23.3
2.880,-28.7,-17.3,-5.3,4.0,14.0,22.0,-28.0,-15.3,-3.3,6.0,15.3,23.3
2.887,-29.3,-17.3,-6.0,4.0,13.3,22.0,-28.0,-16.0,-4.0,6.0,15.3,23.3
2.894,-29.3,-18.0,-6.0,3.3,13.3,22.0,-28.0,-16.0,-4.0,6.0,15.3,23.3
2.901,-29.3,-18.0,-6.7,3.3,13.3,22.0,-28.7,-16.7,-4.7,5.3,15.3,22.7
2.908,-30.0,-18.7,-7.3,2.7,12.7,21.3,-28.7,-16.7,-4.7,5.3,14.7,22.7
2.915,-30.0,-18.7,-7.3,2.0,12.7,21.3,-28.7,-17.3,-4.7,4.7,14.7,22.7
2.922,-30.0,-19.3,-8.0,2.0,12.0,21.3,-29.3,-17.3,-5.3,4.7,14.7,22.7
2.929,-30.7,-20.0,-8.7,2.0,12.0,21.3,-29.3,-18.0,-6.0,4.0,14.0,22.7
2.936,-30.7,-20.0,-8.7,1.3,11.3,20.7,-30.0,-18.7,-6.7,4.0,14.0,22.7
2.943,-30.7,-20.7,-9.3,0.7,11.3,20.7,-30.0,-18.7,-6.7,3.3,14.0,22.0
2.950,-31.3,-20.7,-9.3,0.7,11.3,20.7,-30.0,-19.3,-7.3,3.3,13.3,22.0
2.957,-31.3,-21.3,-10.0,0.0,10.7,20.0,-30.0,-19.3,-7.3,3.3,13.3,22.0
2.964,-31.3,-21.3,-10.7,0.0,10.7,20.0,-30.7,-19.3,-8.0,2.7,12.7,22.0
2.971,-31.3,-22.0,-10.7,0.0,10.0,20.0,-30.7,-20.0,-8.0,2.0,12.7,21.3
2.978,-32.0,-22.0,-11.3,0.0,10.0,20.0,-30.7,-20.0,-8.7,2.0,12.0,21.3
2.985,-32.0,-22.7,-11.3,-0.7,9.3,19.3,-30.7,-20.7,-9.3,1.3,12.0,21.3
2.992,-32.0,-22.7,-12.0,-0.7,9.3,19.3,-31.3,-21.3,-9.3,1.3,12.0,20.7
2.999,-32.0,-23.3,-12.0,-1.3,9.3,19.3,-31.3,-21.3,-10.0,1.3,11.3,20.7
3.006,-32.0,-23.3,-12.7,-1.3,8.7,18.7,-31.3,-22.0,-10.7,0.7,11.3,20.7
3.013,-32.7,-24.0,-12.7,-2.0,8.7,18.7,-31.3,-22.0,-10.7,0.7,10.7,20.0
3.020,-32.7,-24.0,-13.3,-2.7,8.0,18.7,-31.3,-22.7,-10.7,0.0,10.0,20.0
3.027,-32.7,-24.7,-14.0,-2.7,8.0,18.7,-31.3,-22.7,-11.3,0.0,10.0,20.0
3.034,-32.7,-24.7,-14.0,-3.3,7.3,18.0,-32.0,-23.3,-12.0,-0.7,10.0,19.3
3.041,-32.7,-25.3,-14.7,-3.3,7.3,18.0,-32.0,-23.3,-12.7,-1.3,9.3,19.3
3.048,-32.7,-25.3,-14.7,-4.0,6.7,18.0,-32.0,-24.0,-12.7,-1.3,9.3,19.3
3.055,-32.7,-25.3,-15.3,-4.0,6.7,17.3,-32.7,-24.7,-13.3,-2.0,8.7,19.3
3.062,-33.3,-26.0,-15.3,-4.7,6.0,17.3,-32.7,-24.7,-13.3,-2.0,8.7,18.7
3.069,-33.3,-26.0,-16.0,-4.7,6.0,16.7,-32.7,-24.7,-14.0,-2.7,8.0,18.7
3.076,-33.3,-26.7,-16.0,-5.3,6.0,16.7,-32.7,-25.3,-14.0,-2.7,8.0,18.7
3.083,-33.3,-26.7,-16.7,-5.3,5.3,16.7,-32.7,-25.3,-14.7,-3.3,7.3,18.0
3.090,-33.3,-27.3,-17.3,-6.0,5.3,16.0,-32.7,-25.3,-14.7,-4.0,6.7,18.0
3.097,-33.3,-27.3,-17.3,-6.0,4.7,16.0,-32.7,-26.0,-15.3,-4.7,6.7,18.0
3.104,-33.3,-27.3,-18.0,-6.7,4.7,16.0,-32.7,-26.0,-16.0,-4.7,6.0,17.3
3.111,-33.3,-28.0,-18.0,-6.7,4.0,15.3,-33.3,-26.7,-16.7,-5.3,6.0,16.7
3.118,-33.3,-28.0,-18.7,-7.3,4.0,15.3,-33.3,-26.7,-16.7,-5.3,5.3,16.7
3.125,-33.3,-28.0,-18.7,-7.3,3.3,15.3,-33.3,-27.3,-17.3,-6.0,5.3,16.0
3.132,-33.3,-28.7,-18.7,-8.0,3.3,14.7,-33.3,-27.3,-17.3,-6.0,5.3,16.0
3.139,-33.3,-28.7,-19.3,-8.0,2.7,14.7,-33.3,-27.3,-18.0,-6.0,4.7,16.0
3.146,-33.3,-29.3,-20.0,-8.7,2.7,14.7,-33.3,-27.3,-18.0,-6.7,4.0,16.0
3.153,-33.3,-29.3,-20.0,-8.7,2.0,14.0,-33.3,-28.0,-18.7,-7.3,4.0,15.3
3.160,-33.3,-29.3,-20.0,-9.3,2.0,14.0,-33.3,-28.0,-18.7,-7.3,3.3,15.3
3.167,-33.3,-29.3,-20.7,-9.3,1.3,13.3,-33.3,-28.7,-19.3,-8.0,2.7,14.7
3.174,-33.3,-30.0,-21.3,-10.0,1.3,13.3,-33.3,-28.7,-19.3,-8.0,2.7,14.7
3.181,-33.3,-30.0,-21.3,-10.0,0.7,13.3,-33.3,-29.3,-20.0,-8.7,2.7,14.7
3.188,-33.3,-30.0,-21.3,-10.7,0.7,12.7,-33.3,-29.3,-20.0,-8.7,2.0,14.0
3.195,-33.3,-30.7,-22.0,-11.3,0.0,12.7,-33.3,-29.3,-20.7,-9.3,2.0,14.0
3.202,-33.3,-30.7,-22.0,-11.3,0.0,12.0,-33.3,-29.3,-20.7,-9.3,1.3,13.3
3.209,-33.3,-30.7,-22.7,-12.0,0.0,12.0,-33.3,-30.0,-20.7,-10.0,0.7,13.3
3.216,-33.3,-31.3,-22.7,-12.0,0.0,12.0,-33.3,-30.0,-21.3,-10.7,0.7,13.3
3.223,-33.3,-31.3,-23.3,-12.7,-0.7,11.3,-33.3,-30.0,-22.0,-11.3,0.0,12.7
3.230,-33.3,-31.3,-23.3,-12.7,-0.7,11.3,-33.3,-30.7,-22.0,-11.3,0.0,12.7
3.237,-33.3,-31.3,-24.0,-13.3,-1.3,10.7,-33.3,-30.7,-22.7,-12.0,0.0,12.0
3.244,-33.3,-32.0,-24.0,-13.3,-1.3,10.7,-33.3,-30.7,-22.7,-12.0,0.0,12.0
3.251,-33.3,-32.0,-24.7,-14.0,-2.0,10.0,-33.3,-30.7,-22.7,-12.7,0.0,11.3
3.258,-33.3,-32.0,-24.7,-14.7,-2.0,10.0,-33.3,-31.3,-23.3,-12.7,-0.7,11.3
3.265,-32.7,-32.0,-25.3,-14.7,-2.7,9.3,-33.3,-31.3,-23.3,-13.3,-1.3,10.7
3.272,-32.7,-32.7,-25.3,-15.3,-3.3,9.3,-33.3,-31.3,-24.0,-14.0,-1.3,10.7
3.279,-32.7,-32.7,-26.0,-15.3,-3.3,9.3,-33.3,-31.3,-24.7,-14.0,-2.0,10.7
3.286,-32.7,-32.7,-26.0,-16.0,-4.0,8.7,-32.7,-32.0,-24.7,-14.7,-2.0,10.0
3.293,-32.7,-32.7,-26.0,-16.0,-4.0,8.7,-32.7,-32.0,-25.3,-14.7,-2.7,10.0
3.300,-32.7,-32.7,-26.7,-16.7,-4.7,8.0,-32.7,-32.0,-25.3,-14.7,-2.7,9.3
3.307,-32.7,-33.3,-26.7,-16.7,-4.7,8.0,-32.7,-32.0,-25.3,-15.3,-3.3,9.3
3.314,-32.0,-33.3,-27.3,-17.3,-5.3,7.3,-32.7,-32.0,-25.3,-15.3,-4.0,8.7
3.321,-32.0,-33.3,-27.3,-17.3,-5.3,7.3,-32.7,-32.7,-26.0,-16.0,-4.0,8.7
3.328,-32.0,-33.3,-27.3,-18.0,-6.0,6.7,-32.7,-32.7,-26.7,-16.7,-4.7,8.7
3.335,-32.0,-33.3,-28.0,-18.0,-6.0,6.7,-32.7,-32.7,-26.7,-16.7,-4.7,8.0
3.342,-32.0,-33.3,-28.0,-18.7,-6.7,6.0,-32.0,-32.7,-26.7,-17.3,-5.3,7.3
3.349,-31.3,-34.0,-28.7,-18.7,-6.7,6.0,-32.0,-33.3,-27.3,-17.3,-5.3,7.3
3.356,-31.3,-34.0,-28.7,-19.3,-7.3,5.3,-32.0,-33.3,-27.3,-17.3,-6.0,6.7
3.363,-31.3,-34.0,-28.7,-19.3,-7.3,5.3,-32.0,-33.3,-27.3,-18.0,-6.0,6.7
3.370,-31.3,-34.0,-29.3,-20.0,-8.0,4.7,-32.0,-33.3,-28.0,-18.0,-6.7,6.0
3.377,-31.3,-34.0,-29.3,-20.0,-8.7,4.7,-31.3,-33.3,-28.0,-18.7,-6.7,6.0
3.384,-30.7,-34.0,-29.3,-20.7,-8.7,4.0,-31.3,-33.3,-28.7,-19.3,-7.3,6.0
3.391,-30.7,-34.0,-30.0,-21.3,-9.3,4.0,-31.3,-33.3,-28.7,-19.3,-7.3,5.3
3.398,-30.7,-34.0,-30.0,-21.3,-9.3,3.3,-31.3,-33.3,-28.7,-20.0,-8.0,4.7
3.405,-30.0,-34.0,-30.0,-21.3,-10.0,3.3,-31.3,-33.3,-29.3,-20.0,-8.0,4.7
3.412,-30.0,-34.0,-30.7,-22.0,-10.0,2.7,-30.7,-33.3,-29.3,-20.7,-8.7,4.0
3.419,-30.0,-34.0,-30.7,-22.0,-10.7,2.7,-30.7,-33.3,-29.3,-20.7,-8.7,4.0
3.426,-29.3,-34.0,-30.7,-22.7,-11.3,2.0,-30.7,-33.3,-29.3,-20.7,-9.3,3.3
3.433,-29.3,-34.7,-31.3,-23.3,-11.3,1.3,-30.7,-33.3,-30.0,-21.3,-10.0,3.3
3.440,-29.3,-34.7,-31.3,-23.3,-12.0,1.3,-30.0,-33.3,-30.0,-22.0,-10.0,3.3
3.447,-29.3,-34.7,-31.3,-23.3,-12.0,0.7,-30.0,-34.0,-30.7,-22.0,-10.7,2.7
3.454,-28.7,-34.7,-31.3,-24.0,-12.7,0.7,-29.3,-34.0,-30.7,-22.7,-11.3,2.0
3.461,-28.7,-34.7,-32.0,-24.0,-12.7,0.0,-29.3,-34.0,-30.7,-22.7,-11.3,1.3
3.468,-28.7,-34.7,-32.0,-24.7,-13.3,0.0,-29.3,-34.0,-30.7,-23.3,-12.0,1.3
3.475,-28.0,-34.7,-32.0,-24.7,-13.3,0.0,-29.3,-34.0,-30.7,-23.3,-12.0,0.7
3.482,-28.0,-34.7,-32.7,-25.3,-14.0,-0.7,-28.7,-34.0,-31.3,-23.3,-12.7,0.7
3.489,-28.0,-34.0,-32.7,-25.3,-14.7,-0.7,-28.7,-34.0,-31.3,-24.0,-12.7,0.0
3.496,-27.3,-34.0,-32.7,-26.0,-14.7,-1.3,-28.7,-34.0,-31.3,-24.0,-13.3,0.0
3.503,-27.3,-34.0,-32.7,-26.0,-15.3,-1.3,-28.7,-34.0,-32.0,-24.7,-14.0,0.0
3.510,-26.7,-34.0,-33.3,-26.7,-15.3,-2.0,-28.0,-0.7,-32.0,-24.7,-14.0,-0.7
3.517,-26.7,-34.0,-33.3,-26.7,-16.0,-2.0,-28.0,-34.0,-32.0,-25.3,-14.7,-0.7
3.524,-26.7,-34.0,-33.3,-26.7,-16.0,-2.7,-27.3,-34.0,-32.7,-25.3,-14.7,-1.3
3.531,-26.0,-34.0,-33.3,-27.3,-16.7,-2.7,-27.3,-34.0,-32.7,-26.0,-15.3,-1.3
3.538,-26.0,-34.0,-33.3,-27.3,-16.7,-3.3,-26.7,-34.0,-32.7,-26.0,-15.3,-2.0
3.545,-25.3,-34.0,-34.0,-28.0,-17.3,-4.0,-26.7,-34.0,-32.7,-26.7,-16.0,-2.0
3.552,-25.3,-34.0,-34.0,-28.0,-18.0,-4.0,-26.0,-34.0,-32.7,-26.7,-16.0,-2.7
3.559,-25.3,-34.0,-34.0,-28.0,-18.0,-4.7,-26.0,-34.0,-33.3,-27.3,-16.7,-2.7
3.566,-24.7,-33.3,-34.0,-28.7,-18.0,-4.7,-26.0,-34.0,-33.3,-27.3,-17.3,-3.3
3.573,-24.7,-33.3,-34.0,-28.7,-18.7,-5.3,-25.3,-34.0,-33.3,-28.0,-17.3,-4.0
3.580,-24.0,-33.3,-34.0,-28.7,-18.7,-5.3,-25.3,-34.0,-33.3,-28.0,-17.3,-4.0
3.587,-24.0,-33.3,-34.0,-29.3,-19.3,-6.0,-24.7,-33.3,-33.3,-28.0,-18.0,-4.7
3.594,-23.3,-33.3,-34.7,-29.3,-20.0,-6.0,-24.7,-33.3,-33.3,-28.0,-18.0,-4.7
3.601,-23.3,-33.3,-34.7,-29.3,-20.0,-6.7,-24.7,-33.3,-33.3,-28.7,-18.7,-5.3
3.608,-23.3,-32.7,-34.7,-30.0,-20.0,-6.7,-24.0,-33.3,-34.0,-28.7,-19.3,-5.3
3.615,-22.7,-32.7,-34.7,-30.0,-20.7,-7.3,-24.0,-33.3,-34.0,-29.3,-19.3,-6.0
3.622,-22.0,-32.7,-34.7,-30.0,-20.7,-8.0,-24.0,-33.3,-34.0,-29.3,-20.0,-6.0
3.629,-22.0,-32.7,-34.7,-30.7,-21.3,-8.0,-23.3,-32.7,-34.0,-29.3,-20.0,-6.7
3.636,-22.0,-32.7,-34.7,-30.7,-21.3,-8.7,-22.7,-32.7,-34.0,-29.3,-20.7,-7.3
3.643,-21.3,-32.0,-34.7,-30.7,-22.0,-8.7,-22.7,-32.7,-34.0,-30.0,-20.7,-7.3
3.650,-20.7,-32.0,-34.7,-31.3,-22.0,-9.3,-22.0,-32.7,-34.0,-30.0,-20.7,-8.0
3.657,-20.7,-32.0,-34.7,-31.3,-22.7,-9.3,-22.0,-32.7,-34.7,-30.0,-21.3,-8.0
3.664,-20.7,-32.0,-34.7,-31.3,-22.7,-10.0,-21.3,-32.0,-34.7,-30.7,-21.3,-8.7
3.671,-20.0,-31.3,-34.7,-32.0,-23.3,-10.0,-21.3,-32.0,-34.7,-30.7,-22.0,-8.7
3.678,-20.0,-31.3,-34.7,-32.0,-23.3,-10.7,-20.7,-32.0,-34.7,-31.3,-22.0,-9.3
3.685,-19.3,-31.3,-34.7,-32.0,-24.0,-10.7,-20.7,-32.0,-34.7,-31.3,-22.7,-9.3
3.692,-18.7,-30.7,-34.7,-32.0,-24.0,-11.3,-20.0,-32.0,-34.7,-31.3,-22.7,-10.0
3.699,-18.7,-30.7,-34.7,-32.7,-24.7,-12.0,-20.0,-31.3,-34.7,-32.0,-23.3,-10.0
3.706,-18.0,-30.7,-34.7,-32.7,-24.7,-12.0,-19.3,-31.3,-34.7,-32.0,-23.3,-10.7
3.713,-18.0,-30.7,-34.7,-32.7,-24.7,-12.7,-19.3,-31.3,-34.7,-32.0,-24.0,-11.3
3.720,-17.3,-30.0,-34.7,-32.7,-25.3,-12.7,-18.7,-30.7,-34.7,-32.0,-24.0,-11.3
3.727,-17.3,-30.0,-34.7,-32.7,-25.3,-13.3,-18.7,-30.7,-34.7,-32.0,-24.7,-12.0
3.734,-16.7,-30.0,-34.7,-33.3,-26.0,-13.3,-18.0,-30.7,-34.7,-32.0,-24.7,-12.0
3.741,-16.7,-29.3,-34.7,-33.3,-26.0,-14.0,-18.0,-30.7,-34.7,-32.7,-25.3,-12.7
3.748,-16.0,-29.3,-34.7,-33.3,-26.7,-14.7,-17.3,-30.0,-34.7,-32.7,-25.3,-13.3
3.755,-15.3,-28.7,-34.7,-33.3,-26.7,-14.7,-16.7,-30.0,-34.7,-32.7,-25.3,-13.3
3.762,-14.7,-28.7,-34.7,-34.0,-27.3,-15.3,-16.7,-30.0,-34.7,-32.7,-26.0,-14.0
3.769,-14.0,-28.0,-34.0,-34.0,-27.3,-16.0,-16.0,-29.3,-34.7,-33.3,-26.0,-14.0
3.776,-13.3,-28.0,-34.0,-34.0,-28.0,-16.7,-16.0,-29.3,-34.7,-33.3,-26.7,-14.7
3.783,-13.3,-27.3,-34.0,-34.0,-28.0,-17.3,-15.3,-28.7,-34.7,-33.3,-26.7,-15.3
3.790,-12.7,-26.7,-34.0,-34.0,-28.7,-17.3,-14.7,-28.7,-34.7,-33.3,-27.3,-15.3
3.797,-12.0,-26.7,-34.0,-34.7,-28.7,-18.0,-14.0,-28.7,-34.0,-34.0,-27.3,-16.0
3.804,-11.3,-26.0,-33.3,-34.7,-29.3,-18.7,-14.0,-28.0,-34.0,-34.0,-28.0,-16.7
3.811,-11.3,-26.0,-33.3,-34.7,-30.0,-19.3,-12.7,-27.3,-34.0,-34.0,-28.0,-17.3
3.818,-10.7,-25.3,-33.3,-34.7,-30.0,-19.3,-12.0,-26.7,-34.0,-34.0,-28.0,-18.0
3.825,-10.0,-25.3,-33.3,-35.3,-30.7,-20.0,-12.0,-26.7,-34.0,-34.0,-28.7,-18.7
3.832,-10.0,-24.7,-33.3,-35.3,-30.7,-20.7,-11.3,-26.0,-33.3,-34.7,-28.7,-18.7
3.839,-9.3,-24.7,-33.3,-35.3,-31.3,-21.3,-10.7,-26.0,-33.3,-34.7,-29.3,-19.3
3.846,-8.7,-24.0,-33.3,-35.3,-32.0,-22.0,-10.7,-25.3,-33.3,-34.7,-30.0,-19.3
3.853,-8.7,-24.0,-33.3,-36.0,-32.0,-22.7,-10.0,-25.3,-33.3,-34.7,-30.7,-20.0
3.860,-8.0,-24.0,-32.7,-36.0,-32.7,-23.3,-10.0,-24.7,-33.3,-35.3,-30.7,-20.7
3.867,-8.0,-23.3,-32.7,-36.0,-33.3,-24.0,-8.7,-24.0,-33.3,-35.3,-31.3,-22.0
3.874,-7.3,-23.3,-32.7,-36.0,-33.3,-24.7,-8.7,-24.0,-33.3,-35.3,-32.0,-22.7
3.881,-7.3,-22.7,-32.7,-36.7,-34.0,-24.7,-8.0,-24.0,-33.3,-35.3,-32.0,-23.3
3.888,-6.7,-22.7,-32.7,-36.7,-34.0,-25.3,-8.0,-23.3,-32.7,-35.3,-32.0,-23.3
3.895,-6.0,-22.0,-32.7,-36.7,-34.7,-26.0,-7.3,-23.3,-32.7,-35.3,-32.7,-24.0
3.902,-6.0,-22.0,-32.0,-36.7,-34.7,-26.7,-7.3,-22.7,-32.7,-36.0,-33.3,-24.7
3.909,-5.3,-21.3,-32.0,-36.7,-35.3,-27.3,-7.3,-22.7,-32.7,-36.0,-33.3,-25.3
3.916,-5.3,-21.3,-32.0,-37.3,-36.0,-28.0,-6.7,-22.7,-32.7,-36.0,-34.0,-25.3
3.923,-4.7,-20.7,-32.0,-37.3,-36.0,-28.7,-6.0,-22.0,-32.0,-36.0,-34.7,-26.7
3.930,-4.0,-20.0,-31.3,-37.3,-36.7,-29.3,-5.3,-21.3,-32.0,-36.0,-34.7,-27.3
3.937,-3.3,-19.3,-31.3,-37.3,-36.7,-30.0,-5.3,-21.3,-32.0,-36.7,-35.3,-28.0
3.944,-2.7,-19.3,-30.7,-37.3,-37.3,-30.7,-4.7,-20.7,-32.0,-36.7,-35.3,-28.7
3.951,-2.0,-18.7,-30.7,-37.3,-37.3,-31.3,-4.0,-20.0,-31.3,-36.7,-36.0,-29.3
3.958,-1.3,-18.0,-30.0,-37.3,-38.0,-32.0,-4.0,-19.3,-31.3,-36.7,-36.0,-29.3
3.965,-0.7,-17.3,-29.3,-36.7,-38.0,-32.7,-3.3,-19.3,-30.7,-36.7,-36.7,-30.0
3.972,0.0,-16.0,-29.3,-36.7,-38.0,-33.3,-2.7,-18.7,-30.7,-36.7,-36.7,-30.7
3.979,0.0,-16.0,-28.7,-36.7,-38.7,-33.3,-1.3,-18.0,-30.0,-36.7,-37.3,-32.0
3.986,0.7,-14.7,-28.0,-36.7,-38.7,-34.0,-0.7,-17.3,-29.3,-36.7,-37.3,-32.7
3.993,1.3,-14.7,-27.3,-36.0,-38.7,-34.7,0.0,-16.7,-29.3,-36.7,-37.3,-32.7
4.000,2.0,-14.0,-27.3,-36.0,-39.3,-35.3,0.0,-16.0,-29.3,-36.7,-38.0,-33.3
4.007,2.7,-13.3,-26.7,-36.0,-39.3,-36.0,0.7,-15.3,-28.7,-36.7,-38.7,-34.0
4.014,3.3,-12.7,-26.0,-35.3,-39.3,-36.7,0.7,-14.7,-28.7,-36.0,-38.7,-34.7
4.021,3.3,-12.0,-25.3,-35.3,-39.3,-36.7,1.3,-14.7,-28.0,-36.0,-38.7,-34.7
4.028,4.0,-11.3,-25.3,-35.3,-40.0,-37.3,2.0,-14.0,-27.3,-36.0,-39.3,-35.3
4.035,4.7,-10.7,-24.7,-35.3,-40.0,-38.0,2.7,-12.7,-26.7,-35.3,-39.3,-36.7
4.042,5.3,-10.0,-24.0,-34.7,-40.0,-38.7,3.3,-12.0,-26.0,-35.3,-39.3,-36.7
4.049,5.3,-9.3,-23.3,-34.7,-40.0,-38.7,4.0,-11.3,-25.3,-35.3,-40.0,-37.3
4.056,6.0,-8.7,-23.3,-34.0,-40.0,-39.3,4.7,-10.7,-25.3,-35.3,-40.0,-38.0
4.063,6.7,-8.0,-22.7,-34.0,-40.0,-40.0,4.7,-10.7,-24.7,-35.3,-40.0,-38.7
4.070,6.7,-7.3,-22.0,-34.0,-40.0,-40.0,5.3,-10.0,-24.7,-34.7,-40.0,-38.7
4.077,7.3,-6.7,-21.3,-33.3,-40.0,-40.7,5.3,-9.3,-23.3,-34.7,-40.0,-39.3
4.084,8.0,-6.7,-20.7,-32.7,-40.0,-41.3,6.0,-8.7,-23.3,-34.0,-40.0,-39.3
4.091,8.0,-6.0,-20.7,-32.7,-40.0,-41.3,6.7,-7.3,-22.7,-34.0,-40.0,-40.7
4.098,8.7,-5.3,-20.0,-32.0,-40.0,-42.0,7.3,-6.7,-22.0,-34.0,-40.0,-40.7
4.105,8.7,-4.7,-19.3,-32.0,-40.0,-42.0,7.3,-6.7,-21.3,-33.3,-40.0,-41.3
4.112,9.3,-4.0,-18.7,-31.3,-40.0,-42.0,8.0,-6.0,-21.3,-33.3,-40.0,-42.0
4.119,9.3,-3.3,-18.0,-30.7,-40.0,-42.7,8.7,-5.3,-20.7,-32.7,-40.0,-42.0
4.126,10.0,-2.7,-16.7,-30.0,-39.3,-42.7,8.7,-4.7,-20.0,-32.7,-40.0,-42.0
4.133,10.7,-1.3,-16.0,-29.3,-39.3,-42.7,8.7,-4.7,-19.3,-32.0,-40.0,-42.7
4.140,11.3,-0.7,-15.3,-28.7,-38.7,-43.3,9.3,-4.0,-18.7,-31.3,-40.0,-42.7
4.147,11.3,0.0,-14.0,-28.0,-38.0,-43.3,10.0,-2.7,-17.3,-30.7,-40.0,-42.7
4.154,12.0,0.7,-13.3,-27.3,-38.0,-43.3,10.0,-2.0,-16.7,-30.7,-40.0,-43.3
4.161,12.0,1.3,-12.0,-26.0,-37.3,-43.3,10.7,-1.3,-16.0,-30.0,-40.0,-43.3
4.168,12.7,2.0,-11.3,-25.3,-36.7,-43.3,10.7,-0.7,-15.3,-29.3,-40.0,-43.3
4.175,13.3,2.7,-10.0,-24.7,-36.0,-42.7,11.3,0.0,-14.7,-29.3,-39.3,-43.3
4.182,13.3,3.3,-9.3,-23.3,-35.3,-42.7,11.3,0.7,-14.0,-28.0,-38.7,-44.0
4.189,13.3,4.0,-8.7,-22.7,-34.7,-42.7,12.0,0.7,-12.7,-27.3,-38.7,-44.0
4.196,14.0,4.7,-7.3,-22.0,-34.7,-42.7,12.0,1.3,-12.0,-26.7,-38.0,-43.3
4.203,14.0,5.3,-6.7,-20.7,-34.0,-42.7,13.3,2.7,-11.3,-26.0,-38.0,-43.3
4.210,14.0,6.0,-6.0,-20.0,-33.3,-42.0,13.3,3.3,-10.7,-25.3,-38.0,-43.3
4.217,14.0,6.7,-5.3,-19.3,-32.7,-42.0,13.3,4.0,-9.3,-25.3,-38.0,-43.3
4.224,14.0,7.3,-4.0,-18.7,-32.0,-42.0,13.3,4.0,-9.3,-24.7,-37.3,-43.3
4.231,14.0,7.3,-3.3,-17.3,-31.3,-41.3,13.3,4.7,-8.7,-24.0,-37.3,-43.3
4.238,13.3,8.0,-2.7,-16.7,-30.7,-41.3,13.3,5.3,-8.0,-22.7,-36.7,-43.3
4.245,13.3,8.7,-2.0,-16.0,-30.0,-40.7,13.3,6.0,-6.7,-22.0,-36.0,-43.3
4.252,13.3,8.7,-1.3,-15.3,-29.3,-40.7,13.3,6.0,-6.0,-21.3,-36.0,-43.3
4.259,12.7,9.3,-0.7,-14.0,-28.7,-40.0,13.3,7.3,-5.3,-20.7,-35.3,-43.3
4.266,12.7,9.3,0.0,-13.3,-27.3,-39.3,13.3,7.3,-4.7,-20.0,-35.3,-43.3
4.273,12.0,9.3,0.0,-12.7,-26.7,-39.3,13.3,8.0,-4.0,-19.3,-34.7,-42.7
4.280,12.0,10.0,0.7,-12.0,-26.0,-38.7,12.7,8.0,-3.3,-18.7,-34.0,-42.7
4.287,11.3,10.0,1.3,-10.7,-25.3,-38.0,12.7,8.7,-2.7,-18.0,-32.7,-42.0
4.294,10.7,10.0,2.0,-10.0,-24.7,-37.3,12.0,8.7,-2.0,-16.0,-32.0,-42.0
4.301,10.7,10.0,2.7,-9.3,-23.3,-36.7,12.0,8.7,-1.3,-15.3,-31.3,-41.3
4.308,10.0,10.0,3.3,-8.7,-22.7,-36.7,12.0,9.3,-0.7,-14.7,-30.7,-41.3
4.315,9.3,10.0,3.3,-7.3,-22.0,-36.0,10.7,9.3,0.0,-14.0,-30.7,-40.7
4.322,8.7,10.0,4.0,-6.7,-20.7,-34.7,10.7,9.3,0.7,-13.3,-30.0,-40.0
4.329,8.0,10.0,4.7,-5.3,-19.3,-34.0,10.0,9.3,1.3,-12.7,-29.3,-39.3
4.336,7.3,10.0,5.3,-4.7,-18.7,-32.7,9.3,9.3,1.3,-12.0,-28.7,-38.7
4.343,6.7,10.0,6.0,-3.3,-17.3,-31.3,9.3,9.3,2.0,-10.7,-27.3,-38.0
4.350,5.3,10.0,6.7,-2.7,-16.0,-30.7,8.7,9.3,2.0,-8.7,-26.7,-37.3
4.357,4.7,10.0,7.3,-1.3,-14.7,-29.3,8.0,9.3,3.3,-8.0,-26.0,-36.7
4.364,3.3,9.3,7.3,-0.7,-13.3,-28.7,7.3,9.3,4.0,-7.3,-25.3,-35.3
4.371,2.7,9.3,8.0,0.0,-12.7,-27.3,5.3,9.3,4.0,-6.0,-24.7,-33.3
4.378,1.3,8.7,8.0,0.7,-11.3,-26.0,4.7,9.3,4.7,-5.3,-24.0,-32.7
4.385,0.0,8.0,8.0,1.3,-10.0,-24.7,3.3,8.7,5.3,-4.7,-23.3,-31.3
4.392,0.0,7.3,8.7,2.0,-8.7,-23.3,2.0,8.7,5.3,-4.0,-22.7,-30.7
4.399,-1.3,6.7,8.7,2.7,-8.0,-22.7,1.3,8.0,6.0,-3.3,-21.3,-29.3
4.406,-2.7,6.0,8.0,3.3,-6.7,-21.3,0.0,8.0,6.0,-2.0,-20.7,-28.0
4.413,-4.0,5.3,8.0,4.0,-6.0,-20.0,-0.7,7.3,6.7,-1.3,-20.0,-27.3
4.420,-6.0,4.7,8.0,4.0,-4.7,-19.3,-1.3,6.7,6.7,-0.7,-19.3,-26.0
4.427,-7.3,3.3,7.3,4.7,-4.0,-18.0,-3.3,5.3,6.7,0.0,-18.0,-24.0
4.434,-8.7,2.7,7.3,4.7,-3.3,-16.7,-4.0,4.7,6.7,0.7,-17.3,-22.7
4.441,-10.7,1.3,6.7,5.3,-2.7,-16.0,-5.3,4.0,6.7,1.3,-16.0,-21.3
4.448,-12.0,0.0,6.7,5.3,-2.0,-14.7,-7.3,3.3,6.7,2.0,-15.3,-20.7
4.455,-14.0,-0.7,6.0,5.3,-0.7,-14.0,-8.7,2.7,6.7,2.0,-13.3,-19.3
4.462,-15.3,-2.0,5.3,5.3,0.0,-12.7,-10.0,2.0,6.7,2.7,-12.0,-18.0
4.469,-16.7,-2.7,4.7,5.3,0.0,-11.3,-11.3,0.7,6.0,3.3,-10.7,-17.3
4.476,-18.7,-4.0,4.0,5.3,0.0,-10.7,-12.7,0.0,5.3,3.3,-9.3,-15.3
4.483,-20.0,-5.3,2.7,5.3,0.7,-9.3,-15.3,-2.0,5.3,3.3,-8.0,-14.0
4.490,-22.0,-7.3,2.0,5.3,1.3,-8.7,-17.3,-3.3,4.7,4.0,-6.7,-13.3
4.497,-23.3,-8.7,1.3,5.3,1.3,-8.0,-18.7,-4.0,4.0,4.0,-4.7,-12.0
4.504,-24.7,-10.0,0.0,4.7,2.0,-6.7,-20.0,-5.3,2.7,4.0,-3.3,-11.3
4.511,-26.7,-11.3,0.0,4.7,2.7,-6.0,-21.3,-6.7,2.0,4.0,-1.3,-10.0
4.518,-28.0,-12.7,-1.3,4.0,2.7,-4.7,-22.7,-7.3,1.3,4.0,0.0,-9.3
4.525,-30.0,-14.7,-2.0,3.3,2.7,-4.0,-24.0,-8.7,0.7,4.0,0.7,-8.7
4.532,-31.3,-16.0,-3.3,2.7,3.3,-3.3,-25.3,-10.0,-0.7,4.0,1.3,-7.3
4.539,-33.3,-18.0,-4.7,2.7,3.3,-2.7,-28.0,-12.7,-1.3,3.3,2.0,-5.3
4.546,-34.7,-19.3,-6.0,1.3,3.3,-2.0,-29.3,-14.0,-2.0,3.3,2.7,-4.7
4.553,-36.7,-21.3,-7.3,0.7,3.3,-1.3,-31.3,-16.0,-2.7,2.7,3.3,-3.3
4.560,-38.0,-22.7,-8.7,0.0,3.3,-0.7,-32.7,-17.3,-4.0,2.7,3.3,-2.7
4.567,-39.3,-24.7,-10.0,0.0,3.3,0.0,-34.7,-18.7,-4.7,2.0,3.3,-2.0
4.574,-40.7,-26.0,-11.3,-0.7,2.7,0.0,-36.0,-20.0,-5.3,0.7,4.0,-1.3
4.581,-42.0,-27.3,-13.3,-2.0,2.7,0.7,-36.7,-20.7,-7.3,0.7,3.3,-0.7
4.588,-43.3,-29.3,-14.7,-2.7,2.0,0.7,-38.0,-22.0,-8.7,0.0,3.3,0.0
4.595,-45.3,-30.7,-16.0,-4.0,2.0,1.3,-40.7,-25.3,-10.0,0.0,3.3,0.7
4.602,-46.0,-32.0,-17.3,-5.3,1.3,1.3,-42.0,-26.7,-11.3,-0.7,3.3,1.3
4.609,-47.3,-34.0,-19.3,-6.0,0.7,1.3,-42.7,-28.0,-12.7,-0.7,3.3,1.3
4.616,-48.7,-35.3,-20.7,-7.3,0.0,1.3,-44.0,-28.7,-14.0,-1.3,3.3,2.0
4.623,-50.0,-36.7,-22.0,-8.7,0.0,2.0,-45.3,-30.0,-14.7,-2.0,3.3,2.0
4.630,-50.7,-38.7,-24.0,-10.0,-0.7,2.0,-46.0,-31.3,-16.0,-3.3,3.3,2.0
4.637,-52.0,-40.0,-25.3,-11.3,-1.3,2.0,-47.3,-32.0,-18.0,-4.0,3.3,2.7
4.644,-52.7,-41.3,-27.3,-12.7,-2.0,1.3,-49.3,-34.7,-19.3,-4.7,3.3,2.7
4.651,-54.0,-42.7,-28.7,-14.0,-3.3,1.3,-50.0,-36.0,-20.0,-5.3,3.3,2.7
4.658,-54.7,-44.0,-30.0,-16.0,-4.0,1.3,-51.3,-37.3,-21.3,-6.0,3.3,2.7
4.665,-55.3,-45.3,-32.0,-17.3,-5.3,0.7,-52.0,-38.7,-22.7,-6.7,3.3,2.7
4.672,-56.0,-46.7,-33.3,-18.7,-6.0,0.0,-52.7,-39.3,-23.3,-8.0,2.7,2.7
4.679,-56.7,-48.0,-34.7,-20.0,-7.3,0.0,-53.3,-40.7,-25.3,-9.3,2.0,2.7
4.686,-57.3,-49.3,-36.7,-21.3,-8.7,0.0,-54.0,-41.3,-26.0,-10.0,2.0,2.7
4.693,-57.3,-50.7,-38.0,-23.3,-10.0,-0.7,-55.3,-43.3,-27.3,-10.7,1.3,2.7
4.700,-58.0,-51.3,-39.3,-24.7,-10.7,-1.3,-55.3,-44.7,-28.7,-11.3,0.7,2.0
4.707,-58.0,-52.7,-40.7,-26.7,-12.0,-2.0,-56.0,-46.0,-29.3,-12.0,0.0,2.0
4.714,-58.7,-53.3,-42.7,-28.0,-13.3,-2.7,-56.7,-47.3,-30.7,-12.7,-1.3,2.0
4.721,-58.7,-54.7,-43.3,-29.3,-14.7,-4.0,-56.7,-48.0,-32.0,-14.7,-2.7,1.3
4.728,-58.7,-55.3,-44.7,-30.7,-16.7,-4.7,-56.7,-48.7,-34.0,-16.0,-3.3,1.3
4.735,-58.7,-56.0,-46.0,-32.7,-18.0,-6.0,-57.3,-50.7,-35.3,-16.7,-4.0,0.0
4.742,-58.7,-56.7,-47.3,-34.0,-19.3,-6.7,-57.3,-51.3,-36.0,-17.3,-4.7,-0.7
4.749,-58.7,-57.3,-48.7,-35.3,-20.7,-8.0,-57.3,-52.7,-37.3,-18.7,-6.0,-2.0
4.756,-58.0,-57.3,-50.0,-37.3,-22.7,-8.7,-57.3,-53.3,-38.7,-19.3,-6.7,-2.7
4.763,-58.0,-58.0,-51.3,-38.7,-24.0,-10.0,-57.3,-54.0,-40.0,-21.3,-8.0,-4.0
4.771,-57.3,-58.7,-52.0,-40.0,-25.3,-11.3,-8.0,-57.3,-54.7,-41.3,-21.3,-9.3
4.776,-57.3,-58.7,-52.7,-41.3,-26.7,-12.7,-57.3,-55.3,-42.7,-23.3,-10.0,-6.0
4.783,-56.7,-58.7,-54.0,-42.7,-28.0,-13.3,-57.3,-57.3,-55.3,-24.7,-45.3,-10.7
4.790,-56.0,-59.3,-54.7,-44.0,-29.3,-14.7,-10.7,-57.3,-56.0,-46.7,-25.3,-11.3
4.796,-55.3,-59.3,-55.3,-44.7,-30.7,-16.0,-56.7,-56.0,-48.0,-26.7,-12.7,-8.7
4.803,-54.7,-59.3,-56.0,-46.0,-32.0,-17.3,-12.7,-8.7,-56.7,-56.0,-49.3,-27.3
4.808,-54.0,-59.3,-56.7,-47.3,-33.3,-18.7,-56.0,-56.0,-56.7,-50.7,-28.7,-14.7
4.814,-53.3,-58.7,-57.3,-48.0,-34.7,-20.0,-56.0,-56.7,-52.0,-30.0,-15.3,-12.7
4.821,-52.7,-58.7,-57.3,-49.3,-36.0,-21.3,-15.3,-55.3,-56.7,-52.7,-30.7,-16.7
4.826,-51.3,-58.7,-58.0,-50.0,-37.3,-22.0,-54.7,-54.7,-56.7,-53.3,-32.0,-17.3
4.832,-50.7,-58.0,-58.0,-51.3,-38.7,-23.3,-53.3,-56.7,-54.0,-33.3,-18.7,-16.7
4.839,-50.0,-58.0,-58.7,-52.0,-40.0,-25.3,-52.7,-56.7,-54.7,-34.0,-19.3,-18.0
4.846,-48.7,-57.3,-58.7,-53.3,-41.3,-26.7,-51.3,-56.7,-55.3,-35.3,-20.7,-20.7
4.853,-47.3,-56.7,-59.3,-54.0,-42.7,-28.0,-20.7,-50.0,-56.7,-56.0,-36.7,-21.3
4.858,-46.7,-56.7,-59.3,-54.7,-43.3,-29.3,-21.3,-50.0,-56.7,-56.0,-38.0,-22.7
4.863,-46.0,-56.0,-59.3,-55.3,-44.7,-30.0,-49.3,-56.7,-56.7,-39.3,-24.0,-23.3
4.870,-44.7,-55.3,-59.3,-56.0,-46.0,-31.3,-47.3,-56.0,-56.7,-40.7,-25.3,-26.0
4.877,-43.3,-54.7,-59.3,-56.7,-47.3,-33.3,-46.0,-56.0,-56.7,-42.0,-26.0,-27.3
4.884,-42.0,-54.0,-59.3,-57.3,-48.0,-34.7,-26.0,-45.3,-55.3,-56.7,-43.3,-27.3
4.889,-41.3,-53.3,-59.3,-57.3,-49.3,-35.3,-44.0,-54.7,-56.7,-56.7,-44.7,-28.7
4.897,-39.3,-52.0,-58.7,-58.0,-50.7,-37.3,-43.3,-54.0,-56.7,-46.0,-30.0,-32.0
4.904,-38.0,-51.3,-58.7,-58.7,-51.3,-38.7,-42.0,-53.3,-56.7,-46.7,-32.0,-33.3
4.911,-36.7,-50.0,-58.0,-58.7,-52.7,-40.0,-41.3,-53.3,-56.7,-49.3,-33.3,-34.0
4.918,-35.3,-48.7,-57.3,-59.3,-53.3,-41.3,-33.3,-40.0,-52.7,-56.7,-50.7,-34.7
4.923,-34.0,-48.0,-57.3,-59.3,-54.0,-42.7,-39.3,-51.3,-51.3,-56.7,-51.3,-36.0
4.930,-32.7,-46.7,-56.7,-59.3,-54.7,-44.0,-38.0,-50.7,-56.7,-52.7,-37.3,-38.0
4.937,-31.3,-45.3,-56.0,-59.3,-55.3,-45.3,-36.7,-49.3,-56.0,-54.0,-40.0,-39.3
4.944,-30.0,-44.0,-55.3,-59.3,-56.0,-46.0,-34.0,-47.3,-56.0,-54.7,-41.3,-41.3
4.951,-28.0,-43.3,-54.7,-59.3,-56.7,-47.3,-32.7,-46.0,-55.3,-55.3,-42.0,-42.7
4.958,-26.7,-42.0,-53.3,-59.3,-57.3,-48.7,-31.3,-44.7,-54.7,-56.0,-43.3,-44.0
4.965,-25.3,-40.0,-52.7,-59.3,-58.0,-50.0,-29.3,-43.3,-54.7,-56.0,-44.7,-44.7
4.972,-24.0,-38.7,-51.3,-58.7,-58.7,-50.7,-28.0,-42.7,-54.0,-56.0,-46.0,-46.0
4.979,-22.7,-37.3,-50.7,-58.7,-58.7,-52.0,-46.0,-26.7,-41.3,-53.3,-56.0,-47.3
4.985,-21.3,-36.7,-50.0,-58.0,-59.3,-52.7,-25.3,-40.0,-52.7,-56.0,-48.7,-48.0
4.992,-20.0,-35.3,-48.7,-57.3,-59.3,-53.3,-24.7,-39.3,-52.0,-56.0,-52.0,-49.3
4.999,-18.7,-33.3,-48.0,-56.7,-59.3,-54.7,-23.3,-38.0,-50.7,-56.0,-54.0,-50.0
5.006,-17.3,-32.0,-46.7,-56.7,-59.3,-55.3,-22.0,-36.7,-49.3,-56.0,-55.3,-51.3
5.013,-16.0,-30.7,-45.3,-56.0,-59.3,-56.0,-20.7,-35.3,-48.0,-56.0,-56.7,-52.0
5.020,-14.7,-29.3,-44.0,-54.7,-59.3,-56.7,-18.0,-32.7,-46.7,-56.0,-57.3,-54.0
5.027,-13.3,-28.0,-42.7,-54.0,-59.3,-57.3,-17.3,-31.3,-46.0,-56.0,-58.0,-54.7
5.034,-12.0,-26.0,-41.3,-53.3,-59.3,-58.0,-16.0,-30.0,-44.7,-55.3,-58.7,-56.0
5.041,-10.7,-24.7,-40.0,-52.0,-58.7,-58.0,-14.7,-28.7,-43.3,-55.3,-58.7,-56.7
5.048,-10.0,-23.3,-38.7,-51.3,-58.7,-58.7,-13.3,-27.3,-42.7,-54.7,-58.7,-57.3
5.055,-8.7,-22.0,-37.3,-50.0,-58.0,-58.7,-12.7,-26.0,-41.3,-52.7,-58.7,-58.0
5.062,-8.0,-20.7,-35.3,-49.3,-58.0,-59.3,-11.3,-24.7,-39.3,-52.0,-58.7,-58.7
5.069,-6.7,-19.3,-34.0,-48.0,-57.3,-59.3,-10.7,-24.0,-38.0,-50.7,-58.7,-58.7
5.076,-6.0,-18.0,-32.7,-46.7,-56.7,-59.3,-8.7,-21.3,-36.7,-50.0,-58.7,-59.3
5.083,-5.3,-16.7,-31.3,-45.3,-56.0,-59.3,-7.3,-20.0,-34.7,-48.7,-58.0,-59.3
5.090,-4.0,-15.3,-30.0,-44.7,-55.3,-59.3,-6.7,-18.7,-33.3,-48.0,-58.0,-59.3
5.097,-3.3,-14.0,-28.7,-43.3,-54.7,-59.3,-5.3,-17.3,-32.0,-47.3,-57.3,-59.3
5.104,-2.7,-12.7,-27.3,-42.0,-54.0,-59.3,-4.7,-16.0,-31.3,-46.0,-57.3,-59.3
5.111,-2.0,-11.3,-25.3,-40.7,-52.7,-59.3,-4.0,-14.7,-30.0,-45.3,-56.0,-59.3
5.118,-1.3,-10.7,-24.0,-39.3,-52.0,-58.7,-3.3,-14.0,-28.7,-43.3,-55.3,-59.3
5.125,-1.3,-9.3,-22.7,-38.0,-50.7,-58.7,-2.7,-12.7,-26.7,-42.0,-54.7,-59.3
5.132,-0.7,-8.7,-21.3,-36.7,-50.0,-58.0,-2.0,-12.0,-25.3,-41.3,-54.0,-59.3
5.139,-0.7,-7.3,-20.0,-34.7,-48.7,-57.3,-1.3,-10.0,-23.3,-40.0,-53.3,-59.3
5.146,0.0,-6.0,-18.7,-33.3,-47.3,-57.3,-0.7,-8.7,-22.0,-38.7,-52.7,-58.7
5.153,0.0,-5.3,-17.3,-32.0,-46.0,-56.0,-0.7,-7.3,-21.3,-38.0,-52.0,-58.7
5.160,0.0,-4.7,-16.0,-30.7,-45.3,-55.3,0.0,-6.7,-20.7,-37.3,-51.3,-58.0
5.167,0.0,-4.0,-14.7,-28.7,-44.0,-54.7,0.0,-6.0,-19.3,-36.0,-50.0,-58.0
5.174,0.0,-3.3,-13.3,-27.3,-42.7,-54.0,0.0,-5.3,-18.7,-34.0,-49.3,-57.3
5.181,0.0,-2.7,-12.0,-26.0,-41.3,-53.3,0.0,-4.7,-18.0,-32.7,-48.0,-56.7
5.188,0.0,-2.0,-10.7,-24.7,-40.0,-52.0,0.0,-4.0,-16.0,-31.3,-47.3,-56.7
5.195,0.0,-1.3,-10.0,-23.3,-38.7,-51.3,0.0,-3.3,-14.7,-30.0,-46.0,-56.0
5.202,-0.7,-0.7,-8.7,-22.0,-37.3,-50.0,0.0,-2.7,-13.3,-28.7,-45.3,-55.3
5.209,-0.7,-0.7,-8.0,-20.7,-35.3,-49.3,0.0,-2.7,-12.7,-27.3,-44.7,-54.7
5.216,-1.3,0.0,-6.7,-19.3,-34.0,-48.0,0.0,-2.0,-12.0,-26.7,-44.0,-54.0
5.223,-1.3,0.0,-6.0,-18.0,-32.7,-46.7,0.0,-2.0,-10.7,-26.0,-43.3,-53.3
5.230,-2.0,0.0,-4.7,-16.0,-31.3,-45.3,-0.7,-1.3,-10.0,-24.7,-41.3,-52.7
5.237,-2.7,0.0,-4.0,-15.3,-29.3,-44.7,-0.7,-1.3,-9.3,-22.7,-41.3,-52.0
5.244,-3.3,0.0,-3.3,-14.0,-28.0,-43.3,-1.3,-0.7,-7.3,-21.3,-40.7,-51.3
5.251,-4.0,0.0,-2.7,-12.7,-26.7,-42.0,-1.3,-0.7,-6.7,-20.0,-40.0,-50.7
5.258,-5.3,0.0,-2.0,-11.3,-25.3,-40.7,-2.7,-0.7,-6.0,-18.7,-40.0,-48.7
5.265,-6.0,0.0,-1.3,-10.0,-24.0,-39.3,-3.3,-0.7,-5.3,-18.0,-40.0,-48.0
5.272,-6.7,0.0,-1.3,-9.3,-22.7,-37.3,-40.0,-4.0,-0.7,-4.7,-16.7,-40.0
5.277,-8.0,-0.7,-0.7,-8.7,-21.3,-36.7,-4.7,-0.7,-4.0,-4.0,-16.0,-40.0
5.283,-8.7,-0.7,-0.7,-7.3,-20.0,-35.3,-6.0,-0.7,-3.3,-14.7,-40.0,-44.7
5.290,-10.0,-1.3,0.0,-6.7,-18.7,-34.0,-6.7,-0.7,-3.3,-14.0,-40.0,-44.0
5.297,-10.7,-2.0,0.0,-5.3,-17.3,-32.7,-7.3,-0.7,-2.7,-12.7,-40.0,-42.7
5.304,-12.0,-2.0,0.0,-4.7,-16.0,-31.3,-8.7,-0.7,-2.0,-12.0,-40.0,-41.3
5.311,-13.3,-2.7,0.0,-4.0,-15.3,-29.3,-9.3,-0.7,-2.0,-10.0,-40.0,-40.0
5.318,-14.0,-3.3,0.0,-3.3,-14.0,-28.0,-10.0,-1.3,-1.3,-8.7,-40.0,-38.7
5.325,-15.3,-4.0,0.0,-2.7,-12.7,-26.7,-11.3,-2.0,-1.3,-8.0,-40.0,-36.7
5.332,-16.7,-5.3,0.0,-2.0,-11.3,-25.3,-13.3,-2.7,-1.3,-7.3,-40.0,-35.3
5.339,-18.0,-6.0,0.0,-1.3,-10.7,-24.0,-14.0,-3.3,-1.3,-6.7,-40.0,-34.0
5.346,-19.3,-6.7,0.0,-1.3,-9.3,-22.7,-15.3,-4.0,-1.3,-6.0,-40.0,-32.0
5.353,-20.7,-8.0,-0.7,-0.7,-8.7,-21.3,-16.7,-5.3,-1.3,-5.3,-39.3,-30.7
5.360,-22.0,-8.7,-0.7,-0.7,-7.3,-20.0,-18.0,-6.0,-1.3,-4.7,-39.3,-29.3
5.367,-23.3,-10.0,-1.3,0.0,-6.7,-18.7,-18.7,-6.7,-1.3,-3.3,-38.7,-28.0
5.374,-24.7,-10.7,-2.0,0.0,-5.3,-17.3,-20.0,-7.3,-1.3,-2.7,-38.0,-26.0
5.381,-26.0,-12.0,-2.7,0.0,-4.7,-16.0,-20.7,-8.0,-1.3,-2.7,-37.3,-24.7
5.388,-27.3,-13.3,-2.7,0.0,-4.0,-14.7,-23.3,-10.0,-1.3,-2.7,-37.3,-22.0
5.395,-28.7,-14.0,-3.3,0.0,-3.3,-14.0,-24.7,-10.7,-2.0,-2.7,-36.7,-20.0
5.402,-30.0,-15.3,-4.0,0.0,-2.7,-12.7,-26.0,-12.0,-2.7,-2.7,-36.0,-18.7
5.409,-31.3,-16.7,-5.3,0.0,-2.0,-11.3,-27.3,-12.7,-2.7,-2.7,-34.7,-17.3
5.416,-32.7,-18.0,-6.0,0.0,-1.3,-10.7,-28.7,-14.0,-3.3,-2.7,-34.0,-16.0
5.423,-34.0,-19.3,-6.7,0.0,-1.3,-9.3,-29.3,-14.7,-4.0,-2.7,-32.0,-14.7
5.430,-35.3,-20.7,-8.0,-0.7,-0.7,-8.7,-30.7,-16.0,-4.7,-2.7,-30.7,-14.0
5.437,-36.7,-22.0,-8.7,-0.7,-0.7,-7.3,-32.0,-17.3,-6.0,-2.7,-29.3,-12.7
5.444,-38.0,-23.3,-10.0,-1.3,0.0,-6.7,-32.7,-18.0,-7.3,-2.7,-28.0,-10.7
5.451,-39.3,-24.7,-10.7,-2.0,0.0,-5.3,-35.3,-20.7,-8.0,-2.7,-26.7,-10.0
5.458,-40.7,-26.0,-12.0,-2.7,0.0,-4.7,-36.7,-22.0,-9.3,-2.7,-25.3,-8.7
5.465,-42.0,-27.3,-13.3,-3.3,0.0,-4.0,-38.0,-23.3,-10.0,-2.7,-24.0,-8.0
5.472,-43.3,-28.7,-14.0,-4.0,0.0,-3.3,-38.7,-24.7,-11.3,-2.7,-22.0,-6.7
5.479,-44.7,-30.0,-15.3,-4.7,0.0,-2.7,-40.0,-25.3,-12.0,-2.7,-19.3,-6.0
5.486,-46.0,-31.3,-16.7,-5.3,0.0,-2.0,-41.3,-26.7,-12.7,-4.0,-17.3,-5.3
5.493,-46.7,-32.7,-18.0,-6.0,0.0,-1.3,-42.0,-27.3,-14.7,-4.7,-15.3,-4.7
5.500,-48.0,-34.0,-19.3,-6.7,0.0,-1.3,-43.3,-28.7,-16.0,-5.3,-14.0,-4.0
5.507,-49.3,-35.3,-20.7,-8.0,-0.7,-0.7,-45.3,-31.3,-17.3,-6.0,-12.0,-2.7
5.514,-50.0,-36.7,-22.0,-8.7,-0.7,-0.7,-46.7,-32.7,-18.7,-6.7,-10.0,-2.7
5.521,-51.3,-38.0,-23.3,-10.0,-1.3,0.0,-48.0,-34.0,-20.0,-7.3,-8.0,-2.0
5.528,-52.0,-39.3,-24.7,-10.7,-2.0,0.0,-48.7,-35.3,-20.7,-8.0,-6.0,-1.3
5.535,-52.7,-40.7,-26.0,-12.0,-2.7,0.0,-50.0,-36.0,-21.3,-8.7,-3.3,-1.3
5.542,-54.0,-42.0,-27.3,-13.3,-3.3,0.0,-50.7,-37.3,-22.7,-10.0,-2.0,-0.7
5.549,-54.7,-43.3,-28.7,-14.0,-4.0,0.0,-51.3,-38.0,-24.7,-11.3,-2.0,-0.7
5.556,-55.3,-44.7,-30.0,-15.3,-4.7,0.0,-52.0,-39.3,-26.0,-12.0,-2.0,-0.7
5.563,-56.0,-46.0,-31.3,-16.7,-5.3,0.0,-53.3,-42.0,-27.3,-13.3,-2.0,0.0
5.570,-56.7,-47.3,-32.7,-18.0,-6.0,0.0,-54.0,-43.3,-28.7,-14.7,-2.7,0.0
5.577,-57.3,-48.0,-34.0,-19.3,-6.7,0.0,-55.3,-44.7,-30.0,-15.3,-3.3,0.0
5.584,-58.0,-49.3,-35.3,-20.7,-8.0,-0.7,-56.0,-45.3,-30.7,-16.0,-3.3,0.7
5.591,-58.0,-50.0,-36.7,-22.0,-8.7,-0.7,-56.0,-46.7,-32.0,-16.7,-4.0,0.7
5.598,-58.7,-51.3,-38.0,-23.3,-10.0,-1.3,-56.7,-47.3,-32.7,-17.3,-4.7,0.7
5.605,-59.3,-52.0,-39.3,-24.7,-10.7,-2.0,-57.3,-48.7,-33.3,-18.7,-4.7,0.7
5.612,-59.3,-52.7,-40.7,-26.0,-12.0,-2.7,-58.0,-49.3,-35.3,-19.3,-5.3,0.7
5.619,-59.3,-54.0,-42.0,-27.3,-13.3,-3.3,-58.7,-50.7,-36.7,-20.7,-6.0,0.7
5.626,-59.3,-54.7,-43.3,-28.7,-14.0,-4.0,-59.3,-52.0,-37.3,-21.3,-6.0,0.0
5.633,-59.3,-55.3,-44.7,-30.0,-15.3,-4.7,-59.3,-52.7,-38.7,-22.0,-6.7,-0.7
5.640,-59.3,-56.0,-46.0,-31.3,-16.7,-5.3,-59.3,-54.0,-40.0,-22.7,-7.3,-0.7
5.648,-59.3,-56.7,-47.3,-32.7,-18.0,-6.0,-59.3,-54.0,-40.7,-23.3,-8.0,-1.3
5.655,-59.3,-57.3,-48.7,-34.7,-19.3,-7.3,-59.3,-54.7,-41.3,-24.7,-8.7,-2.0
5.662,-59.3,-58.0,-49.3,-36.0,-20.7,-8.0,-59.3,-55.3,-43.3,-26.0,-9.3,-2.0
5.670,-58.7,-58.7,-50.7,-37.3,-22.0,-9.3,-9.3,-59.3,-55.3,-44.7,-26.7,-10.0
5.675,-58.7,-58.7,-51.3,-38.0,-23.3,-10.0,-59.3,-55.3,-45.3,-28.0,-10.7,-3.3
5.682,-58.7,-59.3,-52.0,-39.3,-24.7,-10.7,-58.7,-56.0,-46.7,-28.7,-11.3,-5.3
5.689,-58.0,-59.3,-53.3,-40.7,-26.0,-12.0,-58.7,-56.7,-47.3,-30.0,-12.0,-6.0
5.697,-57.3,-59.3,-54.0,-42.7,-27.3,-13.3,-58.7,-56.7,-48.0,-30.7,-12.7,-7.3
5.704,-56.7,-59.3,-54.7,-43.3,-29.3,-14.7,-58.0,-56.7,-48.7,-31.3,-14.0,-8.0
5.711,-56.0,-59.3,-55.3,-44.7,-30.7,-16.0,-58.0,-56.7,-49.3,-33.3,-14.7,-9.3
5.718,-55.3,-59.3,-56.0,-46.0,-32.0,-16.7,-57.3,-56.7,-50.7,-34.7,-15.3,-10.0
5.725,-54.7,-59.3,-56.7,-47.3,-33.3,-18.7,-56.7,-56.7,-51.3,-35.3,-16.7,-12.7
5.732,-54.0,-59.3,-57.3,-48.7,-34.7,-20.0,-56.0,-57.3,-52.0,-36.7,-17.3,-14.0
5.739,-52.7,-59.3,-58.0,-49.3,-36.0,-21.3,-17.3,-55.3,-57.3,-52.7,-37.3,-18.7
5.744,-52.0,-59.3,-58.0,-50.0,-37.3,-22.0,-54.7,-54.7,-57.3,-53.3,-38.7,-19.3
5.751,-51.3,-58.7,-58.7,-51.3,-38.0,-23.3,-53.3,-57.3,-54.0,-39.3,-20.0,-18.0
5.758,-50.0,-58.7,-59.3,-52.0,-39.3,-24.7,-52.7,-57.3,-54.0,-40.7,-21.3,-18.7
5.765,-49.3,-58.0,-59.3,-53.3,-41.3,-26.0,-52.0,-57.3,-52.0,-41.3,-22.0,-20.0
5.772,-48.0,-57.3,-59.3,-54.0,-42.7,-27.3,-50.7,-57.3,-55.3,-42.7,-23.3,-21.3
5.779,-47.3,-56.7,-59.3,-54.7,-43.3,-28.7,-50.0,-57.3,-56.0,-44.7,-24.7,-22.0
5.786,-46.0,-56.0,-59.3,-55.3,-44.7,-30.7,-49.3,-56.7,-56.0,-45.3,-25.3,-23.3
5.793,-44.7,-55.3,-59.3,-56.0,-46.0,-32.0,-47.3,-56.0,-56.0,-46.7,-26.7,-26.0
5.800,-43.3,-54.7,-59.3,-56.7,-47.3,-33.3,-46.7,-56.0,-56.0,-48.0,-28.0,-27.3
5.807,-42.0,-54.0,-59.3,-57.3,-48.7,-34.7,-45.3,-55.3,-56.0,-48.7,-28.7,-28.7
5.814,-40.7,-52.7,-59.3,-58.0,-49.3,-36.0,-44.7,-54.7,-56.0,-50.0,-30.7,-30.0
5.821,-39.3,-52.0,-58.7,-58.7,-50.7,-37.3,-43.3,-54.0,-56.0,-52.0,-32.0,-31.3
5.828,-38.0,-51.3,-58.7,-58.7,-51.3,-38.7,-42.7,-53.3,-56.0,-52.7,-32.7,-32.0
5.835,-36.7,-50.0,-58.0,-59.3,-52.7,-40.0,-41.3,-53.3,-56.0,-54.0,-34.0,-33.3
5.842,-35.3,-49.3,-58.0,-59.3,-53.3,-41.3,-40.7,-51.3,-56.0,-54.7,-34.7,-36.0
5.849,-34.0,-48.0,-57.3,-59.3,-54.0,-42.7,-38.0,-50.7,-56.0,-55.3,-36.0,-37.3
5.856,-32.7,-46.7,-56.7,-59.3,-54.7,-44.0,-36.7,-50.0,-56.0,-55.3,-37.3,-38.7
5.863,-31.3,-46.0,-56.0,-59.3,-55.3,-45.3,-35.3,-48.7,-56.0,-56.0,-38.7,-40.0
5.870,-30.0,-44.7,-55.3,-59.3,-56.0,-46.0,-34.0,-47.3,-56.0,-56.0,-40.0,-41.3
5.877,-28.7,-43.3,-54.7,-59.3,-56.7,-47.3,-32.7,-46.7,-56.0,-56.0,-42.7,-42.7
5.884,-27.3,-42.0,-54.0,-59.3,-57.3,-48.7,-31.3,-46.0,-56.0,-56.0,-44.0,-43.3
5.891,-26.0,-40.7,-52.7,-59.3,-58.0,-49.3,-30.7,-44.7,-54.7,-56.0,-45.3,-44.7
5.898,-24.0,-39.3,-52.0,-58.7,-58.7,-50.7,-29.3,-44.0,-54.0,-56.0,-46.7,-45.3
5.905,-22.7,-38.0,-51.3,-58.7,-58.7,-51.3,-26.7,-41.3,-53.3,-56.0,-48.0,-47.3
5.912,-21.3,-36.7,-50.0,-58.0,-59.3,-52.7,-25.3,-40.0,-52.7,-56.0,-50.0,-48.7
5.919,-20.0,-35.3,-49.3,-58.0,-59.3,-53.3,-24.0,-38.7,-52.0,-56.0,-51.3,-50.0
5.926,-18.7,-34.0,-48.0,-57.3,-59.3,-54.0,-22.7,-38.0,-50.7,-56.0,-52.7,-50.7
5.933,-17.3,-32.7,-46.7,-56.7,-59.3,-54.7,-21.3,-36.7,-50.0,-56.0,-55.3,-52.0
5.940,-16.0,-31.3,-46.0,-56.0,-59.3,-55.3,-20.7,-36.0,-49.3,-56.0,-56.7,-52.7
5.947,-15.3,-30.0,-44.7,-55.3,-59.3,-56.0,-19.3,-34.7,-48.7,-56.0,-57.3,-53.3
5.954,-14.0,-28.7,-43.3,-54.7,-59.3,-56.7,-18.7,-34.0,-46.7,-56.0,-57.3,-54.0
5.961,-12.7,-27.3,-42.0,-54.0,-59.3,-57.3,-17.3,-32.7,-45.3,-55.3,-58.0,-55.3
5.968,-11.3,-26.0,-40.7,-52.7,-59.3,-58.0,-15.3,-30.0,-44.0,-55.3,-58.0,-56.0
5.975,-10.7,-24.0,-39.3,-52.0,-58.7,-58.7,-14.0,-28.7,-42.7,-54.7,-58.7,-56.7
5.982,-9.3,-22.7,-38.0,-50.7,-58.7,-58.7,-12.7,-27.3,-41.3,-54.0,-58.7,-57.3
5.989,-8.7,-21.3,-36.7,-50.0,-58.0,-59.3,-12.0,-25.3,-40.7,-53.3,-58.7,-58.7
5.996,-7.3,-20.0,-35.3,-49.3,-58.0,-59.3,-10.7,-24.0,-39.3,-52.7,-58.7,-58.7
6.003,-6.7,-18.7,-34.0,-48.0,-57.3,-59.3,-10.0,-23.3,-38.7,-50.7,-58.7,-59.3
6.010,-6.0,-17.3,-32.7,-46.7,-56.7,-59.3,-9.3,-22.0,-36.0,-50.0,-58.7,-59.3
6.017,-4.7,-16.0,-31.3,-46.0,-56.0,-59.3,-8.0,-20.7,-34.7,-48.7,-58.0,-60.0
6.024,-4.0,-15.3,-29.3,-44.7,-55.3,-59.3,-6.7,-18.0,-33.3,-48.0,-58.0,-60.0
6.031,-3.3,-14.0,-28.7,-43.3,-54.7,-59.3,-5.3,-16.7,-32.0,-46.7,-57.3,-60.0
6.038,-2.7,-12.7,-27.3,-42.0,-54.0,-59.3,-4.7,-15.3,-30.7,-46.0,-57.3,-60.0
6.045,-2.0,-11.3,-26.0,-40.7,-52.7,-59.3,-4.0,-14.0,-29.3,-45.3,-57.3,-60.0
6.052,-2.0,-10.7,-24.0,-39.3,-52.0,-58.7,-3.3,-13.3,-28.7,-44.7,-56.7,-60.0
6.059,-1.3,-9.3,-22.7,-38.0,-50.7,-58.7,-2.7,-12.0,-27.3,-43.3,-56.0,-60.0
6.066,-0.7,-8.7,-21.3,-36.7,-50.0,-58.0,-2.0,-11.3,-26.7,-42.7,-55.3,-60.0
6.073,-0.7,-7.3,-20.0,-35.3,-48.7,-58.0,-2.0,-10.7,-24.0,-41.3,-55.3,-59.3
6.080,0.0,-6.7,-18.7,-34.0,-48.0,-57.3,-1.3,-9.3,-23.3,-40.7,-54.7,-59.3
6.087,0.0,-6.0,-17.3,-32.7,-46.7,-56.7,-0.7,-8.0,-22.0,-40.0,-54.0,-59.3
6.094,0.0,-4.7,-16.0,-31.3,-46.0,-56.0,0.0,-6.7,-20.7,-38.7,-53.3,-58.7
6.101,0.0,-4.0,-15.3,-29.3,-44.7,-55.3,0.0,-6.0,-20.0,-38.0,-53.3,-58.7
6.108,0.0,-3.3,-14.0,-28.0,-43.3,-54.7,0.0,-5.3,-19.3,-37.3,-52.7,-58.0
6.115,0.0,-2.7,-12.7,-26.7,-42.0,-54.0,0.0,-5.3,-18.0,-36.0,-51.3,-58.0
6.122,0.0,-2.0,-11.3,-25.3,-40.7,-52.7,0.0,-4.7,-17.3,-34.0,-50.7,-57.3
6.129,0.0,-2.0,-10.7,-24.0,-39.3,-52.0,0.0,-4.0,-16.0,-32.7,-50.7,-57.3
6.136,0.0,-1.3,-9.3,-22.7,-38.0,-50.7,0.0,-4.0,-15.3,-31.3,-50.0,-56.0
6.143,-0.7,-0.7,-8.7,-21.3,-36.7,-50.0,0.0,-3.3,-14.0,-30.0,-49.3,-55.3
6.150,-0.7,-0.7,-7.3,-20.0,-35.3,-48.7,0.0,-2.7,-13.3,-28.7,-48.7,-54.7
6.157,-1.3,0.0,-6.7,-18.7,-34.0,-48.0,0.0,-2.7,-12.7,-28.0,-48.0,-54.0
6.165,-2.0,0.0,-5.3,-17.3,-32.0,-46.7,-0.7,-2.7,-11.3,-26.7,-47.3,-53.3
6.172,-2.7,0.0,-4.7,-16.0,-30.7,-45.3,-0.7,-2.0,-10.7,-24.7,-46.7,-52.7
6.179,-3.3,0.0,-4.0,-14.7,-29.3,-44.0,-1.3,-2.0,-9.3,-23.3,-46.7,-52.0
6.187,-4.0,0.0,-3.3,-13.3,-28.0,-42.7,-1.3,-1.3,-8.0,-22.0,-46.0,-50.0
6.194,-4.7,0.0,-2.7,-12.7,-26.7,-41.3,-2.7,-1.3,-7.3,-21.3,-46.0,-49.3
6.201,-5.3,0.0,-2.0,-11.3,-25.3,-40.0,-3.3,-1.3,-6.7,-20.0,-46.0,-48.0
6.208,-6.0,0.0,-1.3,-10.0,-24.0,-38.7,-4.0,-0.7,-6.0,-18.7,-45.3,-46.7
6.215,-6.7,0.0,-1.3,-9.3,-22.7,-37.3,-4.7,-0.7,-5.3,-17.3,-45.3,-46.0
6.222,-8.0,-0.7,-0.7,-8.0,-21.3,-36.0,-5.3,-0.7,-4.7,-15.3,-45.3,-44.7
6.229,-9.3,-0.7,0.0,-7.3,-20.0,-34.7,-6.0,-0.7,-3.3,-14.0,-45.3,-44.0
6.236,-10.0,-1.3,0.0,-6.0,-18.7,-33.3,-6.7,-0.7,-2.7,-13.3,-45.3,-42.7
6.243,-10.7,-2.0,0.0,-5.3,-17.3,-32.0,-8.0,-0.7,-2.7,-12.0,-45.3,-40.7
6.250,-12.0,-2.7,0.0,-4.7,-16.0,-30.7,-8.7,-1.3,-2.0,-10.7,-45.3,-39.3
6.257,-13.3,-3.3,0.0,-4.0,-14.7,-29.3,-10.0,-1.3,-1.3,-10.0,-45.3,-38.0
6.264,-14.7,-4.0,0.0,-3.3,-13.3,-28.0,-10.7,-2.0,-1.3,-9.3,-45.3,-36.7
6.271,-16.0,-4.7,0.0,-2.7,-12.0,-26.7,-12.0,-2.7,-1.3,-8.7,-45.3,-35.3
6.278,-16.7,-5.3,0.0,-2.0,-11.3,-24.7,-12.7,-3.3,-1.3,-6.7,-45.3,-34.0
6.285,-18.0,-6.0,0.0,-1.3,-10.0,-23.3,-14.0,-3.3,-0.7,-6.0,-45.3,-32.7
6.292,-19.3,-7.3,0.0,-1.3,-9.3,-22.0,-14.7,-4.0,-0.7,-5.3,-45.3,-31.3
6.299,-20.7,-8.0,-0.7,-0.7,-8.0,-20.7,-16.7,-5.3,-0.7,-4.7,-44.7,-28.7
6.306,-22.0,-9.3,-1.3,0.0,-7.3,-19.3,-18.0,-6.0,-0.7,-4.0,-44.7,-27.3
6.313,-23.3,-10.0,-1.3,0.0,-6.0,-18.0,-19.3,-6.7,-0.7,-3.3,-44.0,-26.0
6.320,-24.7,-11.3,-2.0,0.0,-5.3,-16.7,-20.7,-8.0,-0.7,-3.3,-44.0,-24.0
6.327,-26.7,-12.0,-2.7,0.0,-4.7,-16.0,-21.3,-8.7,-1.3,-2.7,-42.7,-22.7
6.334,-28.0,-13.3,-3.3,0.0,-4.0,-14.7,-22.7,-9.3,-1.3,-2.7,-42.0,-21.3
6.341,-29.3,-14.7,-4.0,0.0,-3.3,-13.3,-24.0,-10.0,-1.3,-2.0,-41.3,-20.0
6.348,-30.7,-16.0,-4.7,0.0,-2.7,-12.0,-25.3,-11.3,-2.7,-2.0,-40.7,-18.7
6.355,-32.0,-17.3,-5.3,0.0,-2.0,-11.3,-26.7,-12.0,-3.3,-2.0,-40.0,-16.0
6.362,-33.3,-18.7,-6.0,0.0,-1.3,-10.0,-29.3,-14.7,-4.0,-2.0,-38.7,-14.7
6.369,-34.7,-20.0,-7.3,0.0,-0.7,-9.3,-30.7,-16.0,-4.7,-2.0,-37.3,-13.3
6.376,-36.0,-21.3,-8.0,-0.7,-0.7,-8.0,-32.0,-17.3,-5.3,-2.0,-36.0,-12.7
6.383,-37.3,-22.7,-9.3,-1.3,0.0,-7.3,-33.3,-18.0,-6.0,-2.0,-34.7,-11.3
6.390,-38.7,-23.3,-10.0,-1.3,0.0,-6.0,-34.7,-19.3,-6.7,-2.0,-32.0,-10.7
6.397,-40.0,-24.7,-11.3,-2.0,0.0,-5.3,-35.3,-20.7,-7.3,-2.0,-30.7,-10.0
6.404,-41.3,-26.7,-12.0,-2.7,0.0,-4.7,-36.7,-21.3,-9.3,-2.0,-28.7,-8.7
6.411,-42.7,-28.0,-13.3,-3.3,0.0,-4.0,-37.3,-22.7,-10.0,-2.0,-27.3,-8.0
6.418,-44.0,-29.3,-14.7,-4.0,0.0,-3.3,-40.0,-25.3,-11.3,-2.7,-25.3,-6.7
6.425,-45.3,-30.7,-16.0,-4.7,0.0,-2.7,-41.3,-26.7,-12.7,-2.7,-23.3,-5.3
6.432,-46.0,-32.0,-17.3,-5.3,0.0,-2.0,-42.0,-28.0,-13.3,-3.3,-22.0,-4.7
6.439,-47.3,-33.3,-18.7,-6.7,0.0,-1.3,-43.3,-28.7,-14.7,-4.0,-20.0,-4.0
6.446,-48.7,-34.7,-20.0,-7.3,0.0,-0.7,-44.7,-30.0,-15.3,-4.7,-16.0,-3.3
6.453,-49.3,-36.0,-21.3,-8.0,-0.7,-0.7,-45.3,-31.3,-16.7,-6.0,-14.0,-2.7
6.460,-50.7,-37.3,-22.7,-9.3,-1.3,0.0,-46.7,-32.0,-18.7,-6.7,-12.0,-2.7
6.467,-51.3,-38.7,-24.0,-10.0,-1.3,0.0,-47.3,-33.3,-20.0,-7.3,-10.0,-2.0
6.474,-52.7,-40.0,-25.3,-11.3,-2.0,0.0,-48.7,-35.3,-21.3,-8.7,-8.0,-1.3
6.481,-53.3,-41.3,-26.7,-12.0,-2.7,0.0,-50.0,-36.7,-22.7,-9.3,-6.0,-0.7
6.488,-54.0,-42.7,-28.0,-13.3,-3.3,0.0,-51.3,-38.0,-23.3,-10.0,-4.0,-0.7
6.495,-54.7,-44.0,-29.3,-14.7,-4.0,0.0,-52.0,-39.3,-24.7,-10.7,-2.7,-0.7
6.502,-55.3,-45.3,-30.7,-16.0,-4.7,0.0,-52.7,-40.0,-25.3,-12.0,-2.0,0.0
6.509,-56.0,-46.0,-32.0,-17.3,-5.3,0.0,-53.3,-41.3,-26.7,-12.7,-2.0,0.0
6.516,-56.7,-47.3,-33.3,-18.7,-6.7,0.0,-54.0,-42.7,-28.0,-14.7,-2.7,0.0
6.523,-57.3,-48.7,-34.7,-20.0,-7.3,0.0,-54.7,-43.3,-30.0,-15.3,-3.3,0.0
6.530,-58.0,-49.3,-36.0,-21.3,-8.0,-0.7,-55.3,-44.7,-31.3,-16.7,-3.3,0.0
6.537,-58.7,-50.7,-37.3,-22.7,-9.3,-1.3,-56.7,-47.3,-32.7,-17.3,-4.0,0.7
6.544,-58.7,-51.3,-38.7,-24.0,-10.0,-1.3,-57.3,-48.7,-34.0,-18.0,-4.7,0.7
6.551,-59.3,-52.7,-40.0,-25.3,-11.3,-2.0,-58.0,-49.3,-34.7,-18.7,-4.7,0.7
6.558,-59.3,-53.3,-41.3,-26.7,-12.0,-2.7,-58.7,-50.7,-35.3,-19.3,-4.7,0.7
6.565,-59.3,-54.0,-42.7,-28.0,-13.3,-3.3,-58.7,-51.3,-36.7,-20.0,-5.3,0.7
6.572,-59.3,-54.7,-44.0,-29.3,-14.7,-4.0,-59.3,-52.0,-37.3,-21.3,-5.3,0.7
6.579,-59.3,-55.3,-45.3,-30.7,-16.0,-4.7,-59.3,-52.7,-39.3,-22.0,-6.0,0.0
6.586,-59.3,-56.7,-46.0,-32.0,-17.3,-5.3,-59.3,-53.3,-40.0,-22.7,-6.7,-0.7
6.593,-59.3,-57.3,-47.3,-33.3,-18.7,-6.7,-59.3,-54.0,-41.3,-24.0,-6.7,-1.3
6.600,-59.3,-57.3,-48.7,-34.7,-20.0,-7.3,-59.3,-54.7,-42.0,-24.7,-7.3,-2.0
6.608,-59.3,-58.0,-50.0,-36.7,-21.3,-8.7,-59.3,-55.3,-42.7,-26.7,-8.7,-2.7
6.615,-58.7,-58.7,-50.7,-38.0,-22.7,-9.3,-59.3,-55.3,-44.7,-28.0,-9.3,-3.3
6.622,-58.7,-58.7,-52.0,-39.3,-24.0,-10.7,-59.3,-56.0,-46.0,-28.7,-9.3,-4.0
6.629,-58.0,-59.3,-52.7,-40.7,-26.0,-12.0,-58.7,-56.0,-46.7,-30.0,-10.0,-5.3
6.637,-57.3,-59.3,-54.0,-42.0,-27.3,-12.7,-58.7,-56.0,-47.3,-30.7,-10.7,-6.7
6.645,-56.7,-59.3,-54.7,-43.3,-28.7,-14.0,-58.0,-56.7,-48.0,-32.0,-12.0,-7.3
6.652,-56.0,-59.3,-55.3,-44.7,-30.0,-15.3,-58.0,-56.7,-48.7,-34.0,-12.7,-8.7
6.659,-55.3,-59.3,-56.0,-46.0,-31.3,-16.7,-12.7,-57.3,-56.7,-49.3,-34.0,-13.3
6.664,-55.3,-59.3,-56.7,-46.7,-32.7,-18.0,-56.7,-56.7,-50.7,-34.7,-14.7,-10.7
6.671,-54.0,-59.3,-57.3,-48.0,-34.0,-19.3,-56.0,-56.7,-52.0,-36.7,-15.3,-12.0
6.678,-53.3,-59.3,-58.0,-48.7,-35.3,-20.7,-15.3,-56.0,-56.7,-52.7,-38.0,-16.0
6.683,-52.7,-59.3,-58.0,-50.0,-36.7,-21.3,-55.3,-57.3,-53.3,-38.7,-17.3,-14.7
6.690,-52.0,-58.7,-58.7,-50.7,-38.0,-22.7,-17.3,-54.7,-57.3,-53.3,-40.0,-18.0
6.695,-50.7,-58.7,-58.7,-51.3,-38.7,-24.0,-54.0,-57.3,-54.7,-40.7,-18.7,-16.7
6.702,-50.0,-58.0,-59.3,-52.7,-40.0,-25.3,-18.7,-52.7,-52.7,-57.3,-55.3,-42.0
6.707,-49.3,-58.0,-59.3,-53.3,-41.3,-26.7,-52.0,-52.0,-57.3,-55.3,-42.7,-20.7
6.713,-48.7,-57.3,-59.3,-54.0,-42.0,-27.3,-51.3,-57.3,-56.0,-44.0,-21.3,-20.7
6.720,-47.3,-56.7,-59.3,-54.7,-43.3,-28.7,-50.7,-56.7,-56.0,-45.3,-22.0,-22.0
6.727,-46.0,-56.0,-59.3,-55.3,-44.7,-30.0,-48.7,-56.7,-56.7,-46.0,-23.3,-24.7
6.736,-44.7,-55.3,-59.3,-56.0,-46.0,-32.0,-23.3,-48.0,-56.7,-56.7,-47.3,-24.0
6.741,-43.3,-54.7,-59.3,-56.7,-47.3,-32.7,-46.7,-56.0,-56.7,-56.7,-48.0,-24.7
6.748,-42.7,-54.0,-59.3,-57.3,-48.0,-34.7,-46.0,-55.3,-56.7,-49.3,-26.7,-28.0
6.757,-40.7,-52.7,-59.3,-58.0,-49.3,-36.0,-44.7,-54.7,-56.7,-51.3,-28.0,-29.3
6.764,-39.3,-52.0,-58.7,-58.7,-50.7,-37.3,-44.0,-54.7,-56.7,-52.7,-29.3,-30.7
6.771,-38.0,-51.3,-58.7,-58.7,-51.3,-38.7,-42.7,-54.0,-56.7,-53.3,-30.0,-32.0
6.778,-36.7,-50.0,-58.0,-59.3,-52.7,-40.0,-40.7,-52.7,-56.7,-54.0,-31.3,-34.7
6.785,-35.3,-49.3,-58.0,-59.3,-53.3,-41.3,-39.3,-51.3,-56.7,-54.7,-32.0,-36.0
6.792,-34.0,-48.0,-57.3,-59.3,-54.0,-42.7,-38.0,-50.7,-56.7,-55.3,-33.3,-37.3
6.799,-32.7,-46.7,-56.7,-59.3,-54.7,-44.0,-36.7,-50.0,-56.7,-56.0,-34.7,-38.7
6.806,-31.3,-46.0,-56.0,-59.3,-55.3,-45.3,-35.3,-48.7,-56.7,-56.0,-37.3,-40.0
6.813,-30.0,-44.7,-55.3,-59.3,-56.0,-46.0,-34.0,-48.0,-56.7,-56.0,-38.7,-41.3
6.820,-28.7,-43.3,-54.7,-59.3,-56.7,-47.3,-33.3,-47.3,-56.7,-56.0,-40.0,-42.7
6.827,-27.3,-42.0,-54.0,-59.3,-57.3,-48.7,-32.0,-46.0,-55.3,-56.0,-41.3,-44.0
6.834,-26.0,-40.7,-52.7,-59.3,-58.0,-49.3,-30.7,-45.3,-55.3,-56.0,-43.3,-44.7
6.841,-24.0,-39.3,-52.0,-58.7,-58.7,-50.7,-28.0,-42.7,-54.7,-56.0,-44.7,-46.7
6.848,-22.7,-38.0,-51.3,-58.7,-58.7,-51.3,-27.3,-41.3,-53.3,-56.0,-46.7,-48.0
6.855,-21.3,-36.7,-50.0,-58.0,-59.3,-52.7,-25.3,-40.0,-52.7,-56.0,-48.7,-49.3
6.862,-20.0,-35.3,-49.3,-58.0,-59.3,-53.3,-24.0,-39.3,-52.0,-56.0,-50.0,-50.0
6.869,-18.7,-34.0,-48.0,-57.3,-59.3,-54.0,-22.7,-38.0,-51.3,-56.0,-53.3,-50.7
6.876,-17.3,-32.7,-46.7,-56.7,-59.3,-54.7,-22.0,-37.3,-50.7,-56.0,-54.7,-51.3
6.883,-16.0,-31.3,-46.0,-56.0,-59.3,-55.3,-20.7,-36.0,-48.7,-56.0,-56.0,-52.0
6.890,-15.3,-30.0,-44.7,-55.3,-59.3,-56.0,-20.0,-35.3,-47.3,-56.0,-57.3,-52.7
6.897,-14.0,-28.7,-43.3,-54.7,-59.3,-56.7,-17.3,-32.7,-46.7,-56.0,-58.0,-54.0
6.904,-12.7,-27.3,-42.0,-54.0,-59.3,-57.3,-16.7,-31.3,-45.3,-55.3,-58.7,-55.3
6.911,-12.0,-26.0,-40.7,-52.7,-59.3,-58.0,-15.3,-30.0,-44.0,-55.3,-58.7,-56.0
6.918,-10.7,-24.0,-39.3,-52.0,-58.7,-58.7,-14.0,-28.7,-43.3,-54.7,-58.7,-56.7
6.925,-9.3,-22.7,-38.0,-51.3,-58.7,-58.7,-13.3,-27.3,-42.0,-54.0,-59.3,-57.3
6.932,-8.7,-21.3,-36.7,-50.0,-58.0,-59.3,-12.0,-26.0,-41.3,-52.7,-59.3,-58.0
6.939,-7.3,-20.0,-35.3,-49.3,-58.0,-59.3,-11.3,-24.7,-38.7,-52.0,-58.7,-58.7
6.946,-6.7,-18.7,-34.0,-48.0,-57.3,-59.3,-10.7,-23.3,-37.3,-50.7,-58.7,-59.3
6.953,-6.0,-17.3,-32.7,-46.7,-56.7,-59.3,-8.7,-20.7,-36.0,-50.0,-58.7,-60.0
6.960,-4.7,-16.0,-31.3,-46.0,-56.0,-59.3,-7.3,-19.3,-34.7,-49.3,-58.0,-60.0
6.967,-4.0,-15.3,-30.0,-44.7,-55.3,-59.3,-6.7,-18.0,-33.3,-48.0,-58.0,-60.0
6.974,-3.3,-14.0,-28.7,-43.3,-54.7,-59.3,-5.3,-16.7,-32.0,-47.3,-58.0,-59.3
6.981,-2.7,-12.7,-27.3,-42.0,-54.0,-59.3,-4.7,-15.3,-31.3,-46.7,-56.7,-59.3
6.988,-2.0,-11.3,-26.0,-40.7,-52.7,-59.3,-4.0,-14.7,-30.0,-46.0,-56.7,-59.3
6.995,-2.0,-10.7,-24.0,-39.3,-52.0,-58.7,-3.3,-14.0,-29.3,-44.0,-56.0,-59.3
7.002,-1.3,-9.3,-22.7,-38.0,-50.7,-58.7,-2.7,-12.7,-26.7,-42.7,-55.3,-59.3
7.009,-0.7,-8.7,-21.3,-36.7,-50.0,-58.0,-2.7,-12.0,-25.3,-41.3,-54.7,-59.3
7.016,-0.7,-7.3,-20.0,-35.3,-49.3,-58.0,-1.3,-10.0,-24.0,-40.7,-54.7,-59.3
7.023,0.0,-6.7,-18.7,-34.0,-48.0,-57.3,-0.7,-8.7,-22.7,-39.3,-54.0,-59.3
7.030,0.0,-6.0,-17.3,-32.7,-46.7,-56.7,-0.7,-8.0,-21.3,-38.7,-54.0,-59.3
7.037,0.0,-4.7,-16.0,-31.3,-46.0,-56.0,0.0,-6.7,-20.7,-38.0,-53.3,-58.7
7.044,0.0,-4.0,-15.3,-29.3,-44.7,-55.3,0.0,-6.0,-20.0,-37.3,-52.7,-58.7
7.051,0.0,-3.3,-14.0,-28.7,-43.3,-54.7,0.0,-6.0,-19.3,-35.3,-52.0,-58.0
7.058,0.0,-2.7,-12.7,-27.3,-42.0,-54.0,0.0,-5.3,-17.3,-34.0,-51.3,-58.0
7.065,0.0,-2.0,-11.3,-26.0,-40.7,-52.7,0.0,-4.7,-16.0,-33.3,-51.3,-58.0
7.072,0.0,-2.0,-10.7,-24.0,-39.3,-52.0,0.0,-4.0,-15.3,-32.0,-50.7,-56.7
7.079,0.0,-1.3,-9.3,-22.7,-38.0,-51.3,0.0,-2.7,-14.7,-30.7,-50.7,-56.7
7.086,-0.7,-0.7,-8.7,-21.3,-36.7,-50.0,0.0,-2.7,-13.3,-30.0,-50.7,-56.0
7.093,-0.7,-0.7,-7.3,-20.0,-35.3,-48.7,0.0,-2.0,-12.7,-29.3,-50.0,-55.3
7.101,-1.3,0.0,-6.7,-18.7,-34.0,-48.0,0.0,-2.0,-12.0,-28.0,-50.0,-54.7
7.108,-2.0,0.0,-5.3,-17.3,-32.7,-46.7,0.0,-1.3,-10.7,-26.0,-50.0,-54.0
7.115,-2.7,0.0,-4.7,-16.0,-30.7,-45.3,-0.7,-1.3,-9.3,-24.7,-50.0,-53.3
7.122,-3.3,0.0,-4.0,-14.7,-29.3,-44.0,-1.3,-0.7,-8.7,-24.0,-50.0,-52.0
7.130,-4.0,0.0,-3.3,-13.3,-28.0,-42.7,-50.0,-2.0,-0.7,-7.3,-22.7,-50.0
7.136,-4.7,0.0,-2.7,-12.7,-26.7,-42.0,-50.0,-2.7,-0.7,-6.7,-21.3,-50.0
7.141,-5.3,0.0,-2.0,-11.3,-26.0,-40.7,-3.3,-0.7,-6.0,-20.7,-50.0,-49.3
7.149,-6.0,0.0,-2.0,-10.7,-24.0,-39.3,-4.0,-0.7,-5.3,-18.0,-50.0,-48.7
